SUBTYPE	CANCER_TYPE_ACRONYM	OTHER_PATIENT_ID	AGE	SEX	AJCC_PATHOLOGIC_TUMOR_STAGE	AJCC_STAGING_EDITION	DAYS_LAST_FOLLOWUP	DAYS_TO_BIRTH	DAYS_TO_INITIAL_PATHOLOGIC_DIAGNOSIS	ETHNICITY	FORM_COMPLETION_DATE	HISTORY_NEOADJUVANT_TRTYN	ICD_10	ICD_O_3_HISTOLOGY	ICD_O_3_SITE	INFORMED_CONSENT_VERIFIED	NEW_TUMOR_EVENT_AFTER_INITIAL_TREATMENT	PATH_M_STAGE	PATH_N_STAGE	TUMOR_STAGE	PERSON_NEOPLASM_CANCER_STATUS	PRIMARY_LYMPH_NODE_PRESENTATION_ASSESSMENT	PRIOR_DX	RACE	RADIATION_THERAPY	WEIGHT	IN_PANCANPATHWAYS_FREEZE	OS_STATUS	OS_MONTHS	DSS_STATUS	DSS_MONTHS	DFS_STATUS	DFS_MONTHS	PFS_STATUS	PFS_MONTHS	GENETIC_ANCESTRY_LABEL	SAMPLE_ID	ONCOTREE_CODE	CANCER_TYPE	CANCER_TYPE_DETAILED	TUMOR_TYPE	GRADE	TISSUE_PROSPECTIVE_COLLECTION_INDICATOR	TISSUE_RETROSPECTIVE_COLLECTION_INDICATOR	TISSUE_SOURCE_SITE_CODE	TUMOR_TISSUE_SITE	ANEUPLOIDY_SCORE	SAMPLE_TYPE	MSI_SCORE_MANTIS	MSI_SENSOR_SCORE	SOMATIC_STATUS	TMB_NONSYNONYMOUS	TISSUE_SOURCE_SITE	PATIENT_ID	TREATMENT_TYPE	AGENT	MEASURE_OF_RESPONSE	APC_mutation_status	APC_mutation_effect	APC_mutation_Amino_Acid_Change	APC_mutation_SIFT	TP53_mutation_status	TP53_mutation_effect	TP53_mutation_Amino_Acid_Change	TP53_mutation_SIFT	KRAS_mutation_status	KRAS_mutation_effect	KRAS_mutation_Amino_Acid_Change	KRAS_mutation_SIFT	PIK3CA_mutation_status	PIK3CA_mutation_effect	PIK3CA_mutation_Amino_Acid_Change	PIK3CA_mutation_SIFT	FAT4_mutation_status	FAT4_mutation_effect	FAT4_mutation_Amino_Acid_Change	FAT4_mutation_SIFT	LRP1B_mutation_status	LRP1B_mutation_effect	LRP1B_mutation_Amino_Acid_Change	LRP1B_mutation_SIFT	FBXW7_mutation_status	FBXW7_mutation_effect	FBXW7_mutation_Amino_Acid_Change	FBXW7_mutation_SIFT	PCLO_mutation_status	PCLO_mutation_effect	PCLO_mutation_Amino_Acid_Change	PCLO_mutation_SIFT	ATM_mutation_status	ATM_mutation_effect	ATM_mutation_Amino_Acid_Change	ATM_mutation_SIFT	SMAD4_mutation_status	SMAD4_mutation_effect	SMAD4_mutation_Amino_Acid_Change	SMAD4_mutation_SIFT	AMER1_mutation_status	AMER1_mutation_effect	AMER1_mutation_Amino_Acid_Change	AMER1_mutation_SIFT	SOX9_mutation_status	SOX9_mutation_effect	SOX9_mutation_Amino_Acid_Change	SOX9_mutation_SIFT	KMT2D_mutation_status	KMT2D_mutation_effect	KMT2D_mutation_Amino_Acid_Change	KMT2D_mutation_SIFT	BRAF_mutation_status	BRAF_mutation_effect	BRAF_mutation_Amino_Acid_Change	BRAF_mutation_SIFT	KMT2B_mutation_status	KMT2B_mutation_effect	KMT2B_mutation_Amino_Acid_Change	KMT2B_mutation_SIFT	ARID1A_mutation_status	ARID1A_mutation_effect	ARID1A_mutation_Amino_Acid_Change	ARID1A_mutation_SIFT	TCF7L2_mutation_status	TCF7L2_mutation_effect	TCF7L2_mutation_Amino_Acid_Change	TCF7L2_mutation_SIFT	PTPRT_mutation_status	PTPRT_mutation_effect	PTPRT_mutation_Amino_Acid_Change	PTPRT_mutation_SIFT	FAT1_mutation_status	FAT1_mutation_effect	FAT1_mutation_Amino_Acid_Change	FAT1_mutation_SIFT	KMT2C_mutation_status	KMT2C_mutation_effect	KMT2C_mutation_Amino_Acid_Change	KMT2C_mutation_SIFT	RNF213_mutation_status	RNF213_mutation_effect	RNF213_mutation_Amino_Acid_Change	RNF213_mutation_SIFT	RELN_mutation_status	RELN_mutation_effect	RELN_mutation_Amino_Acid_Change	RELN_mutation_SIFT	Chr1p_CNV_status	Chr1q_CNV_status	Chr2p_CNV_status	Chr2q_CNV_status	Chr3p_CNV_status	Chr3q_CNV_status	Chr4p_CNV_status	Chr4q_CNV_status	Chr5p_CNV_status	Chr5q_CNV_status	Chr6p_CNV_status	Chr6q_CNV_status	Chr7p_CNV_status	Chr7q_CNV_status	Chr8p_CNV_status	Chr8q_CNV_status	Chr9p_CNV_status	Chr9q_CNV_status	Chr10p_CNV_status	Chr10q_CNV_status	Chr11p_CNV_status	Chr11q_CNV_status	Chr12p_CNV_status	Chr12q_CNV_status	Chr13q_CNV_status	Chr14q_CNV_status	Chr15q_CNV_status	Chr16p_CNV_status	Chr16q_CNV_status	Chr17p_CNV_status	Chr17q_CNV_status	Chr18p_CNV_status	Chr18q_CNV_status	Chr19p_CNV_status	Chr19q_CNV_status	Chr20p_CNV_status	Chr20q_CNV_status	Chr21q_CNV_status	Chr22q_CNV_status	MSI_status	TMB_status
P-0000134	none	none	none	none	Female	none	none	none	none	none	Not Hispanic	none	none	none	none	none	none	none	none	none	none	none	none	none	WHITE	none	none	none	1	11.079	none	none	none	none	none	none	none	P-0000134-T02-IM3	GIST	Gastrointestinal Stromal Tumor	Gastrointestinal Stromal Tumor	none	none	none	none	none	none	none	Metastasis	3.04	none	Matched	none	MSKCC	P-0000134	none	IMATINIB| REGORAFENIB| CLINICAL TRIAL| SUNITINIB| EVEROLIMUS	none	0	none	none	none	1	Missense_Mutation	p.V216M	none	0	none	none	none	0	none	none	none	0	none	none	none	0	none	none	none	0	none	none	none	0	none	none	none	0	none	none	none	0	none	none	none	0	none	none	none	0	none	none	none	0	none	none	none	0	none	none	none	0	none	none	none	0	none	none	none	0	none	none	none	0	none	none	none	0	none	none	none	0	none	none	none	0	none	none	none	0	none	none	none	none	none	none	none	none	none	none	none	none	none	none	none	none	none	none	none	none	none	none	none	none	none	none	none	none	none	none	none	none	none	none	none	none	none	none	none	none	none	none	MSI	none
P-0000306	none	none	none	none	Male	none	none	none	none	none	Not Hispanic	none	none	none	none	none	none	none	none	none	none	none	none	none	WHITE	none	none	none	0	92.351	none	none	none	none	none	none	none	P-0000306-T01-IM3	GIST	Gastrointestinal Stromal Tumor	Gastrointestinal Stromal Tumor	none	none	none	none	none	none	none	Primary	0.76	none	Matched	none	MSKCC	P-0000306	none	IMATINIB	none	0	none	none	none	0	none	none	none	0	none	none	none	0	none	none	none	0	none	none	none	0	none	none	none	0	none	none	none	0	none	none	none	0	none	none	none	0	none	none	none	0	none	none	none	0	none	none	none	0	none	none	none	0	none	none	none	0	none	none	none	0	none	none	none	0	none	none	none	0	none	none	none	0	none	none	none	0	none	none	none	0	none	none	none	0	none	none	none	none	none	none	none	none	none	none	none	none	none	none	none	none	none	none	none	none	none	none	none	none	none	none	none	none	none	none	none	none	none	none	none	none	none	none	none	none	none	none	MSI	none
P-0000309	none	none	none	none	Female	none	none	none	none	none	Not Hispanic	none	none	none	none	none	none	none	none	none	none	none	none	none	ASIAN-FAR EAST/INDIAN SUBCONT	none	none	none	0	34.718	none	none	none	none	none	none	none	P-0000309-T03-IM5	GIST	Gastrointestinal Stromal Tumor	Gastrointestinal Stromal Tumor	none	none	none	none	none	none	none	Metastasis	1.11	none	Matched	none	MSKCC	P-0000309	none	IMATINIB|CT| DOXIL| GEMCITABINE| PONATINIB	none	0	none	none	none	0	none	none	none	0	none	none	none	0	none	none	none	0	none	none	none	0	none	none	none	0	none	none	none	0	none	none	none	0	none	none	none	0	none	none	none	0	none	none	none	0	none	none	none	0	none	none	none	0	none	none	none	1	Missense_Mutation	p.G4837S	none	0	none	none	none	0	none	none	none	0	none	none	none	0	none	none	none	0	none	none	none	0	none	none	none	0	none	none	none	none	none	none	none	none	none	none	none	none	none	none	none	none	none	none	none	none	none	none	none	none	none	none	none	none	none	none	none	none	none	none	none	none	none	none	none	none	none	none	MSI	none
P-0000501	none	none	none	none	Male	none	none	none	none	none	Not Hispanic	none	none	none	none	none	none	none	none	none	none	none	none	none	BLACK OR AFRICAN AMERICAN	none	none	none	0	27.518	none	none	none	none	none	none	none	P-0000501-T02-IM3	GIST	Gastrointestinal Stromal Tumor	Gastrointestinal Stromal Tumor	none	none	none	none	none	none	none	Metastasis	0	none	Matched	none	MSKCC	P-0000501	none	IMATINIB| REGORAFENIB| CLINICAL TRIAL| SUNITINIB| EVEROLIMUS	none	0	none	none	none	0	none	none	none	0	none	none	none	0	none	none	none	0	none	none	none	0	none	none	none	0	none	none	none	0	none	none	none	0	none	none	none	0	none	none	none	0	none	none	none	0	none	none	none	0	none	none	none	0	none	none	none	0	none	none	none	0	none	none	none	0	none	none	none	0	none	none	none	0	none	none	none	0	none	none	none	0	none	none	none	0	none	none	none	none	none	none	none	none	none	none	none	none	none	none	none	none	none	none	none	none	none	none	none	none	none	none	none	none	none	none	none	none	none	none	none	none	none	none	none	none	none	none	MSS	none
P-0001157	none	none	none	none	none	none	none	none	none	none	none	none	none	none	none	none	none	none	none	none	none	none	none	none	none	none	none	none	none	none	none	none	none	none	none	none	none	P-0001157-T02-IM5	GIST	Gastrointestinal Stromal Tumor	Gastrointestinal Stromal Tumor	none	none	none	none	none	none	none	Metastasis	0	none	Matched	none	MSKCC	P-0001157	none	IMATINIB|SUNITINIB| SUTENT & SIROLIMUS| CLINICAL TRIAL	none	0	none	none	none	1	Missense_Mutation	p.R280S	none	0	none	none	none	0	none	none	none	0	none	none	none	0	none	none	none	0	none	none	none	0	none	none	none	0	none	none	none	0	none	none	none	0	none	none	none	0	none	none	none	0	none	none	none	0	none	none	none	0	none	none	none	0	none	none	none	0	none	none	none	0	none	none	none	0	none	none	none	0	none	none	none	0	none	none	none	0	none	none	none	none	none	none	none	none	none	none	none	none	none	none	none	none	none	none	none	none	none	none	none	none	none	none	none	none	none	none	none	none	none	none	none	none	none	none	none	none	none	none	MSS	none
P-0001193	none	none	none	none	Female	none	none	none	none	none	Not Hispanic	none	none	none	none	none	none	none	none	none	none	none	none	none	WHITE	none	none	none	0	92.909	none	none	none	none	none	none	none	P-0001193-T01-IM3	GIST	Gastrointestinal Stromal Tumor	Gastrointestinal Stromal Tumor	none	none	none	none	none	none	none	Primary	0.49	none	Matched	none	MSKCC	P-0001193	none	none	none	0	none	none	none	0	none	none	none	0	none	none	none	0	none	none	none	0	none	none	none	0	none	none	none	0	none	none	none	0	none	none	none	0	none	none	none	0	none	none	none	0	none	none	none	0	none	none	none	0	none	none	none	0	none	none	none	0	none	none	none	0	none	none	none	0	none	none	none	0	none	none	none	0	none	none	none	0	none	none	none	0	none	none	none	0	none	none	none	none	none	none	none	none	none	none	none	none	none	none	none	none	none	none	none	none	none	none	none	none	none	none	none	none	none	none	none	none	none	none	none	none	none	none	none	none	none	none	Indeterminate	none
P-0001254	none	none	none	none	Female	none	none	none	none	none	Not Hispanic	none	none	none	none	none	none	none	none	none	none	none	none	none	WHITE	none	none	none	0	18.312	none	none	none	none	none	none	none	P-0001254-T02-IM3	GIST	Gastrointestinal Stromal Tumor	Gastrointestinal Stromal Tumor	none	none	none	none	none	none	none	Primary	0.73	none	Matched	none	MSKCC	P-0001254	none	none	none	0	none	none	none	0	none	none	none	0	none	none	none	0	none	none	none	0	none	none	none	0	none	none	none	0	none	none	none	0	none	none	none	0	none	none	none	0	none	none	none	0	none	none	none	0	none	none	none	0	none	none	none	0	none	none	none	0	none	none	none	0	none	none	none	0	none	none	none	0	none	none	none	0	none	none	none	0	none	none	none	0	none	none	none	0	none	none	none	none	none	none	none	none	none	none	none	none	none	none	none	none	none	none	none	none	none	none	none	none	none	none	none	none	none	none	none	none	none	none	none	none	none	none	none	none	none	none	MSI	none
P-0001315	none	none	none	none	Male	none	none	none	none	none	Not Hispanic	none	none	none	none	none	none	none	none	none	none	none	none	none	WHITE	none	none	none	0	97.348	none	none	none	none	none	none	none	P-0001315-T02-IM5	GIST	Gastrointestinal Stromal Tumor	Gastrointestinal Stromal Tumor	none	none	none	none	none	none	none	Metastasis	2.46	none	Matched	none	MSKCC	P-0001315	none	IMATINIB| SUNITINIB| SORAFENIB| VEMURAFENIB| CT| REGORAFENIB| braf & mekI| MEKI & SIROLIMUS	none	0	none	none	none	0	none	none	none	0	none	none	none	0	none	none	none	0	none	none	none	0	none	none	none	0	none	none	none	0	none	none	none	0	none	none	none	0	none	none	none	0	none	none	none	0	none	none	none	0	none	none	none	1	Missense_Mutation	p.V600E	none	0	none	none	none	0	none	none	none	0	none	none	none	0	none	none	none	0	none	none	none	0	none	none	none	0	none	none	none	0	none	none	none	none	none	none	none	none	none	none	none	none	none	none	none	none	none	none	none	none	none	none	none	none	none	none	none	none	none	none	none	none	none	none	none	none	none	none	none	none	none	none	MSI	none
P-0001410	none	none	none	none	Male	none	none	none	none	none	Not Hispanic	none	none	none	none	none	none	none	none	none	none	none	none	none	WHITE	none	none	none	0	95.277	none	none	none	none	none	none	none	P-0001410-T01-IM3	GIST	Gastrointestinal Stromal Tumor	Gastrointestinal Stromal Tumor	none	none	none	none	none	none	none	Primary	1.61	none	Matched	none	MSKCC	P-0001410	none	IMATINIB	none	0	none	none	none	0	none	none	none	0	none	none	none	0	none	none	none	0	none	none	none	0	none	none	none	0	none	none	none	0	none	none	none	0	none	none	none	0	none	none	none	0	none	none	none	0	none	none	none	0	none	none	none	0	none	none	none	1	Nonsense_Mutation	p.Q3601*	none	0	none	none	none	0	none	none	none	0	none	none	none	0	none	none	none	0	none	none	none	0	none	none	none	0	none	none	none	none	none	none	none	none	none	none	none	none	none	none	none	none	none	none	none	none	none	none	none	none	none	none	none	none	none	none	none	none	none	none	none	none	none	none	none	none	none	none	MSI	none
P-0001431	none	none	none	none	Male	none	none	none	none	none	Not Hispanic	none	none	none	none	none	none	none	none	none	none	none	none	none	ASIAN-FAR EAST/INDIAN SUBCONT	none	none	none	0	94.356	none	none	none	none	none	none	none	P-0001431-T02-IM6	GIST	Gastrointestinal Stromal Tumor	Gastrointestinal Stromal Tumor	none	none	none	none	none	none	none	Primary	0	none	Matched	none	MSKCC	P-0001431	none	IMATINIB	none	0	none	none	none	0	none	none	none	0	none	none	none	0	none	none	none	0	none	none	none	0	none	none	none	0	none	none	none	0	none	none	none	0	none	none	none	0	none	none	none	0	none	none	none	0	none	none	none	0	none	none	none	0	none	none	none	0	none	none	none	0	none	none	none	0	none	none	none	0	none	none	none	0	none	none	none	0	none	none	none	0	none	none	none	0	none	none	none	none	none	none	none	none	none	none	none	none	none	none	none	none	none	none	none	none	none	none	none	none	none	none	none	none	none	none	none	none	none	none	none	none	none	none	none	none	none	none	MSS	none
P-0001461	none	none	none	none	Male	none	none	none	none	none	Not Hispanic	none	none	none	none	none	none	none	none	none	none	none	none	none	BLACK OR AFRICAN AMERICAN	none	none	none	0	97.151	none	none	none	none	none	none	none	P-0001461-T01-IM3	GIST	Gastrointestinal Stromal Tumor	Gastrointestinal Stromal Tumor	none	none	none	none	none	none	none	Primary	1.35	none	Matched	none	MSKCC	P-0001461	none	IMATINIB	none	0	none	none	none	0	none	none	none	0	none	none	none	0	none	none	none	0	none	none	none	0	none	none	none	0	none	none	none	0	none	none	none	0	none	none	none	0	none	none	none	0	none	none	none	0	none	none	none	0	none	none	none	0	none	none	none	0	none	none	none	0	none	none	none	0	none	none	none	0	none	none	none	0	none	none	none	0	none	none	none	0	none	none	none	0	none	none	none	none	none	none	none	none	none	none	none	none	none	none	none	none	none	none	none	none	none	none	none	none	none	none	none	none	none	none	none	none	none	none	none	none	none	none	none	none	none	none	MSI	none
P-0001512	none	none	none	none	Female	none	none	none	none	none	Not Hispanic	none	none	none	none	none	none	none	none	none	none	none	none	none	WHITE	none	none	none	1	28.833	none	none	none	none	none	none	none	P-0001512-T01-IM3	GIST	Gastrointestinal Stromal Tumor	Gastrointestinal Stromal Tumor	none	none	none	none	none	none	none	Primary	0.85	none	Matched	none	MSKCC	P-0001512	none	IMATINIB| PAZOPANIB| SORAFENIB	none	0	none	none	none	0	none	none	none	0	none	none	none	0	none	none	none	0	none	none	none	0	none	none	none	0	none	none	none	0	none	none	none	0	none	none	none	0	none	none	none	0	none	none	none	0	none	none	none	0	none	none	none	0	none	none	none	0	none	none	none	0	none	none	none	0	none	none	none	0	none	none	none	0	none	none	none	0	none	none	none	0	none	none	none	0	none	none	none	none	none	none	none	none	none	none	none	none	none	none	none	none	none	none	none	none	none	none	none	none	none	none	none	none	none	none	none	none	none	none	none	none	none	none	none	none	none	none	MSI	none
P-0001517	none	none	none	none	Male	none	none	none	none	none	Not Hispanic	none	none	none	none	none	none	none	none	none	none	none	none	none	WHITE	none	none	none	0	95.901	none	none	none	none	none	none	none	P-0001517-T01-IM3	GIST	Gastrointestinal Stromal Tumor	Gastrointestinal Stromal Tumor	none	none	none	none	none	none	none	Primary	0.82	none	Matched	none	MSKCC	P-0001517	none	IMATINIB	none	0	none	none	none	0	none	none	none	0	none	none	none	0	none	none	none	0	none	none	none	0	none	none	none	0	none	none	none	0	none	none	none	0	none	none	none	0	none	none	none	0	none	none	none	0	none	none	none	0	none	none	none	0	none	none	none	1	Splice_Site	p.X1377_splice	none	0	none	none	none	0	none	none	none	0	none	none	none	0	none	none	none	0	none	none	none	0	none	none	none	0	none	none	none	none	none	none	none	none	none	none	none	none	none	none	none	none	none	none	none	none	none	none	none	none	none	none	none	none	none	none	none	none	none	none	none	none	none	none	none	none	none	none	MSI	none
P-0001692	none	none	none	none	Male	none	none	none	none	none	Not Hispanic	none	none	none	none	none	none	none	none	none	none	none	none	none	WHITE	none	none	none	1	48.657	none	none	none	none	none	none	none	P-0001692-T02-IM3	GIST	Gastrointestinal Stromal Tumor	Gastrointestinal Stromal Tumor	none	none	none	none	none	none	none	Metastasis	0	none	Matched	none	MSKCC	P-0001692	none	IMATINIB| SUNITINIB	none	0	none	none	none	0	none	none	none	0	none	none	none	0	none	none	none	0	none	none	none	0	none	none	none	0	none	none	none	0	none	none	none	0	none	none	none	0	none	none	none	0	none	none	none	0	none	none	none	0	none	none	none	0	none	none	none	0	none	none	none	0	none	none	none	0	none	none	none	0	none	none	none	0	none	none	none	0	none	none	none	0	none	none	none	0	none	none	none	none	none	none	none	none	none	none	none	none	none	none	none	none	none	none	none	none	none	none	none	none	none	none	none	none	none	none	none	none	none	none	none	none	none	none	none	none	none	none	MSS	none
P-0001973	none	none	none	none	Female	none	none	none	none	none	Not Hispanic	none	none	none	none	none	none	none	none	none	none	none	none	none	WHITE	none	none	none	0	4.274	none	none	none	none	none	none	none	P-0001973-T01-IM3	GIST	Gastrointestinal Stromal Tumor	Gastrointestinal Stromal Tumor	none	none	none	none	none	none	none	Primary	0	none	Matched	none	MSKCC	P-0001973	none	none	none	0	none	none	none	0	none	none	none	0	none	none	none	0	none	none	none	0	none	none	none	0	none	none	none	0	none	none	none	0	none	none	none	0	none	none	none	0	none	none	none	0	none	none	none	0	none	none	none	0	none	none	none	0	none	none	none	0	none	none	none	0	none	none	none	0	none	none	none	0	none	none	none	0	none	none	none	0	none	none	none	0	none	none	none	0	none	none	none	none	none	none	none	none	none	none	none	none	none	none	none	none	none	none	none	none	none	none	none	none	none	none	none	none	none	none	none	none	none	none	none	none	none	none	none	none	none	none	MSS	none
P-0002276	none	none	none	none	Female	none	none	none	none	none	Not Hispanic	none	none	none	none	none	none	none	none	none	none	none	none	none	WHITE	none	none	none	1	6.411	none	none	none	none	none	none	none	P-0002276-T01-IM3	GIST	Gastrointestinal Stromal Tumor	Gastrointestinal Stromal Tumor	none	none	none	none	none	none	none	Metastasis	1.09	none	Matched	none	MSKCC	P-0002276	none	IMATINIB| SUNITINIB |SORAFENIB| PAZOPANIB| CT| REGORAFENIB| NILOTINIB	none	0	none	none	none	0	none	none	none	0	none	none	none	0	none	none	none	0	none	none	none	0	none	none	none	0	none	none	none	0	none	none	none	0	none	none	none	0	none	none	none	0	none	none	none	0	none	none	none	0	none	none	none	0	none	none	none	0	none	none	none	0	none	none	none	0	none	none	none	0	none	none	none	0	none	none	none	0	none	none	none	0	none	none	none	0	none	none	none	none	none	none	none	none	none	none	none	none	none	none	none	none	none	none	none	none	none	none	none	none	none	none	none	none	none	none	none	none	none	none	none	none	none	none	none	none	none	none	MSI	none
P-0002293	none	none	none	none	Female	none	none	none	none	none	Not Hispanic	none	none	none	none	none	none	none	none	none	none	none	none	none	WHITE	none	none	none	1	4.011	none	none	none	none	none	none	none	P-0002293-T01-IM3	GIST	Gastrointestinal Stromal Tumor	Gastrointestinal Stromal Tumor	none	none	none	none	none	none	none	Metastasis	2.42	none	Matched	none	MSKCC	P-0002293	none	IMATINIB	none	0	none	none	none	0	none	none	none	0	none	none	none	0	none	none	none	0	none	none	none	0	none	none	none	0	none	none	none	0	none	none	none	0	none	none	none	0	none	none	none	0	none	none	none	0	none	none	none	0	none	none	none	0	none	none	none	0	none	none	none	0	none	none	none	0	none	none	none	0	none	none	none	0	none	none	none	0	none	none	none	0	none	none	none	0	none	none	none	none	none	none	none	none	none	none	none	none	none	none	none	none	none	none	none	none	none	none	none	none	none	none	none	none	none	none	none	none	none	none	none	none	none	none	none	none	none	none	MSI	none
P-0002409	none	none	none	none	Female	none	none	none	none	none	Not Hispanic	none	none	none	none	none	none	none	none	none	none	none	none	none	BLACK OR AFRICAN AMERICAN	none	none	none	1	6.575	none	none	none	none	none	none	none	P-0002409-T01-IM3	GIST	Gastrointestinal Stromal Tumor	Gastrointestinal Stromal Tumor	none	none	none	none	none	none	none	Metastasis	1.54	none	Matched	none	MSKCC	P-0002409	none	IMATINIB| SUNITINIB| REGORAFENIB| CT| CLINICAL TRIAL	none	0	none	none	none	0	none	none	none	0	none	none	none	0	none	none	none	0	none	none	none	0	none	none	none	0	none	none	none	0	none	none	none	0	none	none	none	0	none	none	none	0	none	none	none	0	none	none	none	0	none	none	none	0	none	none	none	0	none	none	none	0	none	none	none	0	none	none	none	0	none	none	none	0	none	none	none	0	none	none	none	0	none	none	none	0	none	none	none	none	none	none	none	none	none	none	none	none	none	none	none	none	none	none	none	none	none	none	none	none	none	none	none	none	none	none	none	none	none	none	none	none	none	none	none	none	none	none	MSI	none
P-0002477	none	none	none	none	Male	none	none	none	none	none	Not Hispanic	none	none	none	none	none	none	none	none	none	none	none	none	none	WHITE	none	none	none	1	12.69	none	none	none	none	none	none	none	P-0002477-T01-IM3	GIST	Gastrointestinal Stromal Tumor	Gastrointestinal Stromal Tumor	none	none	none	none	none	none	none	Metastasis	0.97	none	Matched	none	MSKCC	P-0002477	none	IMATINIB | SUNITINIB | REGORAFENIB | CLINICAL TRIAL | PAZOPANIB	none	0	none	none	none	0	none	none	none	0	none	none	none	0	none	none	none	0	none	none	none	0	none	none	none	0	none	none	none	0	none	none	none	0	none	none	none	0	none	none	none	0	none	none	none	0	none	none	none	0	none	none	none	0	none	none	none	0	none	none	none	0	none	none	none	0	none	none	none	0	none	none	none	0	none	none	none	0	none	none	none	0	none	none	none	0	none	none	none	none	none	none	none	none	none	none	none	none	none	none	none	none	none	none	none	none	none	none	none	none	none	none	none	none	none	none	none	none	none	none	none	none	none	none	none	none	none	none	MSI	none
P-0002525	none	none	none	none	Female	none	none	none	none	none	Not Hispanic	none	none	none	none	none	none	none	none	none	none	none	none	none	WHITE	none	none	none	0	90.246	none	none	none	none	none	none	none	P-0002525-T01-IM3	GIST	Gastrointestinal Stromal Tumor	Gastrointestinal Stromal Tumor	none	none	none	none	none	none	none	Primary	0.78	none	Matched	none	MSKCC	P-0002525	none	IMATINIB	none	0	none	none	none	0	none	none	none	0	none	none	none	0	none	none	none	0	none	none	none	0	none	none	none	0	none	none	none	0	none	none	none	0	none	none	none	0	none	none	none	0	none	none	none	0	none	none	none	0	none	none	none	0	none	none	none	0	none	none	none	0	none	none	none	0	none	none	none	0	none	none	none	0	none	none	none	0	none	none	none	0	none	none	none	0	none	none	none	none	none	none	none	none	none	none	none	none	none	none	none	none	none	none	none	none	none	none	none	none	none	none	none	none	none	none	none	none	none	none	none	none	none	none	none	none	none	none	MSI	none
P-0002552	none	none	none	none	Female	none	none	none	none	none	Not Hispanic	none	none	none	none	none	none	none	none	none	none	none	none	none	WHITE	none	none	none	0	89.063	none	none	none	none	none	none	none	P-0002552-T01-IM3	GIST	Gastrointestinal Stromal Tumor	Gastrointestinal Stromal Tumor	none	none	none	none	none	none	none	Primary	1.2	none	Matched	none	MSKCC	P-0002552	none	none	none	0	none	none	none	0	none	none	none	0	none	none	none	0	none	none	none	0	none	none	none	0	none	none	none	0	none	none	none	0	none	none	none	0	none	none	none	0	none	none	none	0	none	none	none	0	none	none	none	0	none	none	none	0	none	none	none	0	none	none	none	0	none	none	none	0	none	none	none	0	none	none	none	0	none	none	none	0	none	none	none	0	none	none	none	0	none	none	none	none	none	none	none	none	none	none	none	none	none	none	none	none	none	none	none	none	none	none	none	none	none	none	none	none	none	none	none	none	none	none	none	none	none	none	none	none	none	none	MSI	none
P-0002594	none	none	none	none	Female	none	none	none	none	none	Not Hispanic	none	none	none	none	none	none	none	none	none	none	none	none	none	WHITE	none	none	none	0	94.159	none	none	none	none	none	none	none	P-0002594-T02-IM5	GIST	Gastrointestinal Stromal Tumor	Gastrointestinal Stromal Tumor	none	none	none	none	none	none	none	Metastasis	0	none	Matched	none	MSKCC	P-0002594	none	IMATINIB| SUNITINIB| CLINICAL TRIAL	none	0	none	none	none	0	none	none	none	0	none	none	none	0	none	none	none	0	none	none	none	0	none	none	none	0	none	none	none	0	none	none	none	0	none	none	none	0	none	none	none	0	none	none	none	0	none	none	none	0	none	none	none	0	none	none	none	0	none	none	none	0	none	none	none	0	none	none	none	0	none	none	none	0	none	none	none	0	none	none	none	0	none	none	none	0	none	none	none	none	none	none	none	none	none	none	none	none	none	none	none	none	none	none	none	none	none	none	none	none	none	none	none	none	none	none	none	none	none	none	none	none	none	none	none	none	none	none	MSS	none
P-0002672	none	none	none	none	Male	none	none	none	none	none	Not Hispanic	none	none	none	none	none	none	none	none	none	none	none	none	none	WHITE	none	none	none	0	92.646	none	none	none	none	none	none	none	P-0002672-T01-IM3	GIST	Gastrointestinal Stromal Tumor	Gastrointestinal Stromal Tumor	none	none	none	none	none	none	none	Primary	0.44	none	Matched	none	MSKCC	P-0002672	none	IMATINIB	none	0	none	none	none	1	Frame_Shift_Ins	p.M340Dfs*7	none	0	none	none	none	0	none	none	none	0	none	none	none	0	none	none	none	0	none	none	none	0	none	none	none	0	none	none	none	0	none	none	none	0	none	none	none	0	none	none	none	0	none	none	none	0	none	none	none	0	none	none	none	0	none	none	none	0	none	none	none	0	none	none	none	0	none	none	none	1	Missense_Mutation	p.P4310S	none	0	none	none	none	0	none	none	none	none	none	none	none	none	none	none	none	none	none	none	none	none	none	none	none	none	none	none	none	none	none	none	none	none	none	none	none	none	none	none	none	none	none	none	none	none	none	none	Indeterminate	none
P-0002680	none	none	none	none	Male	none	none	none	none	none	Not Hispanic	none	none	none	none	none	none	none	none	none	none	none	none	none	WHITE	none	none	none	1	8.778	none	none	none	none	none	none	none	P-0002680-T01-IM3	GIST	Gastrointestinal Stromal Tumor	Gastrointestinal Stromal Tumor	none	none	none	none	none	none	none	Metastasis	0.68	none	Matched	none	MSKCC	P-0002680	none	IMATINIB | SUNITINIB | REGORAFENIB | CLINICAL TRIAL | PAZOPANIB	none	0	none	none	none	0	none	none	none	0	none	none	none	0	none	none	none	0	none	none	none	0	none	none	none	0	none	none	none	0	none	none	none	0	none	none	none	0	none	none	none	0	none	none	none	0	none	none	none	0	none	none	none	0	none	none	none	0	none	none	none	0	none	none	none	0	none	none	none	0	none	none	none	0	none	none	none	1	Missense_Mutation	p.G3435V	none	0	none	none	none	0	none	none	none	none	none	none	none	none	none	none	none	none	none	none	none	none	none	none	none	none	none	none	none	none	none	none	none	none	none	none	none	none	none	none	none	none	none	none	none	none	none	none	MSI	none
P-0002726	none	none	none	none	Male	none	none	none	none	none	Not Hispanic	none	none	none	none	none	none	none	none	none	none	none	none	none	WHITE	none	none	none	0	92.186	none	none	none	none	none	none	none	P-0002726-T02-IM6	GIST	Gastrointestinal Stromal Tumor	Gastrointestinal Stromal Tumor	none	none	none	none	none	none	none	Metastasis	0.35	none	Matched	none	MSKCC	P-0002726	none	none	none	0	none	none	none	0	none	none	none	0	none	none	none	0	none	none	none	0	none	none	none	0	none	none	none	0	none	none	none	0	none	none	none	0	none	none	none	0	none	none	none	0	none	none	none	0	none	none	none	0	none	none	none	0	none	none	none	0	none	none	none	0	none	none	none	0	none	none	none	0	none	none	none	0	none	none	none	0	none	none	none	0	none	none	none	0	none	none	none	none	none	none	none	none	none	none	none	none	none	none	none	none	none	none	none	none	none	none	none	none	none	none	none	none	none	none	none	none	none	none	none	none	none	none	none	none	none	none	MSS	none
P-0002868	none	none	none	none	Male	none	none	none	none	none	Not Hispanic	none	none	none	none	none	none	none	none	none	none	none	none	none	WHITE	none	none	none	0	92.646	none	none	none	none	none	none	none	P-0002868-T02-IM5	GIST	Gastrointestinal Stromal Tumor	Gastrointestinal Stromal Tumor	none	none	none	none	none	none	none	Primary	0	none	Matched	none	MSKCC	P-0002868	none	CT	none	0	none	none	none	0	none	none	none	0	none	none	none	0	none	none	none	0	none	none	none	0	none	none	none	0	none	none	none	0	none	none	none	0	none	none	none	0	none	none	none	0	none	none	none	0	none	none	none	0	none	none	none	0	none	none	none	0	none	none	none	0	none	none	none	0	none	none	none	0	none	none	none	0	none	none	none	0	none	none	none	0	none	none	none	0	none	none	none	none	none	none	none	none	none	none	none	none	none	none	none	none	none	none	none	none	none	none	none	none	none	none	none	none	none	none	none	none	none	none	none	none	none	none	none	none	none	none	MSS	none
P-0003162	none	none	none	none	Male	none	none	none	none	none	Not Hispanic	none	none	none	none	none	none	none	none	none	none	none	none	none	PT REFUSED TO ANSWER	none	none	none	1	49.907	none	none	none	none	none	none	none	P-0003162-T02-IM6	GIST	Gastrointestinal Stromal Tumor	Gastrointestinal Stromal Tumor	none	none	none	none	none	none	none	Metastasis	1.84	none	Matched	none	MSKCC	P-0003162	none	IMATINIB| SUNITINIB| CLINICAL TRIAL	none	0	none	none	none	0	none	none	none	0	none	none	none	0	none	none	none	0	none	none	none	0	none	none	none	0	none	none	none	0	none	none	none	0	none	none	none	0	none	none	none	0	none	none	none	0	none	none	none	0	none	none	none	0	none	none	none	0	none	none	none	0	none	none	none	0	none	none	none	0	none	none	none	0	none	none	none	0	none	none	none	0	none	none	none	0	none	none	none	none	none	none	none	none	none	none	none	none	none	none	none	none	none	none	none	none	none	none	none	none	none	none	none	none	none	none	none	none	none	none	none	none	none	none	none	none	none	none	MSI	none
P-0003384	none	none	none	none	Male	none	none	none	none	none	Not Hispanic	none	none	none	none	none	none	none	none	none	none	none	none	none	BLACK OR AFRICAN AMERICAN	none	none	none	0	50.564	none	none	none	none	none	none	none	P-0003384-T02-IM6	GIST	Gastrointestinal Stromal Tumor	Gastrointestinal Stromal Tumor	none	none	none	none	none	none	none	Metastasis	1.28	none	Matched	none	MSKCC	P-0003384	none	none	none	0	none	none	none	0	none	none	none	0	none	none	none	0	none	none	none	0	none	none	none	0	none	none	none	0	none	none	none	0	none	none	none	0	none	none	none	0	none	none	none	0	none	none	none	0	none	none	none	0	none	none	none	0	none	none	none	0	none	none	none	0	none	none	none	0	none	none	none	0	none	none	none	0	none	none	none	0	none	none	none	0	none	none	none	0	none	none	none	none	none	none	none	none	none	none	none	none	none	none	none	none	none	none	none	none	none	none	none	none	none	none	none	none	none	none	none	none	none	none	none	none	none	none	none	none	none	none	MSI	none
P-0003416	none	none	none	none	Male	none	none	none	none	none	Not Hispanic	none	none	none	none	none	none	none	none	none	none	none	none	none	WHITE	none	none	none	0	11.605	none	none	none	none	none	none	none	P-0003416-T02-IM5	GIST	Gastrointestinal Stromal Tumor	Gastrointestinal Stromal Tumor	none	none	none	none	none	none	none	Primary	0.33	none	Matched	none	MSKCC	P-0003416	none	IMATINIB	none	0	none	none	none	0	none	none	none	0	none	none	none	0	none	none	none	0	none	none	none	0	none	none	none	0	none	none	none	0	none	none	none	0	none	none	none	0	none	none	none	0	none	none	none	0	none	none	none	0	none	none	none	0	none	none	none	0	none	none	none	0	none	none	none	0	none	none	none	0	none	none	none	0	none	none	none	0	none	none	none	0	none	none	none	0	none	none	none	none	none	none	none	none	none	none	none	none	none	none	none	none	none	none	none	none	none	none	none	none	none	none	none	none	none	none	none	none	none	none	none	none	none	none	none	none	none	none	MSS	none
P-0003457	none	none	none	none	Female	none	none	none	none	none	Not Hispanic	none	none	none	none	none	none	none	none	none	none	none	none	none	ASIAN-FAR EAST/INDIAN SUBCONT	none	none	none	1	60.329	none	none	none	none	none	none	none	P-0003457-T01-IM5	GIST	Gastrointestinal Stromal Tumor	Gastrointestinal Stromal Tumor	none	none	none	none	none	none	none	Primary	0.11	none	Matched	none	MSKCC	P-0003457	none	REGORAFENIB	none	0	none	none	none	1	Missense_Mutation	p.C275Y	none	0	none	none	none	0	none	none	none	0	none	none	none	0	none	none	none	0	none	none	none	0	none	none	none	0	none	none	none	0	none	none	none	0	none	none	none	0	none	none	none	0	none	none	none	0	none	none	none	0	none	none	none	0	none	none	none	0	none	none	none	0	none	none	none	0	none	none	none	0	none	none	none	0	none	none	none	0	none	none	none	none	none	none	none	none	none	none	none	none	none	none	none	none	none	none	none	none	none	none	none	none	none	none	none	none	none	none	none	none	none	none	none	none	none	none	none	none	none	none	MSS	none
P-0003471	none	none	none	none	Male	none	none	none	none	none	Not Hispanic	none	none	none	none	none	none	none	none	none	none	none	none	none	WHITE	none	none	none	0	73.907	none	none	none	none	none	none	none	P-0003471-T01-IM5	GIST	Gastrointestinal Stromal Tumor	Gastrointestinal Stromal Tumor	none	none	none	none	none	none	none	Primary	0	none	Matched	none	MSKCC	P-0003471	none	IMATINIB	none	0	none	none	none	0	none	none	none	0	none	none	none	0	none	none	none	0	none	none	none	0	none	none	none	0	none	none	none	0	none	none	none	0	none	none	none	0	none	none	none	0	none	none	none	0	none	none	none	0	none	none	none	0	none	none	none	0	none	none	none	0	none	none	none	0	none	none	none	0	none	none	none	0	none	none	none	0	none	none	none	0	none	none	none	0	none	none	none	none	none	none	none	none	none	none	none	none	none	none	none	none	none	none	none	none	none	none	none	none	none	none	none	none	none	none	none	none	none	none	none	none	none	none	none	none	none	none	MSS	none
P-0003490	none	none	none	none	Female	none	none	none	none	none	Not Hispanic	none	none	none	none	none	none	none	none	none	none	none	none	none	WHITE	none	none	none	0	90.246	none	none	none	none	none	none	none	P-0003490-T01-IM5	GIST	Gastrointestinal Stromal Tumor	Gastrointestinal Stromal Tumor	none	none	none	none	none	none	none	Primary	0.08	none	Matched	none	MSKCC	P-0003490	none	none	none	0	none	none	none	0	none	none	none	0	none	none	none	0	none	none	none	0	none	none	none	0	none	none	none	0	none	none	none	0	none	none	none	0	none	none	none	0	none	none	none	0	none	none	none	0	none	none	none	0	none	none	none	0	none	none	none	0	none	none	none	0	none	none	none	0	none	none	none	0	none	none	none	0	none	none	none	0	none	none	none	0	none	none	none	0	none	none	none	none	none	none	none	none	none	none	none	none	none	none	none	none	none	none	none	none	none	none	none	none	none	none	none	none	none	none	none	none	none	none	none	none	none	none	none	none	none	none	MSS	none
P-0003760	none	none	none	none	Female	none	none	none	none	none	Not Hispanic	none	none	none	none	none	none	none	none	none	none	none	none	none	WHITE	none	none	none	0	91.003	none	none	none	none	none	none	none	P-0003760-T01-IM5	GIST	Gastrointestinal Stromal Tumor	Gastrointestinal Stromal Tumor	none	none	none	none	none	none	none	Primary	0	none	Matched	none	MSKCC	P-0003760	none	none	none	0	none	none	none	0	none	none	none	0	none	none	none	0	none	none	none	0	none	none	none	0	none	none	none	0	none	none	none	0	none	none	none	0	none	none	none	0	none	none	none	0	none	none	none	0	none	none	none	0	none	none	none	0	none	none	none	0	none	none	none	0	none	none	none	0	none	none	none	0	none	none	none	0	none	none	none	0	none	none	none	0	none	none	none	0	none	none	none	none	none	none	none	none	none	none	none	none	none	none	none	none	none	none	none	none	none	none	none	none	none	none	none	none	none	none	none	none	none	none	none	none	none	none	none	none	none	none	MSS	none
P-0003927	none	none	none	none	Female	none	none	none	none	none	Not Hispanic	none	none	none	none	none	none	none	none	none	none	none	none	none	WHITE	none	none	none	0	92.482	none	none	none	none	none	none	none	P-0003927-T01-IM3	GIST	Gastrointestinal Stromal Tumor	Gastrointestinal Stromal Tumor	none	none	none	none	none	none	none	Primary	0.1	none	Matched	none	MSKCC	P-0003927	none	IMATINIB	none	0	none	none	none	0	none	none	none	0	none	none	none	0	none	none	none	0	none	none	none	0	none	none	none	0	none	none	none	0	none	none	none	0	none	none	none	0	none	none	none	0	none	none	none	0	none	none	none	0	none	none	none	0	none	none	none	0	none	none	none	0	none	none	none	0	none	none	none	0	none	none	none	0	none	none	none	0	none	none	none	0	none	none	none	0	none	none	none	none	none	none	none	none	none	none	none	none	none	none	none	none	none	none	none	none	none	none	none	none	none	none	none	none	none	none	none	none	none	none	none	none	none	none	none	none	none	none	MSS	none
P-0004225	none	none	none	none	Male	none	none	none	none	none	Not Hispanic	none	none	none	none	none	none	none	none	none	none	none	none	none	WHITE	none	none	none	1	13.118	none	none	none	none	none	none	none	P-0004225-T01-IM5	GIST	Gastrointestinal Stromal Tumor	Gastrointestinal Stromal Tumor	none	none	none	none	none	none	none	Primary	0.21	none	Matched	none	MSKCC	P-0004225	none	IMATINIB| SUNITINIB| CLINICAL TRIAL	none	0	none	none	none	0	none	none	none	0	none	none	none	0	none	none	none	0	none	none	none	0	none	none	none	0	none	none	none	0	none	none	none	0	none	none	none	0	none	none	none	0	none	none	none	0	none	none	none	0	none	none	none	0	none	none	none	0	none	none	none	0	none	none	none	0	none	none	none	0	none	none	none	0	none	none	none	0	none	none	none	0	none	none	none	0	none	none	none	none	none	none	none	none	none	none	none	none	none	none	none	none	none	none	none	none	none	none	none	none	none	none	none	none	none	none	none	none	none	none	none	none	none	none	none	none	none	none	MSS	none
P-0004235	none	none	none	none	Male	none	none	none	none	none	none	none	none	none	none	none	none	none	none	none	none	none	none	none	WHITE	none	none	none	0	24.921	none	none	none	none	none	none	none	P-0004235-T01-IM5	GIST	Gastrointestinal Stromal Tumor	Gastrointestinal Stromal Tumor	none	none	none	none	none	none	none	Metastasis	0.58	none	Matched	none	MSKCC	P-0004235	none	IMATINIB	none	0	none	none	none	0	none	none	none	0	none	none	none	0	none	none	none	0	none	none	none	0	none	none	none	0	none	none	none	0	none	none	none	0	none	none	none	0	none	none	none	0	none	none	none	0	none	none	none	0	none	none	none	0	none	none	none	0	none	none	none	0	none	none	none	0	none	none	none	0	none	none	none	0	none	none	none	0	none	none	none	0	none	none	none	0	none	none	none	none	none	none	none	none	none	none	none	none	none	none	none	none	none	none	none	none	none	none	none	none	none	none	none	none	none	none	none	none	none	none	none	none	none	none	none	none	none	none	Indeterminate	none
P-0004305	none	none	none	none	Female	none	none	none	none	none	Not Hispanic	none	none	none	none	none	none	none	none	none	none	none	none	none	WHITE	none	none	none	0	88.438	none	none	none	none	none	none	none	P-0004305-T01-IM5	GIST	Gastrointestinal Stromal Tumor	Gastrointestinal Stromal Tumor	none	none	none	none	none	none	none	Primary	0	none	Matched	none	MSKCC	P-0004305	none	none	none	0	none	none	none	0	none	none	none	0	none	none	none	0	none	none	none	0	none	none	none	0	none	none	none	0	none	none	none	0	none	none	none	0	none	none	none	0	none	none	none	0	none	none	none	0	none	none	none	0	none	none	none	0	none	none	none	0	none	none	none	0	none	none	none	0	none	none	none	0	none	none	none	0	none	none	none	0	none	none	none	0	none	none	none	0	none	none	none	none	none	none	none	none	none	none	none	none	none	none	none	none	none	none	none	none	none	none	none	none	none	none	none	none	none	none	none	none	none	none	none	none	none	none	none	none	none	none	MSS	none
P-0004509	none	none	none	none	Female	none	none	none	none	none	Not Hispanic	none	none	none	none	none	none	none	none	none	none	none	none	none	ASIAN-FAR EAST/INDIAN SUBCONT	none	none	none	1	28.274	none	none	none	none	none	none	none	P-0004509-T01-IM5	GIST	Gastrointestinal Stromal Tumor	Gastrointestinal Stromal Tumor	none	none	none	none	none	none	none	Metastasis	0.51	none	Matched	none	MSKCC	P-0004509	none	IMATINIB| SUNITINIB| CT| SORAFENIB| REGORAFENIB	none	0	none	none	none	0	none	none	none	0	none	none	none	0	none	none	none	0	none	none	none	0	none	none	none	0	none	none	none	0	none	none	none	0	none	none	none	0	none	none	none	0	none	none	none	0	none	none	none	0	none	none	none	0	none	none	none	0	none	none	none	0	none	none	none	0	none	none	none	0	none	none	none	0	none	none	none	0	none	none	none	0	none	none	none	0	none	none	none	none	none	none	none	none	none	none	none	none	none	none	none	none	none	none	none	none	none	none	none	none	none	none	none	none	none	none	none	none	none	none	none	none	none	none	none	none	none	none	Indeterminate	none
P-0004639	none	none	none	none	Male	none	none	none	none	none	Not Hispanic	none	none	none	none	none	none	none	none	none	none	none	none	none	WHITE	none	none	none	0	89.326	none	none	none	none	none	none	none	P-0004639-T01-IM5	GIST	Gastrointestinal Stromal Tumor	Gastrointestinal Stromal Tumor	none	none	none	none	none	none	none	Metastasis	0.25	none	Matched	none	MSKCC	P-0004639	none	IMATINIB| SUNITINIB	none	0	none	none	none	0	none	none	none	0	none	none	none	0	none	none	none	0	none	none	none	0	none	none	none	0	none	none	none	0	none	none	none	0	none	none	none	0	none	none	none	0	none	none	none	0	none	none	none	0	none	none	none	0	none	none	none	0	none	none	none	0	none	none	none	0	none	none	none	0	none	none	none	0	none	none	none	0	none	none	none	0	none	none	none	0	none	none	none	none	none	none	none	none	none	none	none	none	none	none	none	none	none	none	none	none	none	none	none	none	none	none	none	none	none	none	none	none	none	none	none	none	none	none	none	none	none	none	MSS	none
P-0004645	none	none	none	none	Male	none	none	none	none	none	Not Hispanic	none	none	none	none	none	none	none	none	none	none	none	none	none	ASIAN-FAR EAST/INDIAN SUBCONT	none	none	none	0	86.827	none	none	none	none	none	none	none	P-0004645-T01-IM5	GIST	Gastrointestinal Stromal Tumor	Gastrointestinal Stromal Tumor	none	none	none	none	none	none	none	Primary	0.38	none	Matched	none	MSKCC	P-0004645	none	none	none	0	none	none	none	0	none	none	none	0	none	none	none	0	none	none	none	0	none	none	none	0	none	none	none	0	none	none	none	0	none	none	none	0	none	none	none	0	none	none	none	0	none	none	none	0	none	none	none	0	none	none	none	0	none	none	none	0	none	none	none	0	none	none	none	0	none	none	none	0	none	none	none	0	none	none	none	0	none	none	none	0	none	none	none	0	none	none	none	none	none	none	none	none	none	none	none	none	none	none	none	none	none	none	none	none	none	none	none	none	none	none	none	none	none	none	none	none	none	none	none	none	none	none	none	none	none	none	MSS	none
P-0004651	none	none	none	none	Male	none	none	none	none	none	Not Hispanic	none	none	none	none	none	none	none	none	none	none	none	none	none	WHITE	none	none	none	0	none	none	none	none	none	none	none	none	P-0004651-T01-IM5	GIST	Gastrointestinal Stromal Tumor	Gastrointestinal Stromal Tumor	none	none	none	none	none	none	none	Primary	0.09	none	Matched	none	MSKCC	P-0004651	none	IMATINIB	none	0	none	none	none	0	none	none	none	0	none	none	none	0	none	none	none	0	none	none	none	0	none	none	none	0	none	none	none	0	none	none	none	0	none	none	none	0	none	none	none	0	none	none	none	0	none	none	none	0	none	none	none	0	none	none	none	0	none	none	none	0	none	none	none	0	none	none	none	0	none	none	none	0	none	none	none	0	none	none	none	0	none	none	none	0	none	none	none	none	none	none	none	none	none	none	none	none	none	none	none	none	none	none	none	none	none	none	none	none	none	none	none	none	none	none	none	none	none	none	none	none	none	none	none	none	none	none	MSS	none
P-0004677	none	none	none	none	Male	none	none	none	none	none	Not Hispanic	none	none	none	none	none	none	none	none	none	none	none	none	none	WHITE	none	none	none	0	35.507	none	none	none	none	none	none	none	P-0004677-T01-IM5	GIST	Gastrointestinal Stromal Tumor	Gastrointestinal Stromal Tumor	none	none	none	none	none	none	none	Primary	0.08	none	Matched	none	MSKCC	P-0004677	none	none	none	0	none	none	none	0	none	none	none	0	none	none	none	0	none	none	none	0	none	none	none	0	none	none	none	0	none	none	none	0	none	none	none	0	none	none	none	0	none	none	none	0	none	none	none	0	none	none	none	0	none	none	none	0	none	none	none	0	none	none	none	0	none	none	none	0	none	none	none	0	none	none	none	0	none	none	none	0	none	none	none	0	none	none	none	0	none	none	none	none	none	none	none	none	none	none	none	none	none	none	none	none	none	none	none	none	none	none	none	none	none	none	none	none	none	none	none	none	none	none	none	none	none	none	none	none	none	none	MSS	none
P-0004760	none	none	none	none	Male	none	none	none	none	none	Not Hispanic	none	none	none	none	none	none	none	none	none	none	none	none	none	WHITE	none	none	none	0	89.096	none	none	none	none	none	none	none	P-0004760-T03-IM7	GIST	Gastrointestinal Stromal Tumor	Gastrointestinal Stromal Tumor	none	none	none	none	none	none	none	Primary	0.96	none	Matched	none	MSKCC	P-0004760	none	IMATINIB| CT	none	0	none	none	none	0	none	none	none	0	none	none	none	0	none	none	none	0	none	none	none	0	none	none	none	0	none	none	none	0	none	none	none	0	none	none	none	0	none	none	none	0	none	none	none	0	none	none	none	0	none	none	none	0	none	none	none	0	none	none	none	0	none	none	none	0	none	none	none	0	none	none	none	0	none	none	none	0	none	none	none	0	none	none	none	0	none	none	none	none	none	none	none	none	none	none	none	none	none	none	none	none	none	none	none	none	none	none	none	none	none	none	none	none	none	none	none	none	none	none	none	none	none	none	none	none	none	none	MSI	none
P-0004776	none	none	none	none	Female	none	none	none	none	none	Not Hispanic	none	none	none	none	none	none	none	none	none	none	none	none	none	ASIAN-FAR EAST/INDIAN SUBCONT	none	none	none	0	89.162	none	none	none	none	none	none	none	P-0004776-T01-IM5	GIST	Gastrointestinal Stromal Tumor	Gastrointestinal Stromal Tumor	none	none	none	none	none	none	none	Primary	0.08	none	Matched	none	MSKCC	P-0004776	none	IMATINIB	none	0	none	none	none	0	none	none	none	0	none	none	none	0	none	none	none	0	none	none	none	0	none	none	none	0	none	none	none	0	none	none	none	0	none	none	none	0	none	none	none	0	none	none	none	0	none	none	none	0	none	none	none	0	none	none	none	0	none	none	none	0	none	none	none	0	none	none	none	0	none	none	none	0	none	none	none	0	none	none	none	0	none	none	none	0	none	none	none	none	none	none	none	none	none	none	none	none	none	none	none	none	none	none	none	none	none	none	none	none	none	none	none	none	none	none	none	none	none	none	none	none	none	none	none	none	none	none	MSS	none
P-0004784	none	none	none	none	Male	none	none	none	none	none	Not Hispanic	none	none	none	none	none	none	none	none	none	none	none	none	none	BLACK OR AFRICAN AMERICAN	none	none	none	1	18.674	none	none	none	none	none	none	none	P-0004784-T01-IM5	GIST	Gastrointestinal Stromal Tumor	Gastrointestinal Stromal Tumor	none	none	none	none	none	none	none	Metastasis	1.95	none	Matched	none	MSKCC	P-0004784	none	IMATINIB| SORAFENIB| REGORAFENIB	none	0	none	none	none	0	none	none	none	0	none	none	none	0	none	none	none	0	none	none	none	0	none	none	none	0	none	none	none	0	none	none	none	0	none	none	none	0	none	none	none	0	none	none	none	0	none	none	none	0	none	none	none	0	none	none	none	0	none	none	none	0	none	none	none	0	none	none	none	0	none	none	none	0	none	none	none	0	none	none	none	0	none	none	none	0	none	none	none	none	none	none	none	none	none	none	none	none	none	none	none	none	none	none	none	none	none	none	none	none	none	none	none	none	none	none	none	none	none	none	none	none	none	none	none	none	none	none	MSI	none
P-0004828	none	none	none	none	Male	none	none	none	none	none	Not Hispanic	none	none	none	none	none	none	none	none	none	none	none	none	none	WHITE	none	none	none	1	11.112	none	none	none	none	none	none	none	P-0004828-T02-IM5	GIST	Gastrointestinal Stromal Tumor	Gastrointestinal Stromal Tumor	none	none	none	none	none	none	none	Metastasis	0.49	none	Matched	none	MSKCC	P-0004828	none	IMATINIB| DASATINIB	none	0	none	none	none	0	none	none	none	0	none	none	none	0	none	none	none	0	none	none	none	0	none	none	none	0	none	none	none	0	none	none	none	0	none	none	none	0	none	none	none	0	none	none	none	0	none	none	none	0	none	none	none	0	none	none	none	0	none	none	none	0	none	none	none	0	none	none	none	0	none	none	none	0	none	none	none	0	none	none	none	0	none	none	none	0	none	none	none	none	none	none	none	none	none	none	none	none	none	none	none	none	none	none	none	none	none	none	none	none	none	none	none	none	none	none	none	none	none	none	none	none	none	none	none	none	none	none	Indeterminate	none
P-0004883	none	none	none	none	Female	none	none	none	none	none	Not Hispanic	none	none	none	none	none	none	none	none	none	none	none	none	none	BLACK OR AFRICAN AMERICAN	none	none	none	1	51.353	none	none	none	none	none	none	none	P-0004883-T03-IM6	GIST	Gastrointestinal Stromal Tumor	Gastrointestinal Stromal Tumor	none	none	none	none	none	none	none	Metastasis	2.14	none	Matched	none	MSKCC	P-0004883	none	IMATINIB	none	0	none	none	none	1	Missense_Mutation	p.R248Q	none	0	none	none	none	0	none	none	none	0	none	none	none	0	none	none	none	0	none	none	none	0	none	none	none	0	none	none	none	0	none	none	none	0	none	none	none	0	none	none	none	0	none	none	none	0	none	none	none	0	none	none	none	0	none	none	none	0	none	none	none	0	none	none	none	0	none	none	none	0	none	none	none	0	none	none	none	0	none	none	none	none	none	none	none	none	none	none	none	none	none	none	none	none	none	none	none	none	none	none	none	none	none	none	none	none	none	none	none	none	none	none	none	none	none	none	none	none	none	none	MSI	none
P-0004937	none	none	none	none	Male	none	none	none	none	none	Not Hispanic	none	none	none	none	none	none	none	none	none	none	none	none	none	WHITE	none	none	none	0	87.09	none	none	none	none	none	none	none	P-0004937-T03-IM6	GIST	Gastrointestinal Stromal Tumor	Gastrointestinal Stromal Tumor	none	none	none	none	none	none	none	Primary	1.53	none	Matched	none	MSKCC	P-0004937	none	IMATINIB| SUNITINIB| SORAFENIB| CLINICAL TRIAL| REGORAFENIB| PAZOPANIB	none	0	none	none	none	0	none	none	none	0	none	none	none	0	none	none	none	0	none	none	none	0	none	none	none	1	Frame_Shift_Ins	p.Y193Ifs*63	none	0	none	none	none	0	none	none	none	0	none	none	none	0	none	none	none	0	none	none	none	0	none	none	none	0	none	none	none	0	none	none	none	0	none	none	none	0	none	none	none	0	none	none	none	0	none	none	none	0	none	none	none	0	none	none	none	0	none	none	none	none	none	none	none	none	none	none	none	none	none	none	none	none	none	none	none	none	none	none	none	none	none	none	none	none	none	none	none	none	none	none	none	none	none	none	none	none	none	none	MSI	none
P-0005066	none	none	none	none	Female	none	none	none	none	none	Not Hispanic	none	none	none	none	none	none	none	none	none	none	none	none	none	WHITE	none	none	none	1	17.786	none	none	none	none	none	none	none	P-0005066-T01-IM5	GIST	Gastrointestinal Stromal Tumor	Gastrointestinal Stromal Tumor	none	none	none	none	none	none	none	Metastasis	0.3	none	Matched	none	MSKCC	P-0005066	none	IMATINIB| SUNITINIB| SORAFENIB| PAZOPANIB| NILOTINIB| PONATINIB	none	0	none	none	none	0	none	none	none	0	none	none	none	0	none	none	none	0	none	none	none	0	none	none	none	0	none	none	none	0	none	none	none	0	none	none	none	0	none	none	none	0	none	none	none	0	none	none	none	0	none	none	none	0	none	none	none	0	none	none	none	0	none	none	none	0	none	none	none	0	none	none	none	0	none	none	none	0	none	none	none	0	none	none	none	0	none	none	none	none	none	none	none	none	none	none	none	none	none	none	none	none	none	none	none	none	none	none	none	none	none	none	none	none	none	none	none	none	none	none	none	none	none	none	none	none	none	none	MSS	none
P-0005330	none	none	none	none	Female	none	none	none	none	none	Not Hispanic	none	none	none	none	none	none	none	none	none	none	none	none	none	BLACK OR AFRICAN AMERICAN	none	none	none	1	4.241	none	none	none	none	none	none	none	P-0005330-T02-IM5	GIST	Gastrointestinal Stromal Tumor	Gastrointestinal Stromal Tumor	none	none	none	none	none	none	none	Primary	1.17	none	Matched	none	MSKCC	P-0005330	none	IMATINIB| SUNITINIB| SORAFENIB| CLINICAL TRIAL| PAZOPANIB	none	0	none	none	none	0	none	none	none	0	none	none	none	0	none	none	none	0	none	none	none	0	none	none	none	0	none	none	none	0	none	none	none	0	none	none	none	0	none	none	none	0	none	none	none	0	none	none	none	0	none	none	none	0	none	none	none	0	none	none	none	0	none	none	none	0	none	none	none	0	none	none	none	0	none	none	none	0	none	none	none	0	none	none	none	0	none	none	none	none	none	none	none	none	none	none	none	none	none	none	none	none	none	none	none	none	none	none	none	none	none	none	none	none	none	none	none	none	none	none	none	none	none	none	none	none	none	none	MSI	none
P-0005379	none	none	none	none	Female	none	none	none	none	none	Not Hispanic	none	none	none	none	none	none	none	none	none	none	none	none	none	WHITE	none	none	none	0	86.794	none	none	none	none	none	none	none	P-0005379-T02-IM6	GIST	Gastrointestinal Stromal Tumor	Gastrointestinal Stromal Tumor	none	none	none	none	none	none	none	Metastasis	0	none	Matched	none	none	P-0005379	none	IMATINIB	none	0	none	none	none	0	none	none	none	0	none	none	none	0	none	none	none	0	none	none	none	0	none	none	none	0	none	none	none	0	none	none	none	0	none	none	none	0	none	none	none	0	none	none	none	0	none	none	none	0	none	none	none	0	none	none	none	0	none	none	none	0	none	none	none	0	none	none	none	0	none	none	none	0	none	none	none	0	none	none	none	0	none	none	none	0	none	none	none	none	none	none	none	none	none	none	none	none	none	none	none	none	none	none	none	none	none	none	none	none	none	none	none	none	none	none	none	none	none	none	none	none	none	none	none	none	none	none	MSS	none
P-0005453	none	none	none	none	Male	none	none	none	none	none	Not Hispanic	none	none	none	none	none	none	none	none	none	none	none	none	none	ASIAN-FAR EAST/INDIAN SUBCONT	none	none	none	0	70.356	none	none	none	none	none	none	none	P-0005453-T01-IM5	GIST	Gastrointestinal Stromal Tumor	Gastrointestinal Stromal Tumor	none	none	none	none	none	none	none	Primary	0.28	none	Matched	none	MSKCC	P-0005453	none	none	none	0	none	none	none	0	none	none	none	0	none	none	none	0	none	none	none	0	none	none	none	0	none	none	none	0	none	none	none	0	none	none	none	0	none	none	none	0	none	none	none	0	none	none	none	0	none	none	none	0	none	none	none	0	none	none	none	0	none	none	none	0	none	none	none	0	none	none	none	0	none	none	none	0	none	none	none	0	none	none	none	0	none	none	none	0	none	none	none	none	none	none	none	none	none	none	none	none	none	none	none	none	none	none	none	none	none	none	none	none	none	none	none	none	none	none	none	none	none	none	none	none	none	none	none	none	none	none	MSS	none
P-0005481	none	none	none	none	Male	none	none	none	none	none	Not Hispanic	none	none	none	none	none	none	none	none	none	none	none	none	none	WHITE	none	none	none	0	86.038	none	none	none	none	none	none	none	P-0005481-T01-IM5	GIST	Gastrointestinal Stromal Tumor	Gastrointestinal Stromal Tumor	none	none	none	none	none	none	none	Primary	0	none	Matched	none	MSKCC	P-0005481	none	IMATINIB	none	0	none	none	none	0	none	none	none	0	none	none	none	0	none	none	none	0	none	none	none	0	none	none	none	0	none	none	none	0	none	none	none	0	none	none	none	0	none	none	none	0	none	none	none	0	none	none	none	0	none	none	none	0	none	none	none	0	none	none	none	0	none	none	none	0	none	none	none	0	none	none	none	0	none	none	none	0	none	none	none	0	none	none	none	0	none	none	none	none	none	none	none	none	none	none	none	none	none	none	none	none	none	none	none	none	none	none	none	none	none	none	none	none	none	none	none	none	none	none	none	none	none	none	none	none	none	none	MSS	none
P-0005505	none	none	none	none	Male	none	none	none	none	none	Not Hispanic	none	none	none	none	none	none	none	none	none	none	none	none	none	WHITE	none	none	none	0	4.175	none	none	none	none	none	none	none	P-0005505-T01-IM5	GIST	Gastrointestinal Stromal Tumor	Gastrointestinal Stromal Tumor	none	none	none	none	none	none	none	Primary	0.19	none	Matched	none	MSKCC	P-0005505	none	IMATINIB	none	0	none	none	none	0	none	none	none	0	none	none	none	0	none	none	none	0	none	none	none	0	none	none	none	0	none	none	none	0	none	none	none	0	none	none	none	0	none	none	none	0	none	none	none	0	none	none	none	0	none	none	none	0	none	none	none	0	none	none	none	0	none	none	none	0	none	none	none	0	none	none	none	0	none	none	none	0	none	none	none	0	none	none	none	0	none	none	none	none	none	none	none	none	none	none	none	none	none	none	none	none	none	none	none	none	none	none	none	none	none	none	none	none	none	none	none	none	none	none	none	none	none	none	none	none	none	none	MSS	none
P-0005605	none	none	none	none	Female	none	none	none	none	none	Not Hispanic	none	none	none	none	none	none	none	none	none	none	none	none	none	WHITE	none	none	none	0	86.236	none	none	none	none	none	none	none	P-0005605-T01-IM5	GIST	Gastrointestinal Stromal Tumor	Gastrointestinal Stromal Tumor	none	none	none	none	none	none	none	Primary	0.42	none	Matched	none	MSKCC	P-0005605	none	IMATINIB	none	0	none	none	none	0	none	none	none	0	none	none	none	1	Missense_Mutation	p.H1047L	none	0	none	none	none	0	none	none	none	0	none	none	none	0	none	none	none	0	none	none	none	0	none	none	none	0	none	none	none	0	none	none	none	0	none	none	none	0	none	none	none	0	none	none	none	0	none	none	none	0	none	none	none	0	none	none	none	0	none	none	none	0	none	none	none	0	none	none	none	0	none	none	none	none	none	none	none	none	none	none	none	none	none	none	none	none	none	none	none	none	none	none	none	none	none	none	none	none	none	none	none	none	none	none	none	none	none	none	none	none	none	none	Indeterminate	none
P-0005626	none	none	none	none	Male	none	none	none	none	none	Not Hispanic	none	none	none	none	none	none	none	none	none	none	none	none	none	WHITE	none	none	none	0	84.92	none	none	none	none	none	none	none	P-0005626-T02-IM5	GIST	Gastrointestinal Stromal Tumor	Gastrointestinal Stromal Tumor	none	none	none	none	none	none	none	Primary	0.71	none	Matched	none	MSKCC	P-0005626	none	IMATINIB	none	0	none	none	none	0	none	none	none	0	none	none	none	0	none	none	none	0	none	none	none	0	none	none	none	0	none	none	none	0	none	none	none	0	none	none	none	0	none	none	none	0	none	none	none	0	none	none	none	0	none	none	none	0	none	none	none	0	none	none	none	0	none	none	none	0	none	none	none	0	none	none	none	0	none	none	none	0	none	none	none	0	none	none	none	0	none	none	none	none	none	none	none	none	none	none	none	none	none	none	none	none	none	none	none	none	none	none	none	none	none	none	none	none	none	none	none	none	none	none	none	none	none	none	none	none	none	none	MSI	none
P-0005737	none	none	none	none	Female	none	none	none	none	none	Not Hispanic	none	none	none	none	none	none	none	none	none	none	none	none	none	WHITE	none	none	none	0	82.257	none	none	none	none	none	none	none	P-0005737-T02-IM5	GIST	Gastrointestinal Stromal Tumor	Gastrointestinal Stromal Tumor	none	none	none	none	none	none	none	Primary	1.03	none	Matched	none	MSKCC	P-0005737	none	IMATINIB	none	0	none	none	none	0	none	none	none	0	none	none	none	0	none	none	none	0	none	none	none	0	none	none	none	0	none	none	none	0	none	none	none	0	none	none	none	0	none	none	none	0	none	none	none	0	none	none	none	0	none	none	none	0	none	none	none	0	none	none	none	1	In_Frame_Del	p.E1060del	none	0	none	none	none	0	none	none	none	0	none	none	none	0	none	none	none	0	none	none	none	0	none	none	none	none	none	none	none	none	none	none	none	none	none	none	none	none	none	none	none	none	none	none	none	none	none	none	none	none	none	none	none	none	none	none	none	none	none	none	none	none	none	none	MSI	none
P-0005780	none	none	none	none	Male	none	none	none	none	none	Not Hispanic	none	none	none	none	none	none	none	none	none	none	none	none	none	ASIAN-FAR EAST/INDIAN SUBCONT	none	none	none	0	64.011	none	none	none	none	none	none	none	P-0005780-T01-IM5	GIST	Gastrointestinal Stromal Tumor	Gastrointestinal Stromal Tumor	none	none	none	none	none	none	none	Primary	0.17	none	Matched	none	MSKCC	P-0005780	none	IMATINIB	none	0	none	none	none	0	none	none	none	0	none	none	none	0	none	none	none	0	none	none	none	0	none	none	none	0	none	none	none	0	none	none	none	0	none	none	none	0	none	none	none	0	none	none	none	0	none	none	none	0	none	none	none	0	none	none	none	0	none	none	none	0	none	none	none	0	none	none	none	0	none	none	none	0	none	none	none	0	none	none	none	0	none	none	none	0	none	none	none	none	none	none	none	none	none	none	none	none	none	none	none	none	none	none	none	none	none	none	none	none	none	none	none	none	none	none	none	none	none	none	none	none	none	none	none	none	none	none	MSS	none
P-0005891	none	none	none	none	Female	none	none	none	none	none	Not Hispanic	none	none	none	none	none	none	none	none	none	none	none	none	none	BLACK OR AFRICAN AMERICAN	none	none	none	1	31.101	none	none	none	none	none	none	none	P-0005891-T01-IM5	GIST	Gastrointestinal Stromal Tumor	Gastrointestinal Stromal Tumor	none	none	none	none	none	none	none	Metastasis	0.42	none	Matched	none	MSKCC	P-0005891	none	IMATINIB| SUNITINIB| EVEROLIMUS	none	0	none	none	none	0	none	none	none	0	none	none	none	0	none	none	none	0	none	none	none	0	none	none	none	0	none	none	none	0	none	none	none	0	none	none	none	0	none	none	none	0	none	none	none	0	none	none	none	0	none	none	none	0	none	none	none	0	none	none	none	0	none	none	none	0	none	none	none	0	none	none	none	0	none	none	none	0	none	none	none	0	none	none	none	0	none	none	none	none	none	none	none	none	none	none	none	none	none	none	none	none	none	none	none	none	none	none	none	none	none	none	none	none	none	none	none	none	none	none	none	none	none	none	none	none	none	none	Indeterminate	none
P-0005923	none	none	none	none	Male	none	none	none	none	none	Not Hispanic	none	none	none	none	none	none	none	none	none	none	none	none	none	ASIAN-FAR EAST/INDIAN SUBCONT	none	none	none	1	42.871	none	none	none	none	none	none	none	P-0005923-T01-IM5	GIST	Gastrointestinal Stromal Tumor	Gastrointestinal Stromal Tumor	none	none	none	none	none	none	none	Primary	0.16	none	Matched	none	MSKCC	P-0005923	none	none	none	0	none	none	none	0	none	none	none	0	none	none	none	0	none	none	none	0	none	none	none	0	none	none	none	0	none	none	none	0	none	none	none	0	none	none	none	0	none	none	none	0	none	none	none	0	none	none	none	0	none	none	none	0	none	none	none	0	none	none	none	0	none	none	none	0	none	none	none	0	none	none	none	0	none	none	none	0	none	none	none	0	none	none	none	0	none	none	none	none	none	none	none	none	none	none	none	none	none	none	none	none	none	none	none	none	none	none	none	none	none	none	none	none	none	none	none	none	none	none	none	none	none	none	none	none	none	none	MSS	none
P-0005986	none	none	none	none	Male	none	none	none	none	none	Not Hispanic	none	none	none	none	none	none	none	none	none	none	none	none	none	WHITE	none	none	none	1	14.268	none	none	none	none	none	none	none	P-0005986-T01-IM5	GIST	Gastrointestinal Stromal Tumor	Gastrointestinal Stromal Tumor	none	none	none	none	none	none	none	Primary	0.17	none	Matched	none	MSKCC	P-0005986	none	none	none	0	none	none	none	0	none	none	none	0	none	none	none	0	none	none	none	0	none	none	none	0	none	none	none	0	none	none	none	0	none	none	none	0	none	none	none	0	none	none	none	0	none	none	none	0	none	none	none	0	none	none	none	0	none	none	none	0	none	none	none	0	none	none	none	0	none	none	none	0	none	none	none	0	none	none	none	0	none	none	none	0	none	none	none	0	none	none	none	none	none	none	none	none	none	none	none	none	none	none	none	none	none	none	none	none	none	none	none	none	none	none	none	none	none	none	none	none	none	none	none	none	none	none	none	none	none	none	MSS	none
P-0006104	none	none	none	none	Male	none	none	none	none	none	Not Hispanic	none	none	none	none	none	none	none	none	none	none	none	none	none	WHITE	none	none	none	1	63.123	none	none	none	none	none	none	none	P-0006104-T02-IM6	GIST	Gastrointestinal Stromal Tumor	Gastrointestinal Stromal Tumor	none	none	none	none	none	none	none	Metastasis	0.77	none	Matched	none	MSKCC	P-0006104	none	IMATINIB| SUNITINIB| NILOTINIB| REGORAFENIB	none	0	none	none	none	0	none	none	none	0	none	none	none	0	none	none	none	0	none	none	none	0	none	none	none	0	none	none	none	0	none	none	none	0	none	none	none	0	none	none	none	0	none	none	none	0	none	none	none	0	none	none	none	0	none	none	none	0	none	none	none	0	none	none	none	0	none	none	none	0	none	none	none	0	none	none	none	0	none	none	none	0	none	none	none	0	none	none	none	none	none	none	none	none	none	none	none	none	none	none	none	none	none	none	none	none	none	none	none	none	none	none	none	none	none	none	none	none	none	none	none	none	none	none	none	none	none	none	MSI	none
P-0006120	none	none	none	none	Female	none	none	none	none	none	none	none	none	none	none	none	none	none	none	none	none	none	none	none	WHITE	none	none	none	0	76.044	none	none	none	none	none	none	none	P-0006120-T01-IM5	GIST	Gastrointestinal Stromal Tumor	Gastrointestinal Stromal Tumor	none	none	none	none	none	none	none	Primary	0.41	none	Matched	none	MSKCC	P-0006120	none	IMATINIB	none	0	none	none	none	0	none	none	none	0	none	none	none	0	none	none	none	0	none	none	none	0	none	none	none	0	none	none	none	0	none	none	none	0	none	none	none	0	none	none	none	0	none	none	none	0	none	none	none	0	none	none	none	0	none	none	none	0	none	none	none	0	none	none	none	0	none	none	none	0	none	none	none	0	none	none	none	0	none	none	none	0	none	none	none	0	none	none	none	none	none	none	none	none	none	none	none	none	none	none	none	none	none	none	none	none	none	none	none	none	none	none	none	none	none	none	none	none	none	none	none	none	none	none	none	none	none	none	Indeterminate	none
P-0006293	none	none	none	none	Female	none	none	none	none	none	Not Hispanic	none	none	none	none	none	none	none	none	none	none	none	none	none	ASIAN-FAR EAST/INDIAN SUBCONT	none	none	none	0	84.888	none	none	none	none	none	none	none	P-0006293-T01-IM5	GIST	Gastrointestinal Stromal Tumor	Gastrointestinal Stromal Tumor	none	none	none	none	none	none	none	Primary	0.45	none	Matched	none	MSKCC	P-0006293	none	IMATINIB	none	0	none	none	none	0	none	none	none	0	none	none	none	0	none	none	none	0	none	none	none	0	none	none	none	0	none	none	none	0	none	none	none	0	none	none	none	0	none	none	none	0	none	none	none	0	none	none	none	0	none	none	none	0	none	none	none	0	none	none	none	0	none	none	none	0	none	none	none	0	none	none	none	0	none	none	none	0	none	none	none	0	none	none	none	0	none	none	none	none	none	none	none	none	none	none	none	none	none	none	none	none	none	none	none	none	none	none	none	none	none	none	none	none	none	none	none	none	none	none	none	none	none	none	none	none	none	none	Indeterminate	none
P-0006295	none	none	none	none	Female	none	none	none	none	none	Hispanic	none	none	none	none	none	none	none	none	none	none	none	none	none	WHITE	none	none	none	0	82.389	none	none	none	none	none	none	none	P-0006295-T01-IM5	GIST	Gastrointestinal Stromal Tumor	Gastrointestinal Stromal Tumor	none	none	none	none	none	none	none	Primary	0	none	Matched	none	MSKCC	P-0006295	none	none	none	0	none	none	none	0	none	none	none	0	none	none	none	0	none	none	none	0	none	none	none	0	none	none	none	0	none	none	none	0	none	none	none	0	none	none	none	0	none	none	none	0	none	none	none	0	none	none	none	0	none	none	none	0	none	none	none	0	none	none	none	0	none	none	none	0	none	none	none	0	none	none	none	0	none	none	none	0	none	none	none	0	none	none	none	0	none	none	none	none	none	none	none	none	none	none	none	none	none	none	none	none	none	none	none	none	none	none	none	none	none	none	none	none	none	none	none	none	none	none	none	none	none	none	none	none	none	none	MSS	none
P-0006320	none	none	none	none	Female	none	none	none	none	none	Not Hispanic	none	none	none	none	none	none	none	none	none	none	none	none	none	ASIAN-FAR EAST/INDIAN SUBCONT	none	none	none	0	76.833	none	none	none	none	none	none	none	P-0006320-T01-IM5	GIST	Gastrointestinal Stromal Tumor	Gastrointestinal Stromal Tumor	none	none	none	none	none	none	none	Primary	0.15	none	Matched	none	MSKCC	P-0006320	none	IMATINIB	none	0	none	none	none	0	none	none	none	0	none	none	none	0	none	none	none	0	none	none	none	0	none	none	none	0	none	none	none	0	none	none	none	0	none	none	none	0	none	none	none	0	none	none	none	0	none	none	none	0	none	none	none	0	none	none	none	0	none	none	none	0	none	none	none	0	none	none	none	0	none	none	none	0	none	none	none	0	none	none	none	0	none	none	none	0	none	none	none	none	none	none	none	none	none	none	none	none	none	none	none	none	none	none	none	none	none	none	none	none	none	none	none	none	none	none	none	none	none	none	none	none	none	none	none	none	none	none	MSS	none
P-0006325	none	none	none	none	Female	none	none	none	none	none	Not Hispanic	none	none	none	none	none	none	none	none	none	none	none	none	none	WHITE	none	none	none	0	65.457	none	none	none	none	none	none	none	P-0006325-T01-IM5	GIST	Gastrointestinal Stromal Tumor	Gastrointestinal Stromal Tumor	none	none	none	none	none	none	none	Primary	0.14	none	Matched	none	MSKCC	P-0006325	none	IMATINIB	none	0	none	none	none	0	none	none	none	0	none	none	none	0	none	none	none	0	none	none	none	0	none	none	none	0	none	none	none	0	none	none	none	0	none	none	none	0	none	none	none	0	none	none	none	0	none	none	none	0	none	none	none	0	none	none	none	0	none	none	none	0	none	none	none	0	none	none	none	0	none	none	none	0	none	none	none	0	none	none	none	0	none	none	none	0	none	none	none	none	none	none	none	none	none	none	none	none	none	none	none	none	none	none	none	none	none	none	none	none	none	none	none	none	none	none	none	none	none	none	none	none	none	none	none	none	none	none	MSS	none
P-0006343	none	none	none	none	Female	none	none	none	none	none	Not Hispanic	none	none	none	none	none	none	none	none	none	none	none	none	none	WHITE	none	none	none	0	86.301	none	none	none	none	none	none	none	P-0006343-T02-IM6	GIST	Gastrointestinal Stromal Tumor	Gastrointestinal Stromal Tumor	none	none	none	none	none	none	none	Primary	0	none	Matched	none	MSKCC	P-0006343	none	none	none	0	none	none	none	0	none	none	none	0	none	none	none	0	none	none	none	0	none	none	none	0	none	none	none	0	none	none	none	0	none	none	none	0	none	none	none	0	none	none	none	0	none	none	none	0	none	none	none	0	none	none	none	0	none	none	none	0	none	none	none	0	none	none	none	0	none	none	none	0	none	none	none	0	none	none	none	0	none	none	none	0	none	none	none	0	none	none	none	none	none	none	none	none	none	none	none	none	none	none	none	none	none	none	none	none	none	none	none	none	none	none	none	none	none	none	none	none	none	none	none	none	none	none	none	none	none	none	MSS	none
P-0006449	none	none	none	none	none	none	none	none	none	none	none	none	none	none	none	none	none	none	none	none	none	none	none	none	none	none	none	none	none	none	none	none	none	none	none	none	none	P-0006449-T01-IM5	GIST	Gastrointestinal Stromal Tumor	Gastrointestinal Stromal Tumor	none	none	none	none	none	none	none	Primary	0	none	Matched	none	MSKCC	P-0006449	none	none	none	0	none	none	none	0	none	none	none	0	none	none	none	0	none	none	none	0	none	none	none	0	none	none	none	0	none	none	none	0	none	none	none	0	none	none	none	0	none	none	none	0	none	none	none	0	none	none	none	0	none	none	none	0	none	none	none	0	none	none	none	0	none	none	none	0	none	none	none	0	none	none	none	0	none	none	none	0	none	none	none	0	none	none	none	0	none	none	none	none	none	none	none	none	none	none	none	none	none	none	none	none	none	none	none	none	none	none	none	none	none	none	none	none	none	none	none	none	none	none	none	none	none	none	none	none	none	none	MSS	none
P-0006473	none	none	none	none	Male	none	none	none	none	none	Not Hispanic	none	none	none	none	none	none	none	none	none	none	none	none	none	WHITE	none	none	none	0	64.011	none	none	none	none	none	none	none	P-0006473-T01-IM5	GIST	Gastrointestinal Stromal Tumor	Gastrointestinal Stromal Tumor	none	none	none	none	none	none	none	Primary	0.43	none	Matched	none	MSKCC	P-0006473	none	IMATINIB	none	0	none	none	none	0	none	none	none	0	none	none	none	0	none	none	none	0	none	none	none	0	none	none	none	0	none	none	none	0	none	none	none	0	none	none	none	0	none	none	none	0	none	none	none	0	none	none	none	0	none	none	none	0	none	none	none	0	none	none	none	0	none	none	none	0	none	none	none	0	none	none	none	0	none	none	none	0	none	none	none	0	none	none	none	0	none	none	none	none	none	none	none	none	none	none	none	none	none	none	none	none	none	none	none	none	none	none	none	none	none	none	none	none	none	none	none	none	none	none	none	none	none	none	none	none	none	none	Indeterminate	none
P-0006501	none	none	none	none	Female	none	none	none	none	none	Not Hispanic	none	none	none	none	none	none	none	none	none	none	none	none	none	WHITE	none	none	none	0	80.91	none	none	none	none	none	none	none	P-0006501-T01-IM5	GIST	Gastrointestinal Stromal Tumor	Gastrointestinal Stromal Tumor	none	none	none	none	none	none	none	Metastasis	0.33	none	Matched	none	MSKCC	P-0006501	none	none	none	0	none	none	none	0	none	none	none	0	none	none	none	0	none	none	none	0	none	none	none	0	none	none	none	0	none	none	none	0	none	none	none	0	none	none	none	0	none	none	none	0	none	none	none	0	none	none	none	0	none	none	none	0	none	none	none	0	none	none	none	0	none	none	none	0	none	none	none	0	none	none	none	0	none	none	none	0	none	none	none	0	none	none	none	0	none	none	none	none	none	none	none	none	none	none	none	none	none	none	none	none	none	none	none	none	none	none	none	none	none	none	none	none	none	none	none	none	none	none	none	none	none	none	none	none	none	none	MSS	none
P-0006638	none	none	none	none	Male	none	none	none	none	none	Not Hispanic	none	none	none	none	none	none	none	none	none	none	none	none	none	WHITE	none	none	none	0	none	none	none	none	none	none	none	none	P-0006638-T01-IM5	GIST	Gastrointestinal Stromal Tumor	Gastrointestinal Stromal Tumor	none	none	none	none	none	none	none	Metastasis	1.12	none	Matched	none	MSKCC	P-0006638	none	IMATINIB| SUNITINIB| PAZOPANIB & RAPAMYCIN| CLINICAL TRAIL (DUAL PI3KCA/MTOR I GDCC0980| SORAFENIB	none	0	none	none	none	0	none	none	none	0	none	none	none	0	none	none	none	0	none	none	none	0	none	none	none	0	none	none	none	0	none	none	none	0	none	none	none	0	none	none	none	0	none	none	none	0	none	none	none	0	none	none	none	0	none	none	none	0	none	none	none	0	none	none	none	0	none	none	none	1	Missense_Mutation	p.G782C	none	0	none	none	none	0	none	none	none	0	none	none	none	0	none	none	none	none	none	none	none	none	none	none	none	none	none	none	none	none	none	none	none	none	none	none	none	none	none	none	none	none	none	none	none	none	none	none	none	none	none	none	none	none	none	none	MSI	none
P-0006664	none	none	none	none	Male	none	none	none	none	none	Not Hispanic	none	none	none	none	none	none	none	none	none	none	none	none	none	WHITE	none	none	none	1	56.581	none	none	none	none	none	none	none	P-0006664-T02-IM6	GIST	Gastrointestinal Stromal Tumor	Gastrointestinal Stromal Tumor	none	none	none	none	none	none	none	Metastasis	0.89	none	Matched	none	MSKCC	P-0006664	none	IMATINIB| SUNITINIB| CLINICAL TRIAL	none	0	none	none	none	0	none	none	none	0	none	none	none	0	none	none	none	0	none	none	none	0	none	none	none	0	none	none	none	0	none	none	none	0	none	none	none	0	none	none	none	0	none	none	none	0	none	none	none	0	none	none	none	0	none	none	none	0	none	none	none	0	none	none	none	0	none	none	none	0	none	none	none	0	none	none	none	0	none	none	none	0	none	none	none	0	none	none	none	none	none	none	none	none	none	none	none	none	none	none	none	none	none	none	none	none	none	none	none	none	none	none	none	none	none	none	none	none	none	none	none	none	none	none	none	none	none	none	MSI	none
P-0006712	none	none	none	none	Male	none	none	none	none	none	Not Hispanic	none	none	none	none	none	none	none	none	none	none	none	none	none	WHITE	none	none	none	0	85.183	none	none	none	none	none	none	none	P-0006712-T02-IM7	GIST	Gastrointestinal Stromal Tumor	Gastrointestinal Stromal Tumor	none	none	none	none	none	none	none	Metastasis	0.18	none	Matched	none	MSKCC	P-0006712	none	IMATINIB	none	0	none	none	none	0	none	none	none	0	none	none	none	0	none	none	none	0	none	none	none	0	none	none	none	0	none	none	none	0	none	none	none	0	none	none	none	0	none	none	none	0	none	none	none	0	none	none	none	0	none	none	none	0	none	none	none	0	none	none	none	0	none	none	none	0	none	none	none	0	none	none	none	0	none	none	none	0	none	none	none	0	none	none	none	0	none	none	none	none	none	none	none	none	none	none	none	none	none	none	none	none	none	none	none	none	none	none	none	none	none	none	none	none	none	none	none	none	none	none	none	none	none	none	none	none	none	none	MSS	none
P-0006755	none	none	none	none	Female	none	none	none	none	none	Not Hispanic	none	none	none	none	none	none	none	none	none	none	none	none	none	BLACK OR AFRICAN AMERICAN	none	none	none	1	30.542	none	none	none	none	none	none	none	P-0006755-T01-IM5	GIST	Gastrointestinal Stromal Tumor	Gastrointestinal Stromal Tumor	none	none	none	none	none	none	none	Primary	0.3	none	Matched	none	MSKCC	P-0006755	none	none	none	0	none	none	none	0	none	none	none	0	none	none	none	0	none	none	none	0	none	none	none	0	none	none	none	0	none	none	none	0	none	none	none	0	none	none	none	0	none	none	none	0	none	none	none	0	none	none	none	0	none	none	none	0	none	none	none	0	none	none	none	0	none	none	none	0	none	none	none	0	none	none	none	0	none	none	none	0	none	none	none	0	none	none	none	0	none	none	none	none	none	none	none	none	none	none	none	none	none	none	none	none	none	none	none	none	none	none	none	none	none	none	none	none	none	none	none	none	none	none	none	none	none	none	none	none	none	none	MSS	none
P-0006875	none	none	none	none	Male	none	none	none	none	none	Not Hispanic	none	none	none	none	none	none	none	none	none	none	none	none	none	WHITE	none	none	none	0	14.663	none	none	none	none	none	none	none	P-0006875-T01-IM5	GIST	Gastrointestinal Stromal Tumor	Gastrointestinal Stromal Tumor	none	none	none	none	none	none	none	Primary	0.08	none	Matched	none	MSKCC	P-0006875	none	IMATINIB	none	0	none	none	none	0	none	none	none	0	none	none	none	0	none	none	none	0	none	none	none	0	none	none	none	0	none	none	none	0	none	none	none	0	none	none	none	0	none	none	none	0	none	none	none	0	none	none	none	0	none	none	none	0	none	none	none	0	none	none	none	0	none	none	none	0	none	none	none	0	none	none	none	0	none	none	none	0	none	none	none	0	none	none	none	0	none	none	none	none	none	none	none	none	none	none	none	none	none	none	none	none	none	none	none	none	none	none	none	none	none	none	none	none	none	none	none	none	none	none	none	none	none	none	none	none	none	none	MSS	none
P-0006901	none	none	none	none	Male	none	none	none	none	none	Not Hispanic	none	none	none	none	none	none	none	none	none	none	none	none	none	WHITE	none	none	none	0	25.151	none	none	none	none	none	none	none	P-0006901-T01-IM5	GIST	Gastrointestinal Stromal Tumor	Gastrointestinal Stromal Tumor	none	none	none	none	none	none	none	Metastasis	0.46	none	Matched	none	MSKCC	P-0006901	none	IMATINIB| SUNITINIB| REGORAFENIB| CLINICAL TRIAL	none	0	none	none	none	0	none	none	none	0	none	none	none	0	none	none	none	0	none	none	none	0	none	none	none	0	none	none	none	0	none	none	none	0	none	none	none	0	none	none	none	0	none	none	none	0	none	none	none	0	none	none	none	0	none	none	none	0	none	none	none	0	none	none	none	0	none	none	none	0	none	none	none	0	none	none	none	0	none	none	none	0	none	none	none	0	none	none	none	none	none	none	none	none	none	none	none	none	none	none	none	none	none	none	none	none	none	none	none	none	none	none	none	none	none	none	none	none	none	none	none	none	none	none	none	none	none	none	Indeterminate	none
P-0006932	none	none	none	none	Male	none	none	none	none	none	Not Hispanic	none	none	none	none	none	none	none	none	none	none	none	none	none	WHITE	none	none	none	1	73.414	none	none	none	none	none	none	none	P-0006932-T01-IM5	GIST	Gastrointestinal Stromal Tumor	Gastrointestinal Stromal Tumor	none	none	none	none	none	none	none	Metastasis	0.56	none	Matched	none	MSKCC	P-0006932	none	IMATINIB	none	0	none	none	none	0	none	none	none	0	none	none	none	0	none	none	none	0	none	none	none	0	none	none	none	0	none	none	none	0	none	none	none	0	none	none	none	0	none	none	none	0	none	none	none	0	none	none	none	0	none	none	none	0	none	none	none	0	none	none	none	0	none	none	none	0	none	none	none	0	none	none	none	0	none	none	none	0	none	none	none	0	none	none	none	0	none	none	none	none	none	none	none	none	none	none	none	none	none	none	none	none	none	none	none	none	none	none	none	none	none	none	none	none	none	none	none	none	none	none	none	none	none	none	none	none	none	none	Indeterminate	none
P-0006991	none	none	none	none	Male	none	none	none	none	none	Not Hispanic	none	none	none	none	none	none	none	none	none	none	none	none	none	WHITE	none	none	none	0	43.036	none	none	none	none	none	none	none	P-0006991-T01-IM5	GIST	Gastrointestinal Stromal Tumor	Gastrointestinal Stromal Tumor	none	none	none	none	none	none	none	Primary	0.58	none	Matched	none	MSKCC	P-0006991	none	IMATINIB| SUNITINIB| EVEROLIMUS	none	0	none	none	none	0	none	none	none	0	none	none	none	0	none	none	none	0	none	none	none	0	none	none	none	0	none	none	none	0	none	none	none	0	none	none	none	0	none	none	none	0	none	none	none	0	none	none	none	0	none	none	none	0	none	none	none	0	none	none	none	0	none	none	none	0	none	none	none	0	none	none	none	0	none	none	none	0	none	none	none	0	none	none	none	0	none	none	none	none	none	none	none	none	none	none	none	none	none	none	none	none	none	none	none	none	none	none	none	none	none	none	none	none	none	none	none	none	none	none	none	none	none	none	none	none	none	none	Indeterminate	none
P-0007230	none	none	none	none	Male	none	none	none	none	none	Not Hispanic	none	none	none	none	none	none	none	none	none	none	none	none	none	WHITE	none	none	none	1	20.679	none	none	none	none	none	none	none	P-0007230-T01-IM5	GIST	Gastrointestinal Stromal Tumor	Gastrointestinal Stromal Tumor	none	none	none	none	none	none	none	Metastasis	0.58	none	Matched	none	MSKCC	P-0007230	none	IMATINIB	none	0	none	none	none	0	none	none	none	0	none	none	none	0	none	none	none	0	none	none	none	0	none	none	none	0	none	none	none	0	none	none	none	0	none	none	none	0	none	none	none	0	none	none	none	0	none	none	none	0	none	none	none	0	none	none	none	0	none	none	none	0	none	none	none	0	none	none	none	0	none	none	none	0	none	none	none	0	none	none	none	0	none	none	none	0	none	none	none	none	none	none	none	none	none	none	none	none	none	none	none	none	none	none	none	none	none	none	none	none	none	none	none	none	none	none	none	none	none	none	none	none	none	none	none	none	none	none	Indeterminate	none
P-0007268	none	none	none	none	Male	none	none	none	none	none	Not Hispanic	none	none	none	none	none	none	none	none	none	none	none	none	none	WHITE	none	none	none	1	12.164	none	none	none	none	none	none	none	P-0007268-T02-IM5	GIST	Gastrointestinal Stromal Tumor	Gastrointestinal Stromal Tumor	none	none	none	none	none	none	none	Metastasis	0.09	none	Matched	none	MSKCC	P-0007268	none	IMATINIB| SUNITINIB| CT| CLINICAL TRIAL| SUNITINIB| EVEROLIMUS	none	0	none	none	none	1	Missense_Mutation	p.R248W	none	0	none	none	none	0	none	none	none	0	none	none	none	0	none	none	none	0	none	none	none	0	none	none	none	0	none	none	none	0	none	none	none	0	none	none	none	0	none	none	none	0	none	none	none	0	none	none	none	0	none	none	none	0	none	none	none	0	none	none	none	0	none	none	none	0	none	none	none	0	none	none	none	0	none	none	none	0	none	none	none	none	none	none	none	none	none	none	none	none	none	none	none	none	none	none	none	none	none	none	none	none	none	none	none	none	none	none	none	none	none	none	none	none	none	none	none	none	none	none	MSS	none
P-0007374	none	none	none	none	Female	none	none	none	none	none	Not Hispanic	none	none	none	none	none	none	none	none	none	none	none	none	none	WHITE	none	none	none	0	62.268	none	none	none	none	none	none	none	P-0007374-T01-IM5	GIST	Gastrointestinal Stromal Tumor	Gastrointestinal Stromal Tumor	none	none	none	none	none	none	none	Primary	0	none	Matched	none	MSKCC	P-0007374	none	none	none	0	none	none	none	0	none	none	none	0	none	none	none	0	none	none	none	0	none	none	none	0	none	none	none	0	none	none	none	0	none	none	none	0	none	none	none	0	none	none	none	0	none	none	none	0	none	none	none	0	none	none	none	0	none	none	none	0	none	none	none	0	none	none	none	0	none	none	none	0	none	none	none	0	none	none	none	0	none	none	none	0	none	none	none	0	none	none	none	none	none	none	none	none	none	none	none	none	none	none	none	none	none	none	none	none	none	none	none	none	none	none	none	none	none	none	none	none	none	none	none	none	none	none	none	none	none	none	MSS	none
P-0007501	none	none	none	none	Female	none	none	none	none	none	Not Hispanic	none	none	none	none	none	none	none	none	none	none	none	none	none	WHITE	none	none	none	0	77.655	none	none	none	none	none	none	none	P-0007501-T01-IM5	GIST	Gastrointestinal Stromal Tumor	Gastrointestinal Stromal Tumor	none	none	none	none	none	none	none	Primary	0.09	none	Matched	none	MSKCC	P-0007501	none	none	none	0	none	none	none	0	none	none	none	0	none	none	none	0	none	none	none	0	none	none	none	0	none	none	none	0	none	none	none	0	none	none	none	0	none	none	none	0	none	none	none	0	none	none	none	0	none	none	none	0	none	none	none	0	none	none	none	0	none	none	none	0	none	none	none	0	none	none	none	0	none	none	none	0	none	none	none	0	none	none	none	0	none	none	none	0	none	none	none	none	none	none	none	none	none	none	none	none	none	none	none	none	none	none	none	none	none	none	none	none	none	none	none	none	none	none	none	none	none	none	none	none	none	none	none	none	none	none	MSS	none
P-0007513	none	none	none	none	Female	none	none	none	none	none	Hispanic	none	none	none	none	none	none	none	none	none	none	none	none	none	WHITE	none	none	none	1	34.751	none	none	none	none	none	none	none	P-0007513-T03-IM5	GIST	Gastrointestinal Stromal Tumor	Gastrointestinal Stromal Tumor	none	none	none	none	none	none	none	Primary	0.53	none	Matched	none	MSKCC	P-0007513	none	IMATINIB| SUNITINIB| REGORAFENIB| IMATINIB	none	0	none	none	none	0	none	none	none	0	none	none	none	0	none	none	none	0	none	none	none	0	none	none	none	0	none	none	none	0	none	none	none	0	none	none	none	0	none	none	none	0	none	none	none	0	none	none	none	0	none	none	none	0	none	none	none	0	none	none	none	0	none	none	none	0	none	none	none	0	none	none	none	0	none	none	none	0	none	none	none	0	none	none	none	0	none	none	none	none	none	none	none	none	none	none	none	none	none	none	none	none	none	none	none	none	none	none	none	none	none	none	none	none	none	none	none	none	none	none	none	none	none	none	none	none	none	none	Indeterminate	none
P-0007519	none	none	none	none	Female	none	none	none	none	none	Not Hispanic	none	none	none	none	none	none	none	none	none	none	none	none	none	WHITE	none	none	none	0	47.54	none	none	none	none	none	none	none	P-0007519-T01-IM5	GIST	Gastrointestinal Stromal Tumor	Gastrointestinal Stromal Tumor	none	none	none	none	none	none	none	Primary	0.84	none	Matched	none	MSKCC	P-0007519	none	none	none	0	none	none	none	0	none	none	none	0	none	none	none	0	none	none	none	0	none	none	none	0	none	none	none	0	none	none	none	0	none	none	none	0	none	none	none	0	none	none	none	0	none	none	none	0	none	none	none	0	none	none	none	0	none	none	none	0	none	none	none	0	none	none	none	0	none	none	none	0	none	none	none	0	none	none	none	0	none	none	none	0	none	none	none	0	none	none	none	none	none	none	none	none	none	none	none	none	none	none	none	none	none	none	none	none	none	none	none	none	none	none	none	none	none	none	none	none	none	none	none	none	none	none	none	none	none	none	MSI	none
P-0007646	none	none	none	none	Female	none	none	none	none	none	Not Hispanic	none	none	none	none	none	none	none	none	none	none	none	none	none	WHITE	none	none	none	0	59.441	none	none	none	none	none	none	none	P-0007646-T01-IM5	GIST	Gastrointestinal Stromal Tumor	Gastrointestinal Stromal Tumor	none	none	none	none	none	none	none	Primary	0.09	none	Matched	none	MSKCC	P-0007646	none	none	none	0	none	none	none	0	none	none	none	0	none	none	none	0	none	none	none	0	none	none	none	0	none	none	none	0	none	none	none	0	none	none	none	0	none	none	none	0	none	none	none	0	none	none	none	0	none	none	none	0	none	none	none	0	none	none	none	0	none	none	none	0	none	none	none	0	none	none	none	0	none	none	none	0	none	none	none	0	none	none	none	0	none	none	none	0	none	none	none	none	none	none	none	none	none	none	none	none	none	none	none	none	none	none	none	none	none	none	none	none	none	none	none	none	none	none	none	none	none	none	none	none	none	none	none	none	none	none	MSS	none
P-0007702	none	none	none	none	Female	none	none	none	none	none	Not Hispanic	none	none	none	none	none	none	none	none	none	none	none	none	none	BLACK OR AFRICAN AMERICAN	none	none	none	0	83.375	none	none	none	none	none	none	none	P-0007702-T02-IM6	GIST	Gastrointestinal Stromal Tumor	Gastrointestinal Stromal Tumor	none	none	none	none	none	none	none	Primary	1.62	none	Matched	none	MSKCC	P-0007702	none	CLINICAL TRIAL	none	0	none	none	none	0	none	none	none	0	none	none	none	0	none	none	none	0	none	none	none	0	none	none	none	0	none	none	none	0	none	none	none	0	none	none	none	0	none	none	none	0	none	none	none	0	none	none	none	0	none	none	none	0	none	none	none	0	none	none	none	0	none	none	none	0	none	none	none	0	none	none	none	0	none	none	none	0	none	none	none	0	none	none	none	0	none	none	none	none	none	none	none	none	none	none	none	none	none	none	none	none	none	none	none	none	none	none	none	none	none	none	none	none	none	none	none	none	none	none	none	none	none	none	none	none	none	none	MSI	none
P-0007890	none	none	none	none	Male	none	none	none	none	none	Not Hispanic	none	none	none	none	none	none	none	none	none	none	none	none	none	WHITE	none	none	none	0	12.723	none	none	none	none	none	none	none	P-0007890-T01-IM5	GIST	Gastrointestinal Stromal Tumor	Gastrointestinal Stromal Tumor	none	none	none	none	none	none	none	Metastasis	2.05	none	Matched	none	MSKCC	P-0007890	none	IMATINIB	none	0	none	none	none	0	none	none	none	0	none	none	none	0	none	none	none	0	none	none	none	0	none	none	none	0	none	none	none	0	none	none	none	0	none	none	none	0	none	none	none	0	none	none	none	0	none	none	none	0	none	none	none	0	none	none	none	0	none	none	none	0	none	none	none	0	none	none	none	0	none	none	none	0	none	none	none	0	none	none	none	0	none	none	none	0	none	none	none	none	none	none	none	none	none	none	none	none	none	none	none	none	none	none	none	none	none	none	none	none	none	none	none	none	none	none	none	none	none	none	none	none	none	none	none	none	none	none	MSI	none
P-0007910	none	none	none	none	Male	none	none	none	none	none	Not Hispanic	none	none	none	none	none	none	none	none	none	none	none	none	none	WHITE	none	none	none	1	6.378	none	none	none	none	none	none	none	P-0007910-T01-IM5	GIST	Gastrointestinal Stromal Tumor	Gastrointestinal Stromal Tumor	none	none	none	none	none	none	none	Metastasis	2.59	none	Matched	none	MSKCC	P-0007910	none	IMATINIB| SUNITINIB| EVEROLIMUS	none	0	none	none	none	0	none	none	none	0	none	none	none	0	none	none	none	0	none	none	none	0	none	none	none	0	none	none	none	0	none	none	none	0	none	none	none	0	none	none	none	0	none	none	none	0	none	none	none	0	none	none	none	0	none	none	none	0	none	none	none	0	none	none	none	0	none	none	none	0	none	none	none	0	none	none	none	0	none	none	none	0	none	none	none	0	none	none	none	none	none	none	none	none	none	none	none	none	none	none	none	none	none	none	none	none	none	none	none	none	none	none	none	none	none	none	none	none	none	none	none	none	none	none	none	none	none	none	MSI	none
P-0007967	none	none	none	none	Female	none	none	none	none	none	Not Hispanic	none	none	none	none	none	none	none	none	none	none	none	none	none	WHITE	none	none	none	0	81.962	none	none	none	none	none	none	none	P-0007967-T01-IM5	GIST	Gastrointestinal Stromal Tumor	Gastrointestinal Stromal Tumor	none	none	none	none	none	none	none	Primary	1.28	none	Matched	none	MSKCC	P-0007967	none	none	none	0	none	none	none	0	none	none	none	0	none	none	none	0	none	none	none	0	none	none	none	0	none	none	none	0	none	none	none	0	none	none	none	0	none	none	none	0	none	none	none	0	none	none	none	0	none	none	none	0	none	none	none	0	none	none	none	0	none	none	none	0	none	none	none	0	none	none	none	0	none	none	none	0	none	none	none	0	none	none	none	0	none	none	none	0	none	none	none	none	none	none	none	none	none	none	none	none	none	none	none	none	none	none	none	none	none	none	none	none	none	none	none	none	none	none	none	none	none	none	none	none	none	none	none	none	none	none	MSI	none
P-0007976	none	none	none	none	Male	none	none	none	none	none	Not Hispanic	none	none	none	none	none	none	none	none	none	none	none	none	none	PT REFUSED TO ANSWER	none	none	none	1	7.266	none	none	none	none	none	none	none	P-0007976-T01-IM5	GIST	Gastrointestinal Stromal Tumor	Gastrointestinal Stromal Tumor	none	none	none	none	none	none	none	Metastasis	2.67	none	Matched	none	MSKCC	P-0007976	none	IMATINIB | SUNITINIB | REGORAFENIB | CLINICAL TRIAL | PAZOPANIB	none	0	none	none	none	0	none	none	none	0	none	none	none	0	none	none	none	0	none	none	none	0	none	none	none	0	none	none	none	0	none	none	none	0	none	none	none	0	none	none	none	0	none	none	none	0	none	none	none	0	none	none	none	0	none	none	none	0	none	none	none	0	none	none	none	0	none	none	none	0	none	none	none	0	none	none	none	0	none	none	none	0	none	none	none	0	none	none	none	none	none	none	none	none	none	none	none	none	none	none	none	none	none	none	none	none	none	none	none	none	none	none	none	none	none	none	none	none	none	none	none	none	none	none	none	none	none	none	MSI	none
P-0007985	none	none	none	none	Male	none	none	none	none	none	Not Hispanic	none	none	none	none	none	none	none	none	none	none	none	none	none	ASIAN-FAR EAST/INDIAN SUBCONT	none	none	none	0	83.079	none	none	none	none	none	none	none	P-0007985-T01-IM5	GIST	Gastrointestinal Stromal Tumor	Gastrointestinal Stromal Tumor	none	none	none	none	none	none	none	Primary	0.09	none	Matched	none	MSKCC	P-0007985	none	IMATINIB	none	0	none	none	none	0	none	none	none	0	none	none	none	0	none	none	none	0	none	none	none	0	none	none	none	0	none	none	none	0	none	none	none	0	none	none	none	0	none	none	none	0	none	none	none	0	none	none	none	0	none	none	none	0	none	none	none	0	none	none	none	0	none	none	none	0	none	none	none	0	none	none	none	0	none	none	none	0	none	none	none	0	none	none	none	0	none	none	none	none	none	none	none	none	none	none	none	none	none	none	none	none	none	none	none	none	none	none	none	none	none	none	none	none	none	none	none	none	none	none	none	none	none	none	none	none	none	none	MSS	none
P-0008084	none	none	none	none	Male	none	none	none	none	none	Not Hispanic	none	none	none	none	none	none	none	none	none	none	none	none	none	WHITE	none	none	none	1	30.247	none	none	none	none	none	none	none	P-0008084-T03-IM6	GIST	Gastrointestinal Stromal Tumor	Gastrointestinal Stromal Tumor	none	none	none	none	none	none	none	Metastasis	0.17	none	Matched	none	MSKCC	P-0008084	none	IMATINIB| SUNITINIB| REGORAFENIB| SUNITINIB| EVEROLIMUS	none	0	none	none	none	0	none	none	none	0	none	none	none	0	none	none	none	0	none	none	none	0	none	none	none	0	none	none	none	0	none	none	none	0	none	none	none	0	none	none	none	0	none	none	none	0	none	none	none	0	none	none	none	0	none	none	none	0	none	none	none	0	none	none	none	0	none	none	none	0	none	none	none	0	none	none	none	0	none	none	none	0	none	none	none	0	none	none	none	none	none	none	none	none	none	none	none	none	none	none	none	none	none	none	none	none	none	none	none	none	none	none	none	none	none	none	none	none	none	none	none	none	none	none	none	none	none	none	MSS	none
P-0008247	none	none	none	none	Female	none	none	none	none	none	Not Hispanic	none	none	none	none	none	none	none	none	none	none	none	none	none	WHITE	none	none	none	0	79.66	none	none	none	none	none	none	none	P-0008247-T01-IM5	GIST	Gastrointestinal Stromal Tumor	Gastrointestinal Stromal Tumor	none	none	none	none	none	none	none	Primary	0	none	Matched	none	MSKCC	P-0008247	none	IMATINIB	none	0	none	none	none	0	none	none	none	0	none	none	none	0	none	none	none	0	none	none	none	0	none	none	none	0	none	none	none	0	none	none	none	0	none	none	none	0	none	none	none	0	none	none	none	0	none	none	none	0	none	none	none	0	none	none	none	0	none	none	none	0	none	none	none	0	none	none	none	0	none	none	none	0	none	none	none	0	none	none	none	0	none	none	none	0	none	none	none	none	none	none	none	none	none	none	none	none	none	none	none	none	none	none	none	none	none	none	none	none	none	none	none	none	none	none	none	none	none	none	none	none	none	none	none	none	none	none	MSS	none
P-0008391	none	none	none	none	Female	none	none	none	none	none	Not Hispanic	none	none	none	none	none	none	none	none	none	none	none	none	none	WHITE	none	none	none	0	73.249	none	none	none	none	none	none	none	P-0008391-T02-IM5	GIST	Gastrointestinal Stromal Tumor	Gastrointestinal Stromal Tumor	none	none	none	none	none	none	none	Primary	0	none	Matched	none	MSKCC	P-0008391	none	none	none	0	none	none	none	0	none	none	none	0	none	none	none	0	none	none	none	0	none	none	none	0	none	none	none	0	none	none	none	0	none	none	none	0	none	none	none	0	none	none	none	0	none	none	none	0	none	none	none	0	none	none	none	0	none	none	none	0	none	none	none	0	none	none	none	0	none	none	none	0	none	none	none	0	none	none	none	0	none	none	none	0	none	none	none	0	none	none	none	none	none	none	none	none	none	none	none	none	none	none	none	none	none	none	none	none	none	none	none	none	none	none	none	none	none	none	none	none	none	none	none	none	none	none	none	none	none	none	MSS	none
P-0008468	none	none	none	none	Male	none	none	none	none	none	Not Hispanic	none	none	none	none	none	none	none	none	none	none	none	none	none	WHITE	none	none	none	1	5.458	none	none	none	none	none	none	none	P-0008468-T01-IM5	GIST	Gastrointestinal Stromal Tumor	Gastrointestinal Stromal Tumor	none	none	none	none	none	none	none	Primary	2.05	none	Matched	none	MSKCC	P-0008468	none	IMATINIB	none	0	none	none	none	0	none	none	none	0	none	none	none	0	none	none	none	0	none	none	none	0	none	none	none	0	none	none	none	0	none	none	none	0	none	none	none	0	none	none	none	0	none	none	none	0	none	none	none	0	none	none	none	0	none	none	none	0	none	none	none	0	none	none	none	0	none	none	none	0	none	none	none	0	none	none	none	0	none	none	none	0	none	none	none	0	none	none	none	none	none	none	none	none	none	none	none	none	none	none	none	none	none	none	none	none	none	none	none	none	none	none	none	none	none	none	none	none	none	none	none	none	none	none	none	none	none	none	MSI	none
P-0008486	none	none	none	none	Female	none	none	none	none	none	Not Hispanic	none	none	none	none	none	none	none	none	none	none	none	none	none	WHITE	none	none	none	0	29.458	none	none	none	none	none	none	none	P-0008486-T01-IM5	GIST	Gastrointestinal Stromal Tumor	Gastrointestinal Stromal Tumor	none	none	none	none	none	none	none	Primary	0	none	Matched	none	MSKCC	P-0008486	none	none	none	0	none	none	none	0	none	none	none	0	none	none	none	0	none	none	none	0	none	none	none	0	none	none	none	0	none	none	none	0	none	none	none	0	none	none	none	0	none	none	none	0	none	none	none	0	none	none	none	0	none	none	none	0	none	none	none	0	none	none	none	0	none	none	none	0	none	none	none	0	none	none	none	0	none	none	none	0	none	none	none	0	none	none	none	0	none	none	none	none	none	none	none	none	none	none	none	none	none	none	none	none	none	none	none	none	none	none	none	none	none	none	none	none	none	none	none	none	none	none	none	none	none	none	none	none	none	none	MSS	none
P-0008548	none	none	none	none	Male	none	none	none	none	none	none	none	none	none	none	none	none	none	none	none	none	none	none	none	WHITE	none	none	none	0	82.093	none	none	none	none	none	none	none	P-0008548-T03-IM6	GIST	Gastrointestinal Stromal Tumor	Gastrointestinal Stromal Tumor	none	none	none	none	none	none	none	Metastasis	0.35	none	Matched	none	MSKCC	P-0008548	none	IMATINIB	none	0	none	none	none	0	none	none	none	0	none	none	none	0	none	none	none	0	none	none	none	0	none	none	none	0	none	none	none	0	none	none	none	0	none	none	none	0	none	none	none	0	none	none	none	0	none	none	none	0	none	none	none	0	none	none	none	0	none	none	none	0	none	none	none	0	none	none	none	0	none	none	none	0	none	none	none	0	none	none	none	0	none	none	none	0	none	none	none	none	none	none	none	none	none	none	none	none	none	none	none	none	none	none	none	none	none	none	none	none	none	none	none	none	none	none	none	none	none	none	none	none	none	none	none	none	none	none	MSS	none
P-0008865	none	none	none	none	Male	none	none	none	none	none	Not Hispanic	none	none	none	none	none	none	none	none	none	none	none	none	none	WHITE	none	none	none	0	none	none	none	none	none	none	none	none	P-0008865-T01-IM5	GIST	Gastrointestinal Stromal Tumor	Gastrointestinal Stromal Tumor	none	none	none	none	none	none	none	Primary	0.17	none	Matched	none	MSKCC	P-0008865	none	IMATINIB	none	0	none	none	none	0	none	none	none	0	none	none	none	0	none	none	none	0	none	none	none	0	none	none	none	0	none	none	none	0	none	none	none	0	none	none	none	0	none	none	none	0	none	none	none	0	none	none	none	0	none	none	none	0	none	none	none	0	none	none	none	0	none	none	none	0	none	none	none	0	none	none	none	0	none	none	none	0	none	none	none	0	none	none	none	0	none	none	none	none	none	none	none	none	none	none	none	none	none	none	none	none	none	none	none	none	none	none	none	none	none	none	none	none	none	none	none	none	none	none	none	none	none	none	none	none	none	none	MSS	none
P-0009156	none	none	none	none	Female	none	none	none	none	none	Hispanic	none	none	none	none	none	none	none	none	none	none	none	none	none	WHITE	none	none	none	0	78.444	none	none	none	none	none	none	none	P-0009156-T01-IM5	GIST	Gastrointestinal Stromal Tumor	Gastrointestinal Stromal Tumor	none	none	none	none	none	none	none	Primary	0.08	none	Matched	none	MSKCC	P-0009156	none	IMATINIB	none	0	none	none	none	0	none	none	none	0	none	none	none	0	none	none	none	0	none	none	none	0	none	none	none	0	none	none	none	0	none	none	none	0	none	none	none	0	none	none	none	0	none	none	none	0	none	none	none	0	none	none	none	0	none	none	none	0	none	none	none	0	none	none	none	0	none	none	none	0	none	none	none	0	none	none	none	0	none	none	none	0	none	none	none	0	none	none	none	none	none	none	none	none	none	none	none	none	none	none	none	none	none	none	none	none	none	none	none	none	none	none	none	none	none	none	none	none	none	none	none	none	none	none	none	none	none	none	MSS	none
P-0009195	none	none	none	none	Male	none	none	none	none	none	Not Hispanic	none	none	none	none	none	none	none	none	none	none	none	none	none	WHITE	none	none	none	0	80.745	none	none	none	none	none	none	none	P-0009195-T01-IM5	GIST	Gastrointestinal Stromal Tumor	Gastrointestinal Stromal Tumor	none	none	none	none	none	none	none	Primary	0	none	Matched	none	MSKCC	P-0009195	none	IMATINIB| SUNITINIB	none	0	none	none	none	0	none	none	none	0	none	none	none	0	none	none	none	0	none	none	none	0	none	none	none	0	none	none	none	0	none	none	none	0	none	none	none	0	none	none	none	0	none	none	none	0	none	none	none	0	none	none	none	0	none	none	none	0	none	none	none	0	none	none	none	0	none	none	none	0	none	none	none	0	none	none	none	0	none	none	none	0	none	none	none	0	none	none	none	none	none	none	none	none	none	none	none	none	none	none	none	none	none	none	none	none	none	none	none	none	none	none	none	none	none	none	none	none	none	none	none	none	none	none	none	none	none	none	MSS	none
P-0009615	none	none	none	none	Female	none	none	none	none	none	Hispanic	none	none	none	none	none	none	none	none	none	none	none	none	none	PT REFUSED TO ANSWER	none	none	none	0	12.986	none	none	none	none	none	none	none	P-0009615-T01-IM5	GIST	Gastrointestinal Stromal Tumor	Gastrointestinal Stromal Tumor	none	none	none	none	none	none	none	Metastasis	2.01	none	Matched	none	MSKCC	P-0009615	none	IMATINIB| SUNITINIB| REGORAFENIB| CLINICAL TRIAL	none	0	none	none	none	0	none	none	none	0	none	none	none	0	none	none	none	0	none	none	none	0	none	none	none	0	none	none	none	0	none	none	none	0	none	none	none	0	none	none	none	0	none	none	none	0	none	none	none	0	none	none	none	0	none	none	none	1	Missense_Mutation	p.L1271V	none	0	none	none	none	0	none	none	none	0	none	none	none	0	none	none	none	0	none	none	none	0	none	none	none	0	none	none	none	none	none	none	none	none	none	none	none	none	none	none	none	none	none	none	none	none	none	none	none	none	none	none	none	none	none	none	none	none	none	none	none	none	none	none	none	none	none	none	MSI	none
P-0009646	none	none	none	none	Female	none	none	none	none	none	Not Hispanic	none	none	none	none	none	none	none	none	none	none	none	none	none	ASIAN-FAR EAST/INDIAN SUBCONT	none	none	none	0	5.458	none	none	none	none	none	none	none	P-0009646-T01-IM5	GIST	Gastrointestinal Stromal Tumor	Gastrointestinal Stromal Tumor	none	none	none	none	none	none	none	Primary	0	none	Matched	none	MSKCC	P-0009646	none	none	none	0	none	none	none	0	none	none	none	0	none	none	none	0	none	none	none	0	none	none	none	0	none	none	none	0	none	none	none	0	none	none	none	0	none	none	none	0	none	none	none	0	none	none	none	0	none	none	none	0	none	none	none	0	none	none	none	0	none	none	none	0	none	none	none	0	none	none	none	0	none	none	none	0	none	none	none	0	none	none	none	0	none	none	none	0	none	none	none	none	none	none	none	none	none	none	none	none	none	none	none	none	none	none	none	none	none	none	none	none	none	none	none	none	none	none	none	none	none	none	none	none	none	none	none	none	none	none	MSS	none
P-0009695	none	none	none	none	Female	none	none	none	none	none	Not Hispanic	none	none	none	none	none	none	none	none	none	none	none	none	none	WHITE	none	none	none	0	67.956	none	none	none	none	none	none	none	P-0009695-T01-IM5	GIST	Gastrointestinal Stromal Tumor	Gastrointestinal Stromal Tumor	none	none	none	none	none	none	none	Primary	0	none	Matched	none	MSKCC	P-0009695	none	none	none	0	none	none	none	0	none	none	none	0	none	none	none	0	none	none	none	0	none	none	none	0	none	none	none	0	none	none	none	0	none	none	none	0	none	none	none	0	none	none	none	0	none	none	none	0	none	none	none	0	none	none	none	0	none	none	none	0	none	none	none	0	none	none	none	0	none	none	none	0	none	none	none	0	none	none	none	0	none	none	none	0	none	none	none	0	none	none	none	none	none	none	none	none	none	none	none	none	none	none	none	none	none	none	none	none	none	none	none	none	none	none	none	none	none	none	none	none	none	none	none	none	none	none	none	none	none	none	MSS	none
P-0009879	none	none	none	none	Male	none	none	none	none	none	Not Hispanic	none	none	none	none	none	none	none	none	none	none	none	none	none	PT REFUSED TO ANSWER	none	none	none	0	79.594	none	none	none	none	none	none	none	P-0009879-T01-IM5	GIST	Gastrointestinal Stromal Tumor	Gastrointestinal Stromal Tumor	none	none	none	none	none	none	none	Primary	0.08	none	Matched	none	MSKCC	P-0009879	none	none	none	0	none	none	none	0	none	none	none	0	none	none	none	0	none	none	none	0	none	none	none	0	none	none	none	0	none	none	none	0	none	none	none	0	none	none	none	0	none	none	none	0	none	none	none	0	none	none	none	0	none	none	none	0	none	none	none	0	none	none	none	0	none	none	none	0	none	none	none	0	none	none	none	0	none	none	none	0	none	none	none	0	none	none	none	0	none	none	none	none	none	none	none	none	none	none	none	none	none	none	none	none	none	none	none	none	none	none	none	none	none	none	none	none	none	none	none	none	none	none	none	none	none	none	none	none	none	none	MSS	none
P-0009938	none	none	none	none	Female	none	none	none	none	none	Not Hispanic	none	none	none	none	none	none	none	none	none	none	none	none	none	WHITE	none	none	none	0	66.871	none	none	none	none	none	none	none	P-0009938-T01-IM5	GIST	Gastrointestinal Stromal Tumor	Gastrointestinal Stromal Tumor	none	none	none	none	none	none	none	Metastasis	0.08	none	Matched	none	MSKCC	P-0009938	none	IMATINIB| SUNITINIB| SORAFENIB| PAZOPANIB| REGORAFENIB	none	0	none	none	none	0	none	none	none	0	none	none	none	0	none	none	none	0	none	none	none	0	none	none	none	0	none	none	none	0	none	none	none	0	none	none	none	0	none	none	none	0	none	none	none	0	none	none	none	0	none	none	none	0	none	none	none	0	none	none	none	0	none	none	none	0	none	none	none	0	none	none	none	0	none	none	none	0	none	none	none	0	none	none	none	0	none	none	none	none	none	none	none	none	none	none	none	none	none	none	none	none	none	none	none	none	none	none	none	none	none	none	none	none	none	none	none	none	none	none	none	none	none	none	none	none	none	none	MSS	none
P-0010175	none	none	none	none	Male	none	none	none	none	none	Not Hispanic	none	none	none	none	none	none	none	none	none	none	none	none	none	UNKNOWN	none	none	none	1	13.907	none	none	none	none	none	none	none	P-0010175-T02-IM5	GIST	Gastrointestinal Stromal Tumor	Gastrointestinal Stromal Tumor	none	none	none	none	none	none	none	Primary	0.67	none	Matched	none	MSKCC	P-0010175	none	SUNITINIB| REGORAFENIB	none	0	none	none	none	0	none	none	none	0	none	none	none	0	none	none	none	0	none	none	none	0	none	none	none	0	none	none	none	0	none	none	none	0	none	none	none	0	none	none	none	0	none	none	none	0	none	none	none	0	none	none	none	0	none	none	none	0	none	none	none	0	none	none	none	0	none	none	none	0	none	none	none	0	none	none	none	0	none	none	none	0	none	none	none	0	none	none	none	none	none	none	none	none	none	none	none	none	none	none	none	none	none	none	none	none	none	none	none	none	none	none	none	none	none	none	none	none	none	none	none	none	none	none	none	none	none	none	MSI	none
P-0010183	none	none	none	none	Female	none	none	none	none	none	Not Hispanic	none	none	none	none	none	none	none	none	none	none	none	none	none	WHITE	none	none	none	0	79.2	none	none	none	none	none	none	none	P-0010183-T02-IM6	GIST	Gastrointestinal Stromal Tumor	Gastrointestinal Stromal Tumor	none	none	none	none	none	none	none	Primary	0.85	none	Matched	none	MSKCC	P-0010183	none	IMATINIB	none	0	none	none	none	0	none	none	none	0	none	none	none	0	none	none	none	0	none	none	none	0	none	none	none	0	none	none	none	0	none	none	none	0	none	none	none	0	none	none	none	0	none	none	none	0	none	none	none	0	none	none	none	0	none	none	none	0	none	none	none	0	none	none	none	0	none	none	none	0	none	none	none	0	none	none	none	0	none	none	none	0	none	none	none	0	none	none	none	none	none	none	none	none	none	none	none	none	none	none	none	none	none	none	none	none	none	none	none	none	none	none	none	none	none	none	none	none	none	none	none	none	none	none	none	none	none	none	MSI	none
P-0010485	none	none	none	none	Male	none	none	none	none	none	Not Hispanic	none	none	none	none	none	none	none	none	none	none	none	none	none	WHITE	none	none	none	0	0.066	none	none	none	none	none	none	none	P-0010485-T01-IM5	GIST	Gastrointestinal Stromal Tumor	Gastrointestinal Stromal Tumor	none	none	none	none	none	none	none	Primary	0	none	Matched	none	MSKCC	P-0010485	none	none	none	0	none	none	none	0	none	none	none	0	none	none	none	0	none	none	none	0	none	none	none	0	none	none	none	0	none	none	none	0	none	none	none	0	none	none	none	0	none	none	none	0	none	none	none	0	none	none	none	0	none	none	none	0	none	none	none	0	none	none	none	0	none	none	none	0	none	none	none	0	none	none	none	0	none	none	none	0	none	none	none	0	none	none	none	0	none	none	none	none	none	none	none	none	none	none	none	none	none	none	none	none	none	none	none	none	none	none	none	none	none	none	none	none	none	none	none	none	none	none	none	none	none	none	none	none	none	none	MSS	none
P-0010629	none	none	none	none	Female	none	none	none	none	none	Not Hispanic	none	none	none	none	none	none	none	none	none	none	none	none	none	WHITE	none	none	none	0	67.233	none	none	none	none	none	none	none	P-0010629-T01-IM5	GIST	Gastrointestinal Stromal Tumor	Gastrointestinal Stromal Tumor	none	none	none	none	none	none	none	Primary	0	none	Matched	none	MSKCC	P-0010629	none	none	none	0	none	none	none	0	none	none	none	0	none	none	none	0	none	none	none	0	none	none	none	0	none	none	none	0	none	none	none	0	none	none	none	0	none	none	none	0	none	none	none	0	none	none	none	0	none	none	none	0	none	none	none	0	none	none	none	0	none	none	none	0	none	none	none	0	none	none	none	0	none	none	none	0	none	none	none	0	none	none	none	0	none	none	none	0	none	none	none	none	none	none	none	none	none	none	none	none	none	none	none	none	none	none	none	none	none	none	none	none	none	none	none	none	none	none	none	none	none	none	none	none	none	none	none	none	none	none	MSS	none
P-0010941	none	none	none	none	Female	none	none	none	none	none	none	none	none	none	none	none	none	none	none	none	none	none	none	none	WHITE	none	none	none	0	10.192	none	none	none	none	none	none	none	P-0010941-T01-IM5	GIST	Gastrointestinal Stromal Tumor	Gastrointestinal Stromal Tumor	none	none	none	none	none	none	none	Metastasis	2.07	none	Matched	none	MSKCC	P-0010941	none	IMATINIB	none	0	none	none	none	0	none	none	none	0	none	none	none	0	none	none	none	0	none	none	none	0	none	none	none	0	none	none	none	0	none	none	none	0	none	none	none	0	none	none	none	0	none	none	none	0	none	none	none	0	none	none	none	0	none	none	none	0	none	none	none	0	none	none	none	0	none	none	none	0	none	none	none	0	none	none	none	1	Missense_Mutation	p.C1106S	none	0	none	none	none	0	none	none	none	none	none	none	none	none	none	none	none	none	none	none	none	none	none	none	none	none	none	none	none	none	none	none	none	none	none	none	none	none	none	none	none	none	none	none	none	none	none	none	MSI	none
P-0010949	none	none	none	none	Female	none	none	none	none	none	Not Hispanic	none	none	none	none	none	none	none	none	none	none	none	none	none	WHITE	none	none	none	0	78.279	none	none	none	none	none	none	none	P-0010949-T01-IM5	GIST	Gastrointestinal Stromal Tumor	Gastrointestinal Stromal Tumor	none	none	none	none	none	none	none	Metastasis	1.64	none	Matched	none	MSKCC	P-0010949	none	IMATINIB| NILOTINIB	none	0	none	none	none	0	none	none	none	0	none	none	none	0	none	none	none	0	none	none	none	0	none	none	none	0	none	none	none	0	none	none	none	0	none	none	none	0	none	none	none	0	none	none	none	0	none	none	none	0	none	none	none	0	none	none	none	0	none	none	none	0	none	none	none	0	none	none	none	0	none	none	none	0	none	none	none	0	none	none	none	0	none	none	none	0	none	none	none	none	none	none	none	none	none	none	none	none	none	none	none	none	none	none	none	none	none	none	none	none	none	none	none	none	none	none	none	none	none	none	none	none	none	none	none	none	none	none	MSI	none
P-0011070	none	none	none	none	Female	none	none	none	none	none	Not Hispanic	none	none	none	none	none	none	none	none	none	none	none	none	none	WHITE	none	none	none	0	27.419	none	none	none	none	none	none	none	P-0011070-T01-IM5	GIST	Gastrointestinal Stromal Tumor	Gastrointestinal Stromal Tumor	none	none	none	none	none	none	none	Primary	0.16	none	Matched	none	MSKCC	P-0011070	none	none	none	0	none	none	none	0	none	none	none	0	none	none	none	0	none	none	none	0	none	none	none	0	none	none	none	0	none	none	none	0	none	none	none	0	none	none	none	0	none	none	none	0	none	none	none	0	none	none	none	0	none	none	none	0	none	none	none	0	none	none	none	0	none	none	none	0	none	none	none	0	none	none	none	0	none	none	none	0	none	none	none	0	none	none	none	0	none	none	none	none	none	none	none	none	none	none	none	none	none	none	none	none	none	none	none	none	none	none	none	none	none	none	none	none	none	none	none	none	none	none	none	none	none	none	none	none	none	none	MSS	none
P-0011178	none	none	none	none	Female	none	none	none	none	none	Not Hispanic	none	none	none	none	none	none	none	none	none	none	none	none	none	WHITE	none	none	none	0	25.545	none	none	none	none	none	none	none	P-0011178-T01-IM5	GIST	Gastrointestinal Stromal Tumor	Gastrointestinal Stromal Tumor	none	none	none	none	none	none	none	Primary	0	none	Matched	none	MSKCC	P-0011178	none	none	none	0	none	none	none	0	none	none	none	0	none	none	none	0	none	none	none	0	none	none	none	0	none	none	none	0	none	none	none	0	none	none	none	0	none	none	none	0	none	none	none	0	none	none	none	0	none	none	none	0	none	none	none	0	none	none	none	0	none	none	none	0	none	none	none	0	none	none	none	0	none	none	none	0	none	none	none	0	none	none	none	0	none	none	none	0	none	none	none	none	none	none	none	none	none	none	none	none	none	none	none	none	none	none	none	none	none	none	none	none	none	none	none	none	none	none	none	none	none	none	none	none	none	none	none	none	none	none	MSS	none
P-0011381	none	none	none	none	Male	none	none	none	none	none	Not Hispanic	none	none	none	none	none	none	none	none	none	none	none	none	none	OTHER	none	none	none	1	2.762	none	none	none	none	none	none	none	P-0011381-T01-IM5	GIST	Gastrointestinal Stromal Tumor	Gastrointestinal Stromal Tumor	none	none	none	none	none	none	none	Metastasis	1.46	none	Matched	none	MSKCC	P-0011381	none	IMATINIB| SUNITINIB| REGORAFENIB	none	0	none	none	none	0	none	none	none	0	none	none	none	0	none	none	none	0	none	none	none	0	none	none	none	0	none	none	none	0	none	none	none	0	none	none	none	0	none	none	none	0	none	none	none	0	none	none	none	0	none	none	none	0	none	none	none	0	none	none	none	0	none	none	none	0	none	none	none	0	none	none	none	0	none	none	none	0	none	none	none	0	none	none	none	0	none	none	none	none	none	none	none	none	none	none	none	none	none	none	none	none	none	none	none	none	none	none	none	none	none	none	none	none	none	none	none	none	none	none	none	none	none	none	none	none	none	none	MSI	none
P-0012007	none	none	none	none	Male	none	none	none	none	none	none	none	none	none	none	none	none	none	none	none	none	none	none	none	OTHER	none	none	none	0	none	none	none	none	none	none	none	none	P-0012007-T01-IM5	GIST	Gastrointestinal Stromal Tumor	Gastrointestinal Stromal Tumor	none	none	none	none	none	none	none	Primary	1.37	none	Matched	none	MSKCC	P-0012007	none	IMATINIB	none	0	none	none	none	0	none	none	none	0	none	none	none	0	none	none	none	0	none	none	none	0	none	none	none	0	none	none	none	0	none	none	none	0	none	none	none	0	none	none	none	0	none	none	none	0	none	none	none	0	none	none	none	0	none	none	none	0	none	none	none	0	none	none	none	0	none	none	none	0	none	none	none	0	none	none	none	0	none	none	none	0	none	none	none	0	none	none	none	none	none	none	none	none	none	none	none	none	none	none	none	none	none	none	none	none	none	none	none	none	none	none	none	none	none	none	none	none	none	none	none	none	none	none	none	none	none	none	MSI	none
P-0012042	none	none	none	none	Female	none	none	none	none	none	Not Hispanic	none	none	none	none	none	none	none	none	none	none	none	none	none	WHITE	none	none	none	0	5.293	none	none	none	none	none	none	none	P-0012042-T01-IM5	GIST	Gastrointestinal Stromal Tumor	Gastrointestinal Stromal Tumor	none	none	none	none	none	none	none	Metastasis	1.32	none	Matched	none	MSKCC	P-0012042	none	none	none	0	none	none	none	0	none	none	none	0	none	none	none	0	none	none	none	0	none	none	none	0	none	none	none	0	none	none	none	0	none	none	none	0	none	none	none	0	none	none	none	0	none	none	none	0	none	none	none	0	none	none	none	0	none	none	none	0	none	none	none	0	none	none	none	0	none	none	none	0	none	none	none	0	none	none	none	0	none	none	none	0	none	none	none	0	none	none	none	none	none	none	none	none	none	none	none	none	none	none	none	none	none	none	none	none	none	none	none	none	none	none	none	none	none	none	none	none	none	none	none	none	none	none	none	none	none	none	MSI	none
P-0012178	none	none	none	none	Male	none	none	none	none	none	Not Hispanic	none	none	none	none	none	none	none	none	none	none	none	none	none	WHITE	none	none	none	1	21.699	none	none	none	none	none	none	none	P-0012178-T01-IM5	GIST	Gastrointestinal Stromal Tumor	Gastrointestinal Stromal Tumor	none	none	none	none	none	none	none	Metastasis	0.82	none	Matched	none	MSKCC	P-0012178	none	IMATINIB| SUNITINIB| CLINICAL TRAIL(IMATINIB + bkm120)| REGORAFENIB| NILOTINIB| CT| CLINICAL TRIAL	none	0	none	none	none	0	none	none	none	0	none	none	none	0	none	none	none	0	none	none	none	0	none	none	none	0	none	none	none	0	none	none	none	0	none	none	none	0	none	none	none	0	none	none	none	0	none	none	none	0	none	none	none	0	none	none	none	0	none	none	none	0	none	none	none	0	none	none	none	0	none	none	none	0	none	none	none	0	none	none	none	0	none	none	none	0	none	none	none	none	none	none	none	none	none	none	none	none	none	none	none	none	none	none	none	none	none	none	none	none	none	none	none	none	none	none	none	none	none	none	none	none	none	none	none	none	none	none	MSI	none
P-0012185	none	none	none	none	Male	none	none	none	none	none	Not Hispanic	none	none	none	none	none	none	none	none	none	none	none	none	none	WHITE	none	none	none	1	7.989	none	none	none	none	none	none	none	P-0012185-T01-IM5	GIST	Gastrointestinal Stromal Tumor	Gastrointestinal Stromal Tumor	none	none	none	none	none	none	none	Primary	0.34	none	Matched	none	MSKCC	P-0012185	none	none	none	0	none	none	none	0	none	none	none	0	none	none	none	0	none	none	none	0	none	none	none	0	none	none	none	0	none	none	none	0	none	none	none	0	none	none	none	0	none	none	none	0	none	none	none	0	none	none	none	0	none	none	none	0	none	none	none	0	none	none	none	0	none	none	none	0	none	none	none	0	none	none	none	0	none	none	none	0	none	none	none	0	none	none	none	0	none	none	none	none	none	none	none	none	none	none	none	none	none	none	none	none	none	none	none	none	none	none	none	none	none	none	none	none	none	none	none	none	none	none	none	none	none	none	none	none	none	none	MSS	none
P-0012228	none	none	none	none	Male	none	none	none	none	none	Not Hispanic	none	none	none	none	none	none	none	none	none	none	none	none	none	WHITE	none	none	none	1	20.942	none	none	none	none	none	none	none	P-0012228-T01-IM5	GIST	Gastrointestinal Stromal Tumor	Gastrointestinal Stromal Tumor	none	none	none	none	none	none	none	Primary	1.83	none	Matched	none	MSKCC	P-0012228	none	IMATINIB	none	0	none	none	none	0	none	none	none	0	none	none	none	0	none	none	none	0	none	none	none	0	none	none	none	0	none	none	none	0	none	none	none	0	none	none	none	0	none	none	none	0	none	none	none	0	none	none	none	0	none	none	none	0	none	none	none	0	none	none	none	0	none	none	none	0	none	none	none	0	none	none	none	0	none	none	none	1	Frame_Shift_Del	p.F2313Wfs*8	none	0	none	none	none	0	none	none	none	none	none	none	none	none	none	none	none	none	none	none	none	none	none	none	none	none	none	none	none	none	none	none	none	none	none	none	none	none	none	none	none	none	none	none	none	none	none	none	MSI	none
P-0012403	none	none	none	none	Male	none	none	none	none	none	Not Hispanic	none	none	none	none	none	none	none	none	none	none	none	none	none	WHITE	none	none	none	0	34.257	none	none	none	none	none	none	none	P-0012403-T05-IM6	GIST	Gastrointestinal Stromal Tumor	Gastrointestinal Stromal Tumor	none	none	none	none	none	none	none	Metastasis	0.7	none	Matched	none	MSKCC	P-0012403	none	CLINICAL TRIAL	none	0	none	none	none	0	none	none	none	0	none	none	none	0	none	none	none	0	none	none	none	0	none	none	none	0	none	none	none	0	none	none	none	0	none	none	none	0	none	none	none	0	none	none	none	0	none	none	none	0	none	none	none	0	none	none	none	0	none	none	none	0	none	none	none	0	none	none	none	0	none	none	none	0	none	none	none	0	none	none	none	0	none	none	none	0	none	none	none	none	none	none	none	none	none	none	none	none	none	none	none	none	none	none	none	none	none	none	none	none	none	none	none	none	none	none	none	none	none	none	none	none	none	none	none	none	none	none	MSI	none
P-0012411	none	none	none	none	Female	none	none	none	none	none	Not Hispanic	none	none	none	none	none	none	none	none	none	none	none	none	none	ASIAN-FAR EAST/INDIAN SUBCONT	none	none	none	0	56.252	none	none	none	none	none	none	none	P-0012411-T01-IM5	GIST	Gastrointestinal Stromal Tumor	Gastrointestinal Stromal Tumor	none	none	none	none	none	none	none	Primary	0.81	none	Matched	none	MSKCC	P-0012411	none	IMATINIB	none	0	none	none	none	0	none	none	none	0	none	none	none	0	none	none	none	0	none	none	none	0	none	none	none	0	none	none	none	0	none	none	none	0	none	none	none	0	none	none	none	0	none	none	none	0	none	none	none	0	none	none	none	0	none	none	none	0	none	none	none	0	none	none	none	0	none	none	none	0	none	none	none	0	none	none	none	0	none	none	none	0	none	none	none	0	none	none	none	none	none	none	none	none	none	none	none	none	none	none	none	none	none	none	none	none	none	none	none	none	none	none	none	none	none	none	none	none	none	none	none	none	none	none	none	none	none	none	MSI	none
P-0012459	none	none	none	none	Male	none	none	none	none	none	Not Hispanic	none	none	none	none	none	none	none	none	none	none	none	none	none	WHITE	none	none	none	1	20.614	none	none	none	none	none	none	none	P-0012459-T02-IM6	GIST	Gastrointestinal Stromal Tumor	Gastrointestinal Stromal Tumor	none	none	none	none	none	none	none	Metastasis	4.35	none	Matched	none	MSKCC	P-0012459	none	IMATINIB| CLINICAL TRIAL	none	0	none	none	none	0	none	none	none	0	none	none	none	0	none	none	none	0	none	none	none	0	none	none	none	0	none	none	none	0	none	none	none	0	none	none	none	0	none	none	none	0	none	none	none	0	none	none	none	0	none	none	none	0	none	none	none	0	none	none	none	0	none	none	none	0	none	none	none	0	none	none	none	0	none	none	none	0	none	none	none	0	none	none	none	0	none	none	none	none	none	none	none	none	none	none	none	none	none	none	none	none	none	none	none	none	none	none	none	none	none	none	none	none	none	none	none	none	none	none	none	none	none	none	none	none	none	none	MSI	none
P-0012564	none	none	none	none	Male	none	none	none	none	none	Not Hispanic	none	none	none	none	none	none	none	none	none	none	none	none	none	BLACK OR AFRICAN AMERICAN	none	none	none	0	none	none	none	none	none	none	none	none	P-0012564-T01-IM5	GIST	Gastrointestinal Stromal Tumor	Gastrointestinal Stromal Tumor	none	none	none	none	none	none	none	Metastasis	1.29	none	Matched	none	MSKCC	P-0012564	none	IMATINIB| SORAFENIB| REGORAFENIB	none	0	none	none	none	0	none	none	none	0	none	none	none	0	none	none	none	0	none	none	none	0	none	none	none	0	none	none	none	0	none	none	none	0	none	none	none	0	none	none	none	0	none	none	none	0	none	none	none	0	none	none	none	0	none	none	none	0	none	none	none	0	none	none	none	0	none	none	none	0	none	none	none	0	none	none	none	0	none	none	none	0	none	none	none	0	none	none	none	none	none	none	none	none	none	none	none	none	none	none	none	none	none	none	none	none	none	none	none	none	none	none	none	none	none	none	none	none	none	none	none	none	none	none	none	none	none	none	MSI	none
P-0013006	none	none	none	none	Female	none	none	none	none	none	Not Hispanic	none	none	none	none	none	none	none	none	none	none	none	none	none	WHITE	none	none	none	0	74.926	none	none	none	none	none	none	none	P-0013006-T01-IM5	GIST	Gastrointestinal Stromal Tumor	Gastrointestinal Stromal Tumor	none	none	none	none	none	none	none	Primary	0.65	none	Matched	none	MSKCC	P-0013006	none	none	none	0	none	none	none	1	Missense_Mutation	p.Y220C	none	0	none	none	none	0	none	none	none	0	none	none	none	0	none	none	none	0	none	none	none	0	none	none	none	0	none	none	none	0	none	none	none	0	none	none	none	0	none	none	none	0	none	none	none	0	none	none	none	0	none	none	none	0	none	none	none	0	none	none	none	0	none	none	none	0	none	none	none	0	none	none	none	0	none	none	none	0	none	none	none	none	none	none	none	none	none	none	none	none	none	none	none	none	none	none	none	none	none	none	none	none	none	none	none	none	none	none	none	none	none	none	none	none	none	none	none	none	none	none	MSI	none
P-0013007	none	none	none	none	Male	none	none	none	none	none	Not Hispanic	none	none	none	none	none	none	none	none	none	none	none	none	none	WHITE	none	none	none	0	8.252	none	none	none	none	none	none	none	P-0013007-T01-IM5	GIST	Gastrointestinal Stromal Tumor	Gastrointestinal Stromal Tumor	none	none	none	none	none	none	none	Primary	0.94	none	Matched	none	MSKCC	P-0013007	none	none	none	0	none	none	none	0	none	none	none	0	none	none	none	0	none	none	none	0	none	none	none	0	none	none	none	0	none	none	none	0	none	none	none	0	none	none	none	0	none	none	none	0	none	none	none	0	none	none	none	0	none	none	none	0	none	none	none	0	none	none	none	0	none	none	none	0	none	none	none	0	none	none	none	0	none	none	none	0	none	none	none	0	none	none	none	0	none	none	none	none	none	none	none	none	none	none	none	none	none	none	none	none	none	none	none	none	none	none	none	none	none	none	none	none	none	none	none	none	none	none	none	none	none	none	none	none	none	none	MSI	none
P-0013017	none	none	none	none	Female	none	none	none	none	none	Not Hispanic	none	none	none	none	none	none	none	none	none	none	none	none	none	WHITE	none	none	none	0	none	none	none	none	none	none	none	none	P-0013017-T01-IM5	GIST	Gastrointestinal Stromal Tumor	Gastrointestinal Stromal Tumor	none	none	none	none	none	none	none	Metastasis	0.95	none	Matched	none	MSKCC	P-0013017	none	IMATINIB| SUNITINIB| SORAFENIB| REGORAFENIB| CLINICAL TRIAL	none	0	none	none	none	0	none	none	none	0	none	none	none	0	none	none	none	0	none	none	none	0	none	none	none	0	none	none	none	0	none	none	none	0	none	none	none	0	none	none	none	0	none	none	none	0	none	none	none	0	none	none	none	0	none	none	none	0	none	none	none	0	none	none	none	0	none	none	none	0	none	none	none	0	none	none	none	0	none	none	none	0	none	none	none	0	none	none	none	none	none	none	none	none	none	none	none	none	none	none	none	none	none	none	none	none	none	none	none	none	none	none	none	none	none	none	none	none	none	none	none	none	none	none	none	none	none	none	MSI	none
P-0013024	none	none	none	none	Male	none	none	none	none	none	Not Hispanic	none	none	none	none	none	none	none	none	none	none	none	none	none	PT REFUSED TO ANSWER	none	none	none	0	none	none	none	none	none	none	none	none	P-0013024-T01-IM5	GIST	Gastrointestinal Stromal Tumor	Gastrointestinal Stromal Tumor	none	none	none	none	none	none	none	Primary	0.9	none	Matched	none	MSKCC	P-0013024	none	IMATINIB| SUNITINIB| REGORAFENIB	none	0	none	none	none	0	none	none	none	0	none	none	none	0	none	none	none	0	none	none	none	0	none	none	none	0	none	none	none	0	none	none	none	0	none	none	none	0	none	none	none	0	none	none	none	0	none	none	none	0	none	none	none	0	none	none	none	0	none	none	none	0	none	none	none	0	none	none	none	0	none	none	none	0	none	none	none	0	none	none	none	0	none	none	none	0	none	none	none	none	none	none	none	none	none	none	none	none	none	none	none	none	none	none	none	none	none	none	none	none	none	none	none	none	none	none	none	none	none	none	none	none	none	none	none	none	none	none	MSI	none
P-0013039	none	none	none	none	Female	none	none	none	none	none	Not Hispanic	none	none	none	none	none	none	none	none	none	none	none	none	none	WHITE	none	none	none	0	74.236	none	none	none	none	none	none	none	P-0013039-T01-IM5	GIST	Gastrointestinal Stromal Tumor	Gastrointestinal Stromal Tumor	none	none	none	none	none	none	none	Primary	0.07	none	Matched	none	MSKCC	P-0013039	none	IMATINIB	none	0	none	none	none	0	none	none	none	0	none	none	none	0	none	none	none	0	none	none	none	0	none	none	none	0	none	none	none	0	none	none	none	0	none	none	none	0	none	none	none	0	none	none	none	0	none	none	none	0	none	none	none	0	none	none	none	0	none	none	none	0	none	none	none	0	none	none	none	0	none	none	none	0	none	none	none	0	none	none	none	0	none	none	none	0	none	none	none	none	none	none	none	none	none	none	none	none	none	none	none	none	none	none	none	none	none	none	none	none	none	none	none	none	none	none	none	none	none	none	none	none	none	none	none	none	none	none	MSS	none
P-0013110	none	none	none	none	Male	none	none	none	none	none	Not Hispanic	none	none	none	none	none	none	none	none	none	none	none	none	none	BLACK OR AFRICAN AMERICAN	none	none	none	1	27.781	none	none	none	none	none	none	none	P-0013110-T01-IM5	GIST	Gastrointestinal Stromal Tumor	Gastrointestinal Stromal Tumor	none	none	none	none	none	none	none	Primary	2.02	none	Matched	none	MSKCC	P-0013110	none	IMATINIB| SUNITINIB| CLINICAL TRIAL	none	0	none	none	none	0	none	none	none	0	none	none	none	1	Missense_Mutation	p.R88Q	none	0	none	none	none	0	none	none	none	0	none	none	none	0	none	none	none	0	none	none	none	0	none	none	none	0	none	none	none	0	none	none	none	0	none	none	none	0	none	none	none	0	none	none	none	0	none	none	none	0	none	none	none	0	none	none	none	0	none	none	none	0	none	none	none	0	none	none	none	0	none	none	none	none	none	none	none	none	none	none	none	none	none	none	none	none	none	none	none	none	none	none	none	none	none	none	none	none	none	none	none	none	none	none	none	none	none	none	none	none	none	none	MSI	none
P-0013114	none	none	none	none	Male	none	none	none	none	none	Not Hispanic	none	none	none	none	none	none	none	none	none	none	none	none	none	WHITE	none	none	none	1	52.997	none	none	none	none	none	none	none	P-0013114-T05-IM6	GIST	Gastrointestinal Stromal Tumor	Gastrointestinal Stromal Tumor	none	none	none	none	none	none	none	Metastasis	0.46	none	Matched	none	MSKCC	P-0013114	none	IMATINIB| SUNITINIB	none	0	none	none	none	0	none	none	none	0	none	none	none	0	none	none	none	0	none	none	none	0	none	none	none	0	none	none	none	0	none	none	none	0	none	none	none	0	none	none	none	0	none	none	none	0	none	none	none	0	none	none	none	0	none	none	none	0	none	none	none	0	none	none	none	0	none	none	none	0	none	none	none	0	none	none	none	0	none	none	none	0	none	none	none	0	none	none	none	none	none	none	none	none	none	none	none	none	none	none	none	none	none	none	none	none	none	none	none	none	none	none	none	none	none	none	none	none	none	none	none	none	none	none	none	none	none	none	Indeterminate	none
P-0013188	none	none	none	none	Male	none	none	none	none	none	Not Hispanic	none	none	none	none	none	none	none	none	none	none	none	none	none	WHITE	none	none	none	1	52.504	none	none	none	none	none	none	none	P-0013188-T01-IM5	GIST	Gastrointestinal Stromal Tumor	Gastrointestinal Stromal Tumor	none	none	none	none	none	none	none	Metastasis	0.6	none	Matched	none	MSKCC	P-0013188	none	CLINICAL TRIAL	none	0	none	none	none	0	none	none	none	0	none	none	none	0	none	none	none	0	none	none	none	0	none	none	none	0	none	none	none	0	none	none	none	0	none	none	none	0	none	none	none	0	none	none	none	0	none	none	none	0	none	none	none	0	none	none	none	0	none	none	none	0	none	none	none	0	none	none	none	0	none	none	none	0	none	none	none	0	none	none	none	0	none	none	none	0	none	none	none	none	none	none	none	none	none	none	none	none	none	none	none	none	none	none	none	none	none	none	none	none	none	none	none	none	none	none	none	none	none	none	none	none	none	none	none	none	none	none	Indeterminate	none
P-0013235	none	none	none	none	Female	none	none	none	none	none	Not Hispanic	none	none	none	none	none	none	none	none	none	none	none	none	none	WHITE	none	none	none	1	1.874	none	none	none	none	none	none	none	P-0013235-T01-IM5	GIST	Gastrointestinal Stromal Tumor	Gastrointestinal Stromal Tumor	none	none	none	none	none	none	none	Metastasis	1.27	none	Matched	none	MSKCC	P-0013235	none	IMATINIB | SUNITINIB | REGORAFENIB | CLINICAL TRIAL | PAZOPANIB	none	0	none	none	none	0	none	none	none	0	none	none	none	0	none	none	none	0	none	none	none	0	none	none	none	0	none	none	none	0	none	none	none	0	none	none	none	0	none	none	none	0	none	none	none	0	none	none	none	0	none	none	none	0	none	none	none	0	none	none	none	0	none	none	none	0	none	none	none	0	none	none	none	0	none	none	none	0	none	none	none	0	none	none	none	0	none	none	none	none	none	none	none	none	none	none	none	none	none	none	none	none	none	none	none	none	none	none	none	none	none	none	none	none	none	none	none	none	none	none	none	none	none	none	none	none	none	none	MSI	none
P-0013393	none	none	none	none	Female	none	none	none	none	none	Not Hispanic	none	none	none	none	none	none	none	none	none	none	none	none	none	WHITE	none	none	none	1	10.784	none	none	none	none	none	none	none	P-0013393-T01-IM5	GIST	Gastrointestinal Stromal Tumor	Gastrointestinal Stromal Tumor	none	none	none	none	none	none	none	Metastasis	0.14	none	Matched	none	MSKCC	P-0013393	none	IMATINIB| SUNITINIB| REGORAFENIB|PAZOPANIB	none	0	none	none	none	0	none	none	none	0	none	none	none	0	none	none	none	0	none	none	none	0	none	none	none	0	none	none	none	0	none	none	none	0	none	none	none	0	none	none	none	0	none	none	none	0	none	none	none	0	none	none	none	0	none	none	none	0	none	none	none	0	none	none	none	0	none	none	none	0	none	none	none	0	none	none	none	0	none	none	none	0	none	none	none	0	none	none	none	none	none	none	none	none	none	none	none	none	none	none	none	none	none	none	none	none	none	none	none	none	none	none	none	none	none	none	none	none	none	none	none	none	none	none	none	none	none	none	MSS	none
P-0013410	none	none	none	none	Male	none	none	none	none	none	Not Hispanic	none	none	none	none	none	none	none	none	none	none	none	none	none	WHITE	none	none	none	0	0.921	none	none	none	none	none	none	none	P-0013410-T01-IM5	GIST	Gastrointestinal Stromal Tumor	Gastrointestinal Stromal Tumor	none	none	none	none	none	none	none	Metastasis	1.26	none	Matched	none	MSKCC	P-0013410	none	IMATINIB| SUNITINIB	none	0	none	none	none	0	none	none	none	0	none	none	none	0	none	none	none	0	none	none	none	0	none	none	none	0	none	none	none	0	none	none	none	0	none	none	none	0	none	none	none	0	none	none	none	0	none	none	none	0	none	none	none	0	none	none	none	0	none	none	none	0	none	none	none	0	none	none	none	0	none	none	none	0	none	none	none	0	none	none	none	0	none	none	none	0	none	none	none	none	none	none	none	none	none	none	none	none	none	none	none	none	none	none	none	none	none	none	none	none	none	none	none	none	none	none	none	none	none	none	none	none	none	none	none	none	none	none	MSI	none
P-0013433	none	none	none	none	Male	none	none	none	none	none	Not Hispanic	none	none	none	none	none	none	none	none	none	none	none	none	none	WHITE	none	none	none	0	54.181	none	none	none	none	none	none	none	P-0013433-T01-IM5	GIST	Gastrointestinal Stromal Tumor	Gastrointestinal Stromal Tumor	none	none	none	none	none	none	none	Primary	0	none	Matched	none	MSKCC	P-0013433	none	none	none	0	none	none	none	0	none	none	none	0	none	none	none	0	none	none	none	0	none	none	none	0	none	none	none	0	none	none	none	0	none	none	none	0	none	none	none	0	none	none	none	0	none	none	none	0	none	none	none	0	none	none	none	0	none	none	none	0	none	none	none	0	none	none	none	0	none	none	none	0	none	none	none	0	none	none	none	0	none	none	none	0	none	none	none	0	none	none	none	none	none	none	none	none	none	none	none	none	none	none	none	none	none	none	none	none	none	none	none	none	none	none	none	none	none	none	none	none	none	none	none	none	none	none	none	none	none	none	MSS	none
P-0013440	none	none	none	none	Male	none	none	none	none	none	Not Hispanic	none	none	none	none	none	none	none	none	none	none	none	none	none	WHITE	none	none	none	0	27.419	none	none	none	none	none	none	none	P-0013440-T01-IM5	GIST	Gastrointestinal Stromal Tumor	Gastrointestinal Stromal Tumor	none	none	none	none	none	none	none	Primary	2.01	none	Matched	none	MSKCC	P-0013440	none	none	none	0	none	none	none	0	none	none	none	0	none	none	none	0	none	none	none	0	none	none	none	0	none	none	none	0	none	none	none	0	none	none	none	1	Splice_Site	p.X355_splice	none	0	none	none	none	0	none	none	none	0	none	none	none	0	none	none	none	0	none	none	none	0	none	none	none	0	none	none	none	0	none	none	none	0	none	none	none	0	none	none	none	0	none	none	none	0	none	none	none	0	none	none	none	none	none	none	none	none	none	none	none	none	none	none	none	none	none	none	none	none	none	none	none	none	none	none	none	none	none	none	none	none	none	none	none	none	none	none	none	none	none	none	MSI	none
P-0013447	none	none	none	none	Male	none	none	none	none	none	Not Hispanic	none	none	none	none	none	none	none	none	none	none	none	none	none	WHITE	none	none	none	0	36.164	none	none	none	none	none	none	none	P-0013447-T01-IM5	GIST	Gastrointestinal Stromal Tumor	Gastrointestinal Stromal Tumor	none	none	none	none	none	none	none	Primary	0.28	none	Matched	none	MSKCC	P-0013447	none	IMATINIB	none	0	none	none	none	0	none	none	none	0	none	none	none	0	none	none	none	0	none	none	none	0	none	none	none	0	none	none	none	0	none	none	none	0	none	none	none	0	none	none	none	0	none	none	none	0	none	none	none	0	none	none	none	0	none	none	none	0	none	none	none	0	none	none	none	0	none	none	none	0	none	none	none	0	none	none	none	0	none	none	none	0	none	none	none	0	none	none	none	none	none	none	none	none	none	none	none	none	none	none	none	none	none	none	none	none	none	none	none	none	none	none	none	none	none	none	none	none	none	none	none	none	none	none	none	none	none	none	MSS	none
P-0013776	none	none	none	none	Female	none	none	none	none	none	Not Hispanic	none	none	none	none	none	none	none	none	none	none	none	none	none	WHITE	none	none	none	1	2.762	none	none	none	none	none	none	none	P-0013776-T01-IM5	GIST	Gastrointestinal Stromal Tumor	Gastrointestinal Stromal Tumor	none	none	none	none	none	none	none	Metastasis	1.95	none	Matched	none	MSKCC	P-0013776	none	IMATINIB| NILOTINIB| REGORAFENIB	none	0	none	none	none	0	none	none	none	0	none	none	none	0	none	none	none	0	none	none	none	0	none	none	none	0	none	none	none	0	none	none	none	0	none	none	none	0	none	none	none	0	none	none	none	0	none	none	none	0	none	none	none	0	none	none	none	0	none	none	none	0	none	none	none	0	none	none	none	1	Missense_Mutation	p.N601K	none	0	none	none	none	0	none	none	none	0	none	none	none	0	none	none	none	none	none	none	none	none	none	none	none	none	none	none	none	none	none	none	none	none	none	none	none	none	none	none	none	none	none	none	none	none	none	none	none	none	none	none	none	none	none	none	MSI	none
P-0013789	none	none	none	none	Male	none	none	none	none	none	Not Hispanic	none	none	none	none	none	none	none	none	none	none	none	none	none	WHITE	none	none	none	1	41.819	none	none	none	none	none	none	none	P-0013789-T01-IM5	GIST	Gastrointestinal Stromal Tumor	Gastrointestinal Stromal Tumor	none	none	none	none	none	none	none	Primary	0.56	none	Matched	none	MSKCC	P-0013789	none	IMATINIB| SORAFENIB| REGORAFENIB	none	0	none	none	none	0	none	none	none	0	none	none	none	0	none	none	none	0	none	none	none	0	none	none	none	0	none	none	none	0	none	none	none	0	none	none	none	0	none	none	none	0	none	none	none	0	none	none	none	0	none	none	none	0	none	none	none	0	none	none	none	0	none	none	none	0	none	none	none	0	none	none	none	0	none	none	none	0	none	none	none	0	none	none	none	0	none	none	none	none	none	none	none	none	none	none	none	none	none	none	none	none	none	none	none	none	none	none	none	none	none	none	none	none	none	none	none	none	none	none	none	none	none	none	none	none	none	none	Indeterminate	none
P-0013795	none	none	none	none	Female	none	none	none	none	none	Not Hispanic	none	none	none	none	none	none	none	none	none	none	none	none	none	WHITE	none	none	none	1	4.734	none	none	none	none	none	none	none	P-0013795-T01-IM5	GIST	Gastrointestinal Stromal Tumor	Gastrointestinal Stromal Tumor	none	none	none	none	none	none	none	Primary	0.32	none	Matched	none	MSKCC	P-0013795	none	IMATINIB	none	0	none	none	none	1	Missense_Mutation	p.F113C	none	0	none	none	none	0	none	none	none	0	none	none	none	0	none	none	none	0	none	none	none	0	none	none	none	0	none	none	none	0	none	none	none	0	none	none	none	0	none	none	none	0	none	none	none	0	none	none	none	0	none	none	none	0	none	none	none	0	none	none	none	0	none	none	none	0	none	none	none	0	none	none	none	0	none	none	none	0	none	none	none	none	none	none	none	none	none	none	none	none	none	none	none	none	none	none	none	none	none	none	none	none	none	none	none	none	none	none	none	none	none	none	none	none	none	none	none	none	none	none	MSS	none
P-0014074	none	none	none	none	Female	none	none	none	none	none	Not Hispanic	none	none	none	none	none	none	none	none	none	none	none	none	none	WHITE	none	none	none	0	67.693	none	none	none	none	none	none	none	P-0014074-T01-IM5	GIST	Gastrointestinal Stromal Tumor	Gastrointestinal Stromal Tumor	none	none	none	none	none	none	none	Primary	none	none	Matched	none	MSKCC	P-0014074	none	none	none	0	none	none	none	0	none	none	none	0	none	none	none	0	none	none	none	0	none	none	none	0	none	none	none	0	none	none	none	0	none	none	none	0	none	none	none	0	none	none	none	0	none	none	none	0	none	none	none	0	none	none	none	0	none	none	none	0	none	none	none	0	none	none	none	0	none	none	none	0	none	none	none	0	none	none	none	0	none	none	none	0	none	none	none	0	none	none	none	none	none	none	none	none	none	none	none	none	none	none	none	none	none	none	none	none	none	none	none	none	none	none	none	none	none	none	none	none	none	none	none	none	none	none	none	none	none	none	none	none
P-0014165	none	none	none	none	Female	none	none	none	none	none	Not Hispanic	none	none	none	none	none	none	none	none	none	none	none	none	none	WHITE	none	none	none	0	none	none	none	none	none	none	none	none	P-0014165-T01-IM5	GIST	Gastrointestinal Stromal Tumor	Gastrointestinal Stromal Tumor	none	none	none	none	none	none	none	Primary	0.14	none	Matched	none	MSKCC	P-0014165	none	IMATINIB	none	0	none	none	none	0	none	none	none	0	none	none	none	0	none	none	none	0	none	none	none	0	none	none	none	0	none	none	none	0	none	none	none	0	none	none	none	0	none	none	none	0	none	none	none	0	none	none	none	0	none	none	none	0	none	none	none	0	none	none	none	0	none	none	none	0	none	none	none	0	none	none	none	0	none	none	none	0	none	none	none	0	none	none	none	0	none	none	none	none	none	none	none	none	none	none	none	none	none	none	none	none	none	none	none	none	none	none	none	none	none	none	none	none	none	none	none	none	none	none	none	none	none	none	none	none	none	none	MSS	none
P-0014184	none	none	none	none	Male	none	none	none	none	none	Not Hispanic	none	none	none	none	none	none	none	none	none	none	none	none	none	WHITE	none	none	none	0	72.723	none	none	none	none	none	none	none	P-0014184-T04-IM6	GIST	Gastrointestinal Stromal Tumor	Gastrointestinal Stromal Tumor	none	none	none	none	none	none	none	Metastasis	0.63	none	Matched	none	MSKCC	P-0014184	none	IMATINIB	none	0	none	none	none	0	none	none	none	0	none	none	none	0	none	none	none	0	none	none	none	0	none	none	none	0	none	none	none	0	none	none	none	0	none	none	none	0	none	none	none	0	none	none	none	0	none	none	none	0	none	none	none	0	none	none	none	0	none	none	none	0	none	none	none	0	none	none	none	0	none	none	none	0	none	none	none	0	none	none	none	0	none	none	none	0	none	none	none	none	none	none	none	none	none	none	none	none	none	none	none	none	none	none	none	none	none	none	none	none	none	none	none	none	none	none	none	none	none	none	none	none	none	none	none	none	none	none	MSI	none
P-0014241	none	none	none	none	Female	none	none	none	none	none	Not Hispanic	none	none	none	none	none	none	none	none	none	none	none	none	none	WHITE	none	none	none	0	72.46	none	none	none	none	none	none	none	P-0014241-T01-IM6	GIST	Gastrointestinal Stromal Tumor	Gastrointestinal Stromal Tumor	none	none	none	none	none	none	none	Primary	0.18	none	Matched	none	MSKCC	P-0014241	none	IMATINIB	none	0	none	none	none	0	none	none	none	0	none	none	none	0	none	none	none	0	none	none	none	0	none	none	none	0	none	none	none	0	none	none	none	0	none	none	none	0	none	none	none	0	none	none	none	0	none	none	none	0	none	none	none	0	none	none	none	0	none	none	none	0	none	none	none	0	none	none	none	0	none	none	none	0	none	none	none	0	none	none	none	0	none	none	none	0	none	none	none	none	none	none	none	none	none	none	none	none	none	none	none	none	none	none	none	none	none	none	none	none	none	none	none	none	none	none	none	none	none	none	none	none	none	none	none	none	none	none	MSS	none
P-0014247	none	none	none	none	Female	none	none	none	none	none	Not Hispanic	none	none	none	none	none	none	none	none	none	none	none	none	none	ASIAN-FAR EAST/INDIAN SUBCONT	none	none	none	0	70.849	none	none	none	none	none	none	none	P-0014247-T01-IM6	GIST	Gastrointestinal Stromal Tumor	Gastrointestinal Stromal Tumor	none	none	none	none	none	none	none	Primary	0.13	none	Matched	none	MSKCC	P-0014247	none	IMATINIB	none	0	none	none	none	0	none	none	none	0	none	none	none	0	none	none	none	0	none	none	none	0	none	none	none	0	none	none	none	0	none	none	none	0	none	none	none	0	none	none	none	0	none	none	none	0	none	none	none	0	none	none	none	0	none	none	none	0	none	none	none	0	none	none	none	0	none	none	none	0	none	none	none	0	none	none	none	0	none	none	none	0	none	none	none	0	none	none	none	none	none	none	none	none	none	none	none	none	none	none	none	none	none	none	none	none	none	none	none	none	none	none	none	none	none	none	none	none	none	none	none	none	none	none	none	none	none	none	MSS	none
P-0014295	none	none	none	none	Female	none	none	none	none	none	Not Hispanic	none	none	none	none	none	none	none	none	none	none	none	none	none	BLACK OR AFRICAN AMERICAN	none	none	none	0	62.499	none	none	none	none	none	none	none	P-0014295-T01-IM6	GIST	Gastrointestinal Stromal Tumor	Gastrointestinal Stromal Tumor	none	none	none	none	none	none	none	Primary	0.23	none	Matched	none	MSKCC	P-0014295	none	none	none	0	none	none	none	0	none	none	none	0	none	none	none	0	none	none	none	0	none	none	none	0	none	none	none	0	none	none	none	0	none	none	none	0	none	none	none	0	none	none	none	0	none	none	none	0	none	none	none	0	none	none	none	0	none	none	none	0	none	none	none	0	none	none	none	0	none	none	none	0	none	none	none	0	none	none	none	0	none	none	none	0	none	none	none	0	none	none	none	none	none	none	none	none	none	none	none	none	none	none	none	none	none	none	none	none	none	none	none	none	none	none	none	none	none	none	none	none	none	none	none	none	none	none	none	none	none	none	MSS	none
P-0014330	none	none	none	none	Male	none	none	none	none	none	Not Hispanic	none	none	none	none	none	none	none	none	none	none	none	none	none	WHITE	none	none	none	0	65.457	none	none	none	none	none	none	none	P-0014330-T01-IM6	GIST	Gastrointestinal Stromal Tumor	Gastrointestinal Stromal Tumor	none	none	none	none	none	none	none	Primary	0.33	none	Matched	none	MSKCC	P-0014330	none	none	none	0	none	none	none	0	none	none	none	0	none	none	none	0	none	none	none	0	none	none	none	0	none	none	none	0	none	none	none	0	none	none	none	0	none	none	none	0	none	none	none	0	none	none	none	0	none	none	none	0	none	none	none	1	Missense_Mutation	p.V600E	none	0	none	none	none	0	none	none	none	0	none	none	none	0	none	none	none	0	none	none	none	0	none	none	none	0	none	none	none	0	none	none	none	none	none	none	none	none	none	none	none	none	none	none	none	none	none	none	none	none	none	none	none	none	none	none	none	none	none	none	none	none	none	none	none	none	none	none	none	none	none	none	MSS	none
P-0014411	none	none	none	none	Male	none	none	none	none	none	Not Hispanic	none	none	none	none	none	none	none	none	none	none	none	none	none	WHITE	none	none	none	1	72.164	none	none	none	none	none	none	none	P-0014411-T01-IM6	GIST	Gastrointestinal Stromal Tumor	Gastrointestinal Stromal Tumor	none	none	none	none	none	none	none	Metastasis	0.69	none	Matched	none	MSKCC	P-0014411	none	none	none	0	none	none	none	0	none	none	none	0	none	none	none	0	none	none	none	0	none	none	none	0	none	none	none	0	none	none	none	0	none	none	none	0	none	none	none	0	none	none	none	0	none	none	none	0	none	none	none	0	none	none	none	0	none	none	none	0	none	none	none	0	none	none	none	0	none	none	none	0	none	none	none	0	none	none	none	0	none	none	none	0	none	none	none	0	none	none	none	none	none	none	none	none	none	none	none	none	none	none	none	none	none	none	none	none	none	none	none	none	none	none	none	none	none	none	none	none	none	none	none	none	none	none	none	none	none	none	MSI	none
P-0014433	none	none	none	none	Female	none	none	none	none	none	Not Hispanic	none	none	none	none	none	none	none	none	none	none	none	none	none	WHITE	none	none	none	1	23.868	none	none	none	none	none	none	none	P-0014433-T04-IM6	GIST	Gastrointestinal Stromal Tumor	Gastrointestinal Stromal Tumor	none	none	none	none	none	none	none	Metastasis	1.07	none	Matched	none	MSKCC	P-0014433	none	none	none	0	none	none	none	0	none	none	none	0	none	none	none	0	none	none	none	0	none	none	none	0	none	none	none	0	none	none	none	0	none	none	none	0	none	none	none	0	none	none	none	0	none	none	none	0	none	none	none	0	none	none	none	0	none	none	none	0	none	none	none	0	none	none	none	0	none	none	none	0	none	none	none	0	none	none	none	0	none	none	none	0	none	none	none	0	none	none	none	none	none	none	none	none	none	none	none	none	none	none	none	none	none	none	none	none	none	none	none	none	none	none	none	none	none	none	none	none	none	none	none	none	none	none	none	none	none	none	MSI	none
P-0014452	none	none	none	none	Female	none	none	none	none	none	Hispanic	none	none	none	none	none	none	none	none	none	none	none	none	none	BLACK OR AFRICAN AMERICAN	none	none	none	0	73.019	none	none	none	none	none	none	none	P-0014452-T01-IM6	GIST	Gastrointestinal Stromal Tumor	Gastrointestinal Stromal Tumor	none	none	none	none	none	none	none	Primary	0.3	none	Matched	none	MSKCC	P-0014452	none	none	none	0	none	none	none	0	none	none	none	0	none	none	none	0	none	none	none	0	none	none	none	0	none	none	none	0	none	none	none	0	none	none	none	0	none	none	none	0	none	none	none	0	none	none	none	0	none	none	none	0	none	none	none	0	none	none	none	1	Missense_Mutation	p.R1579C	none	0	none	none	none	0	none	none	none	0	none	none	none	0	none	none	none	0	none	none	none	0	none	none	none	0	none	none	none	none	none	none	none	none	none	none	none	none	none	none	none	none	none	none	none	none	none	none	none	none	none	none	none	none	none	none	none	none	none	none	none	none	none	none	none	none	none	none	MSS	none
P-0014521	none	none	none	none	Male	none	none	none	none	none	Not Hispanic	none	none	none	none	none	none	none	none	none	none	none	none	none	WHITE	none	none	none	0	64.044	none	none	none	none	none	none	none	P-0014521-T01-IM6	GIST	Gastrointestinal Stromal Tumor	Gastrointestinal Stromal Tumor	none	none	none	none	none	none	none	Primary	0.35	none	Matched	none	MSKCC	P-0014521	none	none	none	0	none	none	none	0	none	none	none	0	none	none	none	0	none	none	none	0	none	none	none	0	none	none	none	0	none	none	none	0	none	none	none	0	none	none	none	0	none	none	none	0	none	none	none	0	none	none	none	0	none	none	none	0	none	none	none	0	none	none	none	0	none	none	none	0	none	none	none	0	none	none	none	0	none	none	none	0	none	none	none	0	none	none	none	0	none	none	none	none	none	none	none	none	none	none	none	none	none	none	none	none	none	none	none	none	none	none	none	none	none	none	none	none	none	none	none	none	none	none	none	none	none	none	none	none	none	none	MSS	none
P-0014592	none	none	none	none	Male	none	none	none	none	none	Not Hispanic	none	none	none	none	none	none	none	none	none	none	none	none	none	WHITE	none	none	none	1	61.775	none	none	none	none	none	none	none	P-0014592-T01-IM6	GIST	Gastrointestinal Stromal Tumor	Gastrointestinal Stromal Tumor	none	none	none	none	none	none	none	Primary	1.15	none	Matched	none	MSKCC	P-0014592	none	none	none	0	none	none	none	0	none	none	none	0	none	none	none	0	none	none	none	0	none	none	none	0	none	none	none	0	none	none	none	0	none	none	none	0	none	none	none	0	none	none	none	0	none	none	none	0	none	none	none	0	none	none	none	0	none	none	none	0	none	none	none	0	none	none	none	0	none	none	none	0	none	none	none	0	none	none	none	0	none	none	none	0	none	none	none	0	none	none	none	none	none	none	none	none	none	none	none	none	none	none	none	none	none	none	none	none	none	none	none	none	none	none	none	none	none	none	none	none	none	none	none	none	none	none	none	none	none	none	MSI	none
P-0014678	none	none	none	none	Male	none	none	none	none	none	Not Hispanic	none	none	none	none	none	none	none	none	none	none	none	none	none	BLACK OR AFRICAN AMERICAN	none	none	none	0	52.208	none	none	none	none	none	none	none	P-0014678-T01-IM6	GIST	Gastrointestinal Stromal Tumor	Gastrointestinal Stromal Tumor	none	none	none	none	none	none	none	Primary	0.13	none	Matched	none	MSKCC	P-0014678	none	none	none	0	none	none	none	0	none	none	none	0	none	none	none	0	none	none	none	0	none	none	none	0	none	none	none	0	none	none	none	0	none	none	none	0	none	none	none	0	none	none	none	0	none	none	none	0	none	none	none	0	none	none	none	0	none	none	none	0	none	none	none	0	none	none	none	0	none	none	none	0	none	none	none	0	none	none	none	0	none	none	none	0	none	none	none	0	none	none	none	none	none	none	none	none	none	none	none	none	none	none	none	none	none	none	none	none	none	none	none	none	none	none	none	none	none	none	none	none	none	none	none	none	none	none	none	none	none	none	MSS	none
P-0014683	none	none	none	none	Male	none	none	none	none	none	Not Hispanic	none	none	none	none	none	none	none	none	none	none	none	none	none	WHITE	none	none	none	0	71.112	none	none	none	none	none	none	none	P-0014683-T01-IM6	GIST	Gastrointestinal Stromal Tumor	Gastrointestinal Stromal Tumor	none	none	none	none	none	none	none	Primary	0.13	none	Matched	none	MSKCC	P-0014683	none	none	none	0	none	none	none	0	none	none	none	0	none	none	none	0	none	none	none	0	none	none	none	0	none	none	none	0	none	none	none	0	none	none	none	0	none	none	none	0	none	none	none	0	none	none	none	0	none	none	none	0	none	none	none	0	none	none	none	0	none	none	none	0	none	none	none	0	none	none	none	0	none	none	none	0	none	none	none	0	none	none	none	0	none	none	none	0	none	none	none	none	none	none	none	none	none	none	none	none	none	none	none	none	none	none	none	none	none	none	none	none	none	none	none	none	none	none	none	none	none	none	none	none	none	none	none	none	none	none	MSS	none
P-0014722	none	none	none	none	Female	none	none	none	none	none	Not Hispanic	none	none	none	none	none	none	none	none	none	none	none	none	none	WHITE	none	none	none	0	72.23	none	none	none	none	none	none	none	P-0014722-T01-IM6	GIST	Gastrointestinal Stromal Tumor	Gastrointestinal Stromal Tumor	none	none	none	none	none	none	none	Metastasis	none	none	Matched	none	MSKCC	P-0014722	none	none	none	0	none	none	none	0	none	none	none	0	none	none	none	0	none	none	none	0	none	none	none	0	none	none	none	0	none	none	none	0	none	none	none	0	none	none	none	0	none	none	none	0	none	none	none	0	none	none	none	0	none	none	none	0	none	none	none	0	none	none	none	0	none	none	none	0	none	none	none	0	none	none	none	0	none	none	none	0	none	none	none	0	none	none	none	0	none	none	none	none	none	none	none	none	none	none	none	none	none	none	none	none	none	none	none	none	none	none	none	none	none	none	none	none	none	none	none	none	none	none	none	none	none	none	none	none	none	none	none	none
P-0014731	none	none	none	none	Female	none	none	none	none	none	Not Hispanic	none	none	none	none	none	none	none	none	none	none	none	none	none	NATIVE AMERICAN-AM IND/ALASKA	none	none	none	0	none	none	none	none	none	none	none	none	P-0014731-T01-IM6	GIST	Gastrointestinal Stromal Tumor	Gastrointestinal Stromal Tumor	none	none	none	none	none	none	none	Primary	2.68	none	Matched	none	MSKCC	P-0014731	none	none	none	0	none	none	none	1	Missense_Mutation	p.P27A	none	0	none	none	none	0	none	none	none	0	none	none	none	0	none	none	none	0	none	none	none	0	none	none	none	1	Missense_Mutation	p.K3004E	none	0	none	none	none	0	none	none	none	0	none	none	none	0	none	none	none	0	none	none	none	0	none	none	none	0	none	none	none	0	none	none	none	0	none	none	none	0	none	none	none	0	none	none	none	0	none	none	none	0	none	none	none	none	none	none	none	none	none	none	none	none	none	none	none	none	none	none	none	none	none	none	none	none	none	none	none	none	none	none	none	none	none	none	none	none	none	none	none	none	none	none	MSI	none
P-0014933	none	none	none	none	Male	none	none	none	none	none	Not Hispanic	none	none	none	none	none	none	none	none	none	none	none	none	none	ASIAN-FAR EAST/INDIAN SUBCONT	none	none	none	0	71.408	none	none	none	none	none	none	none	P-0014933-T01-IM6	GIST	Gastrointestinal Stromal Tumor	Gastrointestinal Stromal Tumor	none	none	none	none	none	none	none	Metastasis	1.47	none	Matched	none	MSKCC	P-0014933	none	none	none	0	none	none	none	0	none	none	none	0	none	none	none	0	none	none	none	0	none	none	none	0	none	none	none	0	none	none	none	0	none	none	none	0	none	none	none	0	none	none	none	0	none	none	none	0	none	none	none	0	none	none	none	0	none	none	none	0	none	none	none	1	Missense_Mutation	p.R1109W	none	0	none	none	none	0	none	none	none	0	none	none	none	0	none	none	none	0	none	none	none	0	none	none	none	none	none	none	none	none	none	none	none	none	none	none	none	none	none	none	none	none	none	none	none	none	none	none	none	none	none	none	none	none	none	none	none	none	none	none	none	none	none	none	MSI	none
P-0015041	none	none	none	none	Male	none	none	none	none	none	Not Hispanic	none	none	none	none	none	none	none	none	none	none	none	none	none	WHITE	none	none	none	1	10.948	none	none	none	none	none	none	none	P-0015041-T01-IM6	GIST	Gastrointestinal Stromal Tumor	Gastrointestinal Stromal Tumor	none	none	none	none	none	none	none	Metastasis	0.93	none	Matched	none	MSKCC	P-0015041	none	none	none	0	none	none	none	0	none	none	none	0	none	none	none	0	none	none	none	0	none	none	none	0	none	none	none	0	none	none	none	0	none	none	none	0	none	none	none	0	none	none	none	0	none	none	none	0	none	none	none	0	none	none	none	0	none	none	none	0	none	none	none	0	none	none	none	0	none	none	none	0	none	none	none	0	none	none	none	0	none	none	none	0	none	none	none	0	none	none	none	none	none	none	none	none	none	none	none	none	none	none	none	none	none	none	none	none	none	none	none	none	none	none	none	none	none	none	none	none	none	none	none	none	none	none	none	none	none	none	MSI	none
P-0015065	none	none	none	none	Female	none	none	none	none	none	Not Hispanic	none	none	none	none	none	none	none	none	none	none	none	none	none	WHITE	none	none	none	0	70.192	none	none	none	none	none	none	none	P-0015065-T01-IM6	GIST	Gastrointestinal Stromal Tumor	Gastrointestinal Stromal Tumor	none	none	none	none	none	none	none	Primary	0.15	none	Matched	none	MSKCC	P-0015065	none	none	none	0	none	none	none	0	none	none	none	0	none	none	none	0	none	none	none	0	none	none	none	0	none	none	none	0	none	none	none	0	none	none	none	0	none	none	none	0	none	none	none	0	none	none	none	0	none	none	none	0	none	none	none	0	none	none	none	0	none	none	none	0	none	none	none	0	none	none	none	0	none	none	none	0	none	none	none	0	none	none	none	0	none	none	none	0	none	none	none	none	none	none	none	none	none	none	none	none	none	none	none	none	none	none	none	none	none	none	none	none	none	none	none	none	none	none	none	none	none	none	none	none	none	none	none	none	none	none	MSS	none
P-0015145	none	none	none	none	Female	none	none	none	none	none	Not Hispanic	none	none	none	none	none	none	none	none	none	none	none	none	none	WHITE	none	none	none	0	72.362	none	none	none	none	none	none	none	P-0015145-T01-IM6	GIST	Gastrointestinal Stromal Tumor	Gastrointestinal Stromal Tumor	none	none	none	none	none	none	none	Primary	0.32	none	Matched	none	MSKCC	P-0015145	none	none	none	0	none	none	none	0	none	none	none	0	none	none	none	1	Missense_Mutation	p.V344M	none	0	none	none	none	0	none	none	none	0	none	none	none	0	none	none	none	1	Missense_Mutation	p.I2888T	none	0	none	none	none	0	none	none	none	0	none	none	none	0	none	none	none	0	none	none	none	0	none	none	none	0	none	none	none	0	none	none	none	0	none	none	none	0	none	none	none	0	none	none	none	0	none	none	none	0	none	none	none	none	none	none	none	none	none	none	none	none	none	none	none	none	none	none	none	none	none	none	none	none	none	none	none	none	none	none	none	none	none	none	none	none	none	none	none	none	none	none	MSS	none
P-0015260	none	none	none	none	Female	none	none	none	none	none	Not Hispanic	none	none	none	none	none	none	none	none	none	none	none	none	none	WHITE	none	none	none	0	6.049	none	none	none	none	none	none	none	P-0015260-T01-IM6	GIST	Gastrointestinal Stromal Tumor	Gastrointestinal Stromal Tumor	none	none	none	none	none	none	none	Metastasis	0.27	none	Matched	none	MSKCC	P-0015260	none	none	none	0	none	none	none	0	none	none	none	0	none	none	none	0	none	none	none	0	none	none	none	0	none	none	none	0	none	none	none	0	none	none	none	0	none	none	none	0	none	none	none	0	none	none	none	0	none	none	none	0	none	none	none	0	none	none	none	1	Frame_Shift_Del	p.T4938Nfs*56	none	0	none	none	none	0	none	none	none	0	none	none	none	0	none	none	none	0	none	none	none	0	none	none	none	0	none	none	none	none	none	none	none	none	none	none	none	none	none	none	none	none	none	none	none	none	none	none	none	none	none	none	none	none	none	none	none	none	none	none	none	none	none	none	none	none	none	none	MSS	none
P-0015279	none	none	none	none	Male	none	none	none	none	none	Not Hispanic	none	none	none	none	none	none	none	none	none	none	none	none	none	WHITE	none	none	none	0	70.225	none	none	none	none	none	none	none	P-0015279-T01-IM6	GIST	Gastrointestinal Stromal Tumor	Gastrointestinal Stromal Tumor	none	none	none	none	none	none	none	Metastasis	0.92	none	Matched	none	MSKCC	P-0015279	none	none	none	0	none	none	none	0	none	none	none	0	none	none	none	0	none	none	none	0	none	none	none	0	none	none	none	0	none	none	none	0	none	none	none	0	none	none	none	0	none	none	none	0	none	none	none	0	none	none	none	0	none	none	none	0	none	none	none	0	none	none	none	0	none	none	none	0	none	none	none	0	none	none	none	0	none	none	none	0	none	none	none	0	none	none	none	0	none	none	none	none	none	none	none	none	none	none	none	none	none	none	none	none	none	none	none	none	none	none	none	none	none	none	none	none	none	none	none	none	none	none	none	none	none	none	none	none	none	none	MSI	none
P-0015335	none	none	none	none	Male	none	none	none	none	none	Not Hispanic	none	none	none	none	none	none	none	none	none	none	none	none	none	BLACK OR AFRICAN AMERICAN	none	none	none	0	68.745	none	none	none	none	none	none	none	P-0015335-T01-IM6	GIST	Gastrointestinal Stromal Tumor	Gastrointestinal Stromal Tumor	none	none	none	none	none	none	none	Primary	1.32	none	Matched	none	MSKCC	P-0015335	none	none	none	0	none	none	none	0	none	none	none	0	none	none	none	0	none	none	none	0	none	none	none	0	none	none	none	0	none	none	none	0	none	none	none	0	none	none	none	0	none	none	none	0	none	none	none	0	none	none	none	0	none	none	none	0	none	none	none	0	none	none	none	0	none	none	none	0	none	none	none	0	none	none	none	0	none	none	none	0	none	none	none	0	none	none	none	0	none	none	none	none	none	none	none	none	none	none	none	none	none	none	none	none	none	none	none	none	none	none	none	none	none	none	none	none	none	none	none	none	none	none	none	none	none	none	none	none	none	none	MSI	none
P-0015447	none	none	none	none	Male	none	none	none	none	none	Not Hispanic	none	none	none	none	none	none	none	none	none	none	none	none	none	WHITE	none	none	none	0	61.677	none	none	none	none	none	none	none	P-0015447-T01-IM6	GIST	Gastrointestinal Stromal Tumor	Gastrointestinal Stromal Tumor	none	none	none	none	none	none	none	Primary	0	none	Matched	none	MSKCC	P-0015447	none	none	none	0	none	none	none	0	none	none	none	0	none	none	none	0	none	none	none	0	none	none	none	0	none	none	none	0	none	none	none	0	none	none	none	0	none	none	none	0	none	none	none	0	none	none	none	0	none	none	none	0	none	none	none	0	none	none	none	0	none	none	none	0	none	none	none	0	none	none	none	0	none	none	none	0	none	none	none	0	none	none	none	0	none	none	none	0	none	none	none	none	none	none	none	none	none	none	none	none	none	none	none	none	none	none	none	none	none	none	none	none	none	none	none	none	none	none	none	none	none	none	none	none	none	none	none	none	none	none	MSS	none
P-0015519	none	none	none	none	Female	none	none	none	none	none	Not Hispanic	none	none	none	none	none	none	none	none	none	none	none	none	none	ASIAN-FAR EAST/INDIAN SUBCONT	none	none	none	0	14.334	none	none	none	none	none	none	none	P-0015519-T01-IM6	GIST	Gastrointestinal Stromal Tumor	Gastrointestinal Stromal Tumor	none	none	none	none	none	none	none	Metastasis	2.48	none	Matched	none	MSKCC	P-0015519	none	none	none	0	none	none	none	0	none	none	none	0	none	none	none	0	none	none	none	0	none	none	none	0	none	none	none	0	none	none	none	0	none	none	none	0	none	none	none	0	none	none	none	0	none	none	none	0	none	none	none	0	none	none	none	0	none	none	none	0	none	none	none	0	none	none	none	0	none	none	none	0	none	none	none	0	none	none	none	0	none	none	none	0	none	none	none	0	none	none	none	none	none	none	none	none	none	none	none	none	none	none	none	none	none	none	none	none	none	none	none	none	none	none	none	none	none	none	none	none	none	none	none	none	none	none	none	none	none	none	MSI	none
P-0015562	none	none	none	none	Male	none	none	none	none	none	Not Hispanic	none	none	none	none	none	none	none	none	none	none	none	none	none	WHITE	none	none	none	1	27.847	none	none	none	none	none	none	none	P-0015562-T02-IM6	GIST	Gastrointestinal Stromal Tumor	Gastrointestinal Stromal Tumor	none	none	none	none	none	none	none	Primary	3.97	none	Matched	none	MSKCC	P-0015562	none	none	none	0	none	none	none	0	none	none	none	0	none	none	none	0	none	none	none	0	none	none	none	0	none	none	none	0	none	none	none	0	none	none	none	0	none	none	none	0	none	none	none	0	none	none	none	0	none	none	none	0	none	none	none	0	none	none	none	0	none	none	none	0	none	none	none	0	none	none	none	0	none	none	none	0	none	none	none	0	none	none	none	0	none	none	none	0	none	none	none	none	none	none	none	none	none	none	none	none	none	none	none	none	none	none	none	none	none	none	none	none	none	none	none	none	none	none	none	none	none	none	none	none	none	none	none	none	none	none	MSI	none
P-0015826	none	none	none	none	Male	none	none	none	none	none	Not Hispanic	none	none	none	none	none	none	none	none	none	none	none	none	none	PT REFUSED TO ANSWER	none	none	none	1	6.115	none	none	none	none	none	none	none	P-0015826-T03-IM6	GIST	Gastrointestinal Stromal Tumor	Gastrointestinal Stromal Tumor	none	none	none	none	none	none	none	Metastasis	1.49	none	Matched	none	MSKCC	P-0015826	none	none	none	0	none	none	none	1	In_Frame_Del	p.L265del	none	0	none	none	none	0	none	none	none	0	none	none	none	0	none	none	none	0	none	none	none	0	none	none	none	0	none	none	none	0	none	none	none	0	none	none	none	0	none	none	none	0	none	none	none	0	none	none	none	0	none	none	none	0	none	none	none	0	none	none	none	0	none	none	none	0	none	none	none	0	none	none	none	0	none	none	none	0	none	none	none	none	none	none	none	none	none	none	none	none	none	none	none	none	none	none	none	none	none	none	none	none	none	none	none	none	none	none	none	none	none	none	none	none	none	none	none	none	none	none	MSI	none
P-0015913	none	none	none	none	Female	none	none	none	none	none	Not Hispanic	none	none	none	none	none	none	none	none	none	none	none	none	none	WHITE	none	none	none	1	25.085	none	none	none	none	none	none	none	P-0015913-T01-IM6	GIST	Gastrointestinal Stromal Tumor	Gastrointestinal Stromal Tumor	none	none	none	none	none	none	none	Primary	0.18	none	Matched	none	MSKCC	P-0015913	none	none	none	0	none	none	none	0	none	none	none	0	none	none	none	0	none	none	none	0	none	none	none	0	none	none	none	0	none	none	none	0	none	none	none	0	none	none	none	0	none	none	none	0	none	none	none	0	none	none	none	0	none	none	none	0	none	none	none	0	none	none	none	0	none	none	none	0	none	none	none	0	none	none	none	0	none	none	none	0	none	none	none	0	none	none	none	0	none	none	none	none	none	none	none	none	none	none	none	none	none	none	none	none	none	none	none	none	none	none	none	none	none	none	none	none	none	none	none	none	none	none	none	none	none	none	none	none	none	none	MSS	none
P-0015956	none	none	none	none	Male	none	none	none	none	none	Not Hispanic	none	none	none	none	none	none	none	none	none	none	none	none	none	BLACK OR AFRICAN AMERICAN	none	none	none	0	68.383	none	none	none	none	none	none	none	P-0015956-T01-IM6	GIST	Gastrointestinal Stromal Tumor	Gastrointestinal Stromal Tumor	none	none	none	none	none	none	none	Metastasis	1.26	none	Matched	none	MSKCC	P-0015956	none	none	none	0	none	none	none	0	none	none	none	0	none	none	none	0	none	none	none	0	none	none	none	0	none	none	none	0	none	none	none	0	none	none	none	0	none	none	none	0	none	none	none	0	none	none	none	0	none	none	none	0	none	none	none	0	none	none	none	0	none	none	none	0	none	none	none	0	none	none	none	0	none	none	none	0	none	none	none	0	none	none	none	0	none	none	none	0	none	none	none	none	none	none	none	none	none	none	none	none	none	none	none	none	none	none	none	none	none	none	none	none	none	none	none	none	none	none	none	none	none	none	none	none	none	none	none	none	none	none	MSI	none
P-0015969	none	none	none	none	Male	none	none	none	none	none	Not Hispanic	none	none	none	none	none	none	none	none	none	none	none	none	none	WHITE	none	none	none	0	55.627	none	none	none	none	none	none	none	P-0015969-T01-IM6	GIST	Gastrointestinal Stromal Tumor	Gastrointestinal Stromal Tumor	none	none	none	none	none	none	none	Primary	0	none	Matched	none	MSKCC	P-0015969	none	none	none	0	none	none	none	0	none	none	none	0	none	none	none	0	none	none	none	0	none	none	none	0	none	none	none	0	none	none	none	0	none	none	none	0	none	none	none	0	none	none	none	0	none	none	none	0	none	none	none	0	none	none	none	0	none	none	none	0	none	none	none	0	none	none	none	0	none	none	none	0	none	none	none	0	none	none	none	0	none	none	none	0	none	none	none	0	none	none	none	none	none	none	none	none	none	none	none	none	none	none	none	none	none	none	none	none	none	none	none	none	none	none	none	none	none	none	none	none	none	none	none	none	none	none	none	none	none	none	MSS	none
P-0016265	none	none	none	none	Male	none	none	none	none	none	Not Hispanic	none	none	none	none	none	none	none	none	none	none	none	none	none	WHITE	none	none	none	1	31.101	none	none	none	none	none	none	none	P-0016265-T01-IM6	GIST	Gastrointestinal Stromal Tumor	Gastrointestinal Stromal Tumor	none	none	none	none	none	none	none	Metastasis	0.45	none	Matched	none	MSKCC	P-0016265	none	none	none	0	none	none	none	0	none	none	none	0	none	none	none	0	none	none	none	0	none	none	none	0	none	none	none	0	none	none	none	0	none	none	none	0	none	none	none	0	none	none	none	0	none	none	none	0	none	none	none	0	none	none	none	0	none	none	none	0	none	none	none	0	none	none	none	0	none	none	none	0	none	none	none	0	none	none	none	0	none	none	none	0	none	none	none	0	none	none	none	none	none	none	none	none	none	none	none	none	none	none	none	none	none	none	none	none	none	none	none	none	none	none	none	none	none	none	none	none	none	none	none	none	none	none	none	none	none	none	Indeterminate	none
P-0016532	none	none	none	none	Female	none	none	none	none	none	Not Hispanic	none	none	none	none	none	none	none	none	none	none	none	none	none	BLACK OR AFRICAN AMERICAN	none	none	none	0	17.359	none	none	none	none	none	none	none	P-0016532-T02-IM6	GIST	Gastrointestinal Stromal Tumor	Gastrointestinal Stromal Tumor	none	none	none	none	none	none	none	Primary	0.4	none	Matched	none	MSKCC	P-0016532	none	none	none	0	none	none	none	0	none	none	none	0	none	none	none	0	none	none	none	0	none	none	none	0	none	none	none	0	none	none	none	0	none	none	none	0	none	none	none	0	none	none	none	0	none	none	none	0	none	none	none	0	none	none	none	0	none	none	none	0	none	none	none	0	none	none	none	0	none	none	none	0	none	none	none	0	none	none	none	0	none	none	none	0	none	none	none	0	none	none	none	none	none	none	none	none	none	none	none	none	none	none	none	none	none	none	none	none	none	none	none	none	none	none	none	none	none	none	none	none	none	none	none	none	none	none	none	none	none	none	Indeterminate	none
P-0016629	none	none	none	none	Male	none	none	none	none	none	Not Hispanic	none	none	none	none	none	none	none	none	none	none	none	none	none	ASIAN-FAR EAST/INDIAN SUBCONT	none	none	none	0	none	none	none	none	none	none	none	none	P-0016629-T01-IM6	GIST	Gastrointestinal Stromal Tumor	Gastrointestinal Stromal Tumor	none	none	none	none	none	none	none	Primary	1.71	none	Matched	none	MSKCC	P-0016629	none	none	none	0	none	none	none	0	none	none	none	0	none	none	none	0	none	none	none	0	none	none	none	0	none	none	none	1	Nonsense_Mutation| Frame_Shift_Ins	p.L172*| p.T140*	none	0	none	none	none	0	none	none	none	0	none	none	none	0	none	none	none	0	none	none	none	0	none	none	none	0	none	none	none	0	none	none	none	0	none	none	none	0	none	none	none	0	none	none	none	0	none	none	none	0	none	none	none	0	none	none	none	0	none	none	none	none	none	none	none	none	none	none	none	none	none	none	none	none	none	none	none	none	none	none	none	none	none	none	none	none	none	none	none	none	none	none	none	none	none	none	none	none	none	none	MSI	none
P-0016848	none	none	none	none	Female	none	none	none	none	none	Not Hispanic	none	none	none	none	none	none	none	none	none	none	none	none	none	WHITE	none	none	none	0	31.43	none	none	none	none	none	none	none	P-0016848-T01-IM6	GIST	Gastrointestinal Stromal Tumor	Gastrointestinal Stromal Tumor	none	none	none	none	none	none	none	Primary	none	none	Matched	none	MSKCC	P-0016848	none	none	none	0	none	none	none	0	none	none	none	0	none	none	none	0	none	none	none	0	none	none	none	0	none	none	none	0	none	none	none	0	none	none	none	0	none	none	none	0	none	none	none	0	none	none	none	0	none	none	none	0	none	none	none	0	none	none	none	0	none	none	none	0	none	none	none	0	none	none	none	0	none	none	none	0	none	none	none	0	none	none	none	0	none	none	none	0	none	none	none	none	none	none	none	none	none	none	none	none	none	none	none	none	none	none	none	none	none	none	none	none	none	none	none	none	none	none	none	none	none	none	none	none	none	none	none	none	none	none	none	none
P-0016868	none	none	none	none	Male	none	none	none	none	none	Hispanic	none	none	none	none	none	none	none	none	none	none	none	none	none	OTHER	none	none	none	0	1.742	none	none	none	none	none	none	none	P-0016868-T01-IM6	GIST	Gastrointestinal Stromal Tumor	Gastrointestinal Stromal Tumor	none	none	none	none	none	none	none	Primary	1.07	none	Matched	none	MSKCC	P-0016868	none	none	none	0	none	none	none	0	none	none	none	0	none	none	none	0	none	none	none	0	none	none	none	0	none	none	none	0	none	none	none	0	none	none	none	0	none	none	none	0	none	none	none	0	none	none	none	0	none	none	none	0	none	none	none	0	none	none	none	0	none	none	none	0	none	none	none	0	none	none	none	0	none	none	none	0	none	none	none	0	none	none	none	0	none	none	none	0	none	none	none	none	none	none	none	none	none	none	none	none	none	none	none	none	none	none	none	none	none	none	none	none	none	none	none	none	none	none	none	none	none	none	none	none	none	none	none	none	none	none	MSI	none
P-0016894	none	none	none	none	Female	none	none	none	none	none	Not Hispanic	none	none	none	none	none	none	none	none	none	none	none	none	none	WHITE	none	none	none	1	60.197	none	none	none	none	none	none	none	P-0016894-T02-IM6	GIST	Gastrointestinal Stromal Tumor	Gastrointestinal Stromal Tumor	none	none	none	none	none	none	none	Metastasis	0.54	none	Matched	none	MSKCC	P-0016894	none	none	none	0	none	none	none	1	Splice_Site	p.X187_splice	none	0	none	none	none	0	none	none	none	0	none	none	none	0	none	none	none	0	none	none	none	0	none	none	none	0	none	none	none	0	none	none	none	0	none	none	none	0	none	none	none	0	none	none	none	0	none	none	none	0	none	none	none	0	none	none	none	0	none	none	none	0	none	none	none	0	none	none	none	0	none	none	none	0	none	none	none	0	none	none	none	none	none	none	none	none	none	none	none	none	none	none	none	none	none	none	none	none	none	none	none	none	none	none	none	none	none	none	none	none	none	none	none	none	none	none	none	none	none	none	Indeterminate	none
P-0016970	none	none	none	none	Male	none	none	none	none	none	Not Hispanic	none	none	none	none	none	none	none	none	none	none	none	none	none	WHITE	none	none	none	1	1.348	none	none	none	none	none	none	none	P-0016970-T01-IM6	GIST	Gastrointestinal Stromal Tumor	Gastrointestinal Stromal Tumor	none	none	none	none	none	none	none	Metastasis	1.47	none	Matched	none	MSKCC	P-0016970	none	none	none	0	none	none	none	0	none	none	none	0	none	none	none	1	Missense_Mutation	p.H1047R	none	0	none	none	none	0	none	none	none	0	none	none	none	0	none	none	none	0	none	none	none	0	none	none	none	0	none	none	none	0	none	none	none	0	none	none	none	0	none	none	none	0	none	none	none	0	none	none	none	0	none	none	none	0	none	none	none	0	none	none	none	0	none	none	none	0	none	none	none	0	none	none	none	none	none	none	none	none	none	none	none	none	none	none	none	none	none	none	none	none	none	none	none	none	none	none	none	none	none	none	none	none	none	none	none	none	none	none	none	none	none	none	MSI	none
P-0017255	none	none	none	none	Male	none	none	none	none	none	Not Hispanic	none	none	none	none	none	none	none	none	none	none	none	none	none	WHITE	none	none	none	0	67.792	none	none	none	none	none	none	none	P-0017255-T01-IM6	GIST	Gastrointestinal Stromal Tumor	Gastrointestinal Stromal Tumor	none	none	none	none	none	none	none	Primary	1.58	none	Matched	none	MSKCC	P-0017255	none	none	none	0	none	none	none	0	none	none	none	0	none	none	none	0	none	none	none	0	none	none	none	0	none	none	none	0	none	none	none	0	none	none	none	0	none	none	none	0	none	none	none	0	none	none	none	0	none	none	none	0	none	none	none	0	none	none	none	0	none	none	none	0	none	none	none	0	none	none	none	0	none	none	none	0	none	none	none	0	none	none	none	0	none	none	none	0	none	none	none	none	none	none	none	none	none	none	none	none	none	none	none	none	none	none	none	none	none	none	none	none	none	none	none	none	none	none	none	none	none	none	none	none	none	none	none	none	none	none	MSI	none
P-0017387	none	none	none	none	Female	none	none	none	none	none	Not Hispanic	none	none	none	none	none	none	none	none	none	none	none	none	none	WHITE	none	none	none	0	68.482	none	none	none	none	none	none	none	P-0017387-T01-IM6	GIST	Gastrointestinal Stromal Tumor	Gastrointestinal Stromal Tumor	none	none	none	none	none	none	none	Metastasis	0.14	none	Matched	none	MSKCC	P-0017387	none	none	none	0	none	none	none	0	none	none	none	0	none	none	none	0	none	none	none	0	none	none	none	0	none	none	none	0	none	none	none	0	none	none	none	0	none	none	none	0	none	none	none	0	none	none	none	0	none	none	none	0	none	none	none	0	none	none	none	0	none	none	none	0	none	none	none	0	none	none	none	0	none	none	none	0	none	none	none	0	none	none	none	0	none	none	none	0	none	none	none	none	none	none	none	none	none	none	none	none	none	none	none	none	none	none	none	none	none	none	none	none	none	none	none	none	none	none	none	none	none	none	none	none	none	none	none	none	none	none	MSS	none
P-0017531	none	none	none	none	Male	none	none	none	none	none	Not Hispanic	none	none	none	none	none	none	none	none	none	none	none	none	none	WHITE	none	none	none	1	42.707	none	none	none	none	none	none	none	P-0017531-T02-IM6	GIST	Gastrointestinal Stromal Tumor	Gastrointestinal Stromal Tumor	none	none	none	none	none	none	none	Metastasis	1.3	none	Matched	none	MSKCC	P-0017531	none	none	none	0	none	none	none	0	none	none	none	0	none	none	none	0	none	none	none	0	none	none	none	0	none	none	none	0	none	none	none	0	none	none	none	0	none	none	none	0	none	none	none	0	none	none	none	0	none	none	none	0	none	none	none	0	none	none	none	0	none	none	none	0	none	none	none	0	none	none	none	0	none	none	none	0	none	none	none	0	none	none	none	0	none	none	none	0	none	none	none	none	none	none	none	none	none	none	none	none	none	none	none	none	none	none	none	none	none	none	none	none	none	none	none	none	none	none	none	none	none	none	none	none	none	none	none	none	none	none	MSI	none
P-0017659	none	none	none	none	Male	none	none	none	none	none	Not Hispanic	none	none	none	none	none	none	none	none	none	none	none	none	none	WHITE	none	none	none	1	6.641	none	none	none	none	none	none	none	P-0017659-T01-IM5	GIST	Gastrointestinal Stromal Tumor	Gastrointestinal Stromal Tumor	none	none	none	none	none	none	none	Metastasis	0.08	none	Matched	none	MSKCC	P-0017659	none	none	none	0	none	none	none	0	none	none	none	0	none	none	none	0	none	none	none	0	none	none	none	0	none	none	none	0	none	none	none	0	none	none	none	0	none	none	none	0	none	none	none	0	none	none	none	0	none	none	none	0	none	none	none	0	none	none	none	0	none	none	none	0	none	none	none	0	none	none	none	0	none	none	none	0	none	none	none	0	none	none	none	0	none	none	none	0	none	none	none	none	none	none	none	none	none	none	none	none	none	none	none	none	none	none	none	none	none	none	none	none	none	none	none	none	none	none	none	none	none	none	none	none	none	none	none	none	none	none	MSS	none
P-0017729	none	none	none	none	Male	none	none	none	none	none	Not Hispanic	none	none	none	none	none	none	none	none	none	none	none	none	none	WHITE	none	none	none	0	66.575	none	none	none	none	none	none	none	P-0017729-T02-IM6	GIST	Gastrointestinal Stromal Tumor	Gastrointestinal Stromal Tumor	none	none	none	none	none	none	none	Primary	0.54	none	Matched	none	MSKCC	P-0017729	none	none	none	0	none	none	none	0	none	none	none	0	none	none	none	0	none	none	none	0	none	none	none	0	none	none	none	0	none	none	none	0	none	none	none	0	none	none	none	0	none	none	none	0	none	none	none	0	none	none	none	0	none	none	none	0	none	none	none	0	none	none	none	0	none	none	none	0	none	none	none	0	none	none	none	0	none	none	none	0	none	none	none	0	none	none	none	0	none	none	none	none	none	none	none	none	none	none	none	none	none	none	none	none	none	none	none	none	none	none	none	none	none	none	none	none	none	none	none	none	none	none	none	none	none	none	none	none	none	none	Indeterminate	none
P-0017753	none	none	none	none	Male	none	none	none	none	none	Hispanic	none	none	none	none	none	none	none	none	none	none	none	none	none	WHITE	none	none	none	0	44.022	none	none	none	none	none	none	none	P-0017753-T01-IM6	GIST	Gastrointestinal Stromal Tumor	Gastrointestinal Stromal Tumor	none	none	none	none	none	none	none	Primary	0.16	none	Matched	none	MSKCC	P-0017753	none	none	none	0	none	none	none	0	none	none	none	0	none	none	none	0	none	none	none	0	none	none	none	0	none	none	none	0	none	none	none	0	none	none	none	0	none	none	none	0	none	none	none	0	none	none	none	0	none	none	none	0	none	none	none	0	none	none	none	0	none	none	none	0	none	none	none	0	none	none	none	0	none	none	none	0	none	none	none	0	none	none	none	0	none	none	none	0	none	none	none	none	none	none	none	none	none	none	none	none	none	none	none	none	none	none	none	none	none	none	none	none	none	none	none	none	none	none	none	none	none	none	none	none	none	none	none	none	none	none	MSS	none
P-0017811	none	none	none	none	Female	none	none	none	none	none	Not Hispanic	none	none	none	none	none	none	none	none	none	none	none	none	none	WHITE	none	none	none	0	35.244	none	none	none	none	none	none	none	P-0017811-T01-IM6	GIST	Gastrointestinal Stromal Tumor	Gastrointestinal Stromal Tumor	none	none	none	none	none	none	none	Primary	0.64	none	Matched	none	MSKCC	P-0017811	none	none	none	0	none	none	none	0	none	none	none	0	none	none	none	1	Missense_Mutation	p.G106R	none	0	none	none	none	0	none	none	none	0	none	none	none	0	none	none	none	0	none	none	none	0	none	none	none	0	none	none	none	0	none	none	none	0	none	none	none	0	none	none	none	0	none	none	none	0	none	none	none	0	none	none	none	0	none	none	none	0	none	none	none	0	none	none	none	0	none	none	none	0	none	none	none	none	none	none	none	none	none	none	none	none	none	none	none	none	none	none	none	none	none	none	none	none	none	none	none	none	none	none	none	none	none	none	none	none	none	none	none	none	none	none	MSI	none
P-0017819	none	none	none	none	Female	none	none	none	none	none	Not Hispanic	none	none	none	none	none	none	none	none	none	none	none	none	none	WHITE	none	none	none	0	64.734	none	none	none	none	none	none	none	P-0017819-T01-IM6	GIST	Gastrointestinal Stromal Tumor	Gastrointestinal Stromal Tumor	none	none	none	none	none	none	none	Metastasis	0.58	none	Matched	none	MSKCC	P-0017819	none	none	none	0	none	none	none	0	none	none	none	0	none	none	none	0	none	none	none	0	none	none	none	0	none	none	none	0	none	none	none	0	none	none	none	0	none	none	none	0	none	none	none	0	none	none	none	0	none	none	none	0	none	none	none	0	none	none	none	0	none	none	none	0	none	none	none	0	none	none	none	0	none	none	none	0	none	none	none	0	none	none	none	0	none	none	none	0	none	none	none	none	none	none	none	none	none	none	none	none	none	none	none	none	none	none	none	none	none	none	none	none	none	none	none	none	none	none	none	none	none	none	none	none	none	none	none	none	none	none	Indeterminate	none
P-0017851	none	none	none	none	Female	none	none	none	none	none	Not Hispanic	none	none	none	none	none	none	none	none	none	none	none	none	none	WHITE	none	none	none	0	62.794	none	none	none	none	none	none	none	P-0017851-T01-IM6	GIST	Gastrointestinal Stromal Tumor	Gastrointestinal Stromal Tumor	none	none	none	none	none	none	none	Primary	0	none	Matched	none	MSKCC	P-0017851	none	none	none	0	none	none	none	0	none	none	none	0	none	none	none	0	none	none	none	0	none	none	none	0	none	none	none	0	none	none	none	0	none	none	none	0	none	none	none	0	none	none	none	0	none	none	none	0	none	none	none	0	none	none	none	0	none	none	none	0	none	none	none	0	none	none	none	0	none	none	none	0	none	none	none	0	none	none	none	0	none	none	none	0	none	none	none	0	none	none	none	none	none	none	none	none	none	none	none	none	none	none	none	none	none	none	none	none	none	none	none	none	none	none	none	none	none	none	none	none	none	none	none	none	none	none	none	none	none	none	MSS	none
P-0017859	none	none	none	none	Female	none	none	none	none	none	Not Hispanic	none	none	none	none	none	none	none	none	none	none	none	none	none	BLACK OR AFRICAN AMERICAN	none	none	none	1	26.992	none	none	none	none	none	none	none	P-0017859-T01-IM6	GIST	Gastrointestinal Stromal Tumor	Gastrointestinal Stromal Tumor	none	none	none	none	none	none	none	Metastasis	2.51	none	Matched	none	MSKCC	P-0017859	none	none	none	0	none	none	none	0	none	none	none	0	none	none	none	0	none	none	none	0	none	none	none	0	none	none	none	0	none	none	none	0	none	none	none	0	none	none	none	0	none	none	none	0	none	none	none	0	none	none	none	0	none	none	none	0	none	none	none	0	none	none	none	0	none	none	none	0	none	none	none	0	none	none	none	0	none	none	none	0	none	none	none	0	none	none	none	0	none	none	none	none	none	none	none	none	none	none	none	none	none	none	none	none	none	none	none	none	none	none	none	none	none	none	none	none	none	none	none	none	none	none	none	none	none	none	none	none	none	none	MSI	none
P-0017880	none	none	none	none	Female	none	none	none	none	none	Not Hispanic	none	none	none	none	none	none	none	none	none	none	none	none	none	PT REFUSED TO ANSWER	none	none	none	0	46.488	none	none	none	none	none	none	none	P-0017880-T01-IM6	GIST	Gastrointestinal Stromal Tumor	Gastrointestinal Stromal Tumor	none	none	none	none	none	none	none	Primary	0.17	none	Matched	none	MSKCC	P-0017880	none	none	none	0	none	none	none	0	none	none	none	0	none	none	none	0	none	none	none	0	none	none	none	0	none	none	none	0	none	none	none	0	none	none	none	0	none	none	none	0	none	none	none	0	none	none	none	0	none	none	none	0	none	none	none	0	none	none	none	0	none	none	none	0	none	none	none	0	none	none	none	0	none	none	none	0	none	none	none	0	none	none	none	0	none	none	none	0	none	none	none	none	none	none	none	none	none	none	none	none	none	none	none	none	none	none	none	none	none	none	none	none	none	none	none	none	none	none	none	none	none	none	none	none	none	none	none	none	none	none	MSS	none
P-0017982	none	none	none	none	Male	none	none	none	none	none	none	none	none	none	none	none	none	none	none	none	none	none	none	none	WHITE	none	none	none	1	8.679	none	none	none	none	none	none	none	P-0017982-T01-IM6	GIST	Gastrointestinal Stromal Tumor	Gastrointestinal Stromal Tumor	none	none	none	none	none	none	none	Metastasis	1.39	none	Matched	none	MSKCC	P-0017982	none	none	none	0	none	none	none	0	none	none	none	0	none	none	none	0	none	none	none	0	none	none	none	0	none	none	none	0	none	none	none	0	none	none	none	0	none	none	none	0	none	none	none	0	none	none	none	0	none	none	none	0	none	none	none	0	none	none	none	0	none	none	none	0	none	none	none	0	none	none	none	0	none	none	none	0	none	none	none	0	none	none	none	0	none	none	none	0	none	none	none	none	none	none	none	none	none	none	none	none	none	none	none	none	none	none	none	none	none	none	none	none	none	none	none	none	none	none	none	none	none	none	none	none	none	none	none	none	none	none	MSI	none
P-0018001	none	none	none	none	Female	none	none	none	none	none	Not Hispanic	none	none	none	none	none	none	none	none	none	none	none	none	none	WHITE	none	none	none	0	67.036	none	none	none	none	none	none	none	P-0018001-T01-IM6	GIST	Gastrointestinal Stromal Tumor	Gastrointestinal Stromal Tumor	none	none	none	none	none	none	none	Metastasis	1.49	none	Matched	none	MSKCC	P-0018001	none	none	none	0	none	none	none	0	none	none	none	0	none	none	none	0	none	none	none	0	none	none	none	0	none	none	none	0	none	none	none	0	none	none	none	0	none	none	none	0	none	none	none	0	none	none	none	0	none	none	none	0	none	none	none	0	none	none	none	0	none	none	none	0	none	none	none	0	none	none	none	0	none	none	none	0	none	none	none	0	none	none	none	0	none	none	none	0	none	none	none	none	none	none	none	none	none	none	none	none	none	none	none	none	none	none	none	none	none	none	none	none	none	none	none	none	none	none	none	none	none	none	none	none	none	none	none	none	none	none	MSI	none
P-0018225	none	none	none	none	Male	none	none	none	none	none	Not Hispanic	none	none	none	none	none	none	none	none	none	none	none	none	none	WHITE	none	none	none	0	66.082	none	none	none	none	none	none	none	P-0018225-T01-IM6	GIST	Gastrointestinal Stromal Tumor	Gastrointestinal Stromal Tumor	none	none	none	none	none	none	none	Primary	0.27	none	Matched	none	MSKCC	P-0018225	none	none	none	0	none	none	none	0	none	none	none	0	none	none	none	0	none	none	none	0	none	none	none	0	none	none	none	0	none	none	none	0	none	none	none	0	none	none	none	0	none	none	none	0	none	none	none	0	none	none	none	0	none	none	none	0	none	none	none	0	none	none	none	0	none	none	none	0	none	none	none	0	none	none	none	0	none	none	none	0	none	none	none	0	none	none	none	0	none	none	none	none	none	none	none	none	none	none	none	none	none	none	none	none	none	none	none	none	none	none	none	none	none	none	none	none	none	none	none	none	none	none	none	none	none	none	none	none	none	none	MSS	none
P-0018583	none	none	none	none	Male	none	none	none	none	none	Hispanic	none	none	none	none	none	none	none	none	none	none	none	none	none	WHITE	none	none	none	1	24.329	none	none	none	none	none	none	none	P-0018583-T03-IM6	GIST	Gastrointestinal Stromal Tumor	Gastrointestinal Stromal Tumor	none	none	none	none	none	none	none	Metastasis	1.51	none	Matched	none	MSKCC	P-0018583	none	none	none	0	none	none	none	0	none	none	none	0	none	none	none	0	none	none	none	0	none	none	none	0	none	none	none	0	none	none	none	0	none	none	none	0	none	none	none	0	none	none	none	0	none	none	none	0	none	none	none	0	none	none	none	0	none	none	none	0	none	none	none	0	none	none	none	0	none	none	none	0	none	none	none	0	none	none	none	0	none	none	none	0	none	none	none	0	none	none	none	none	none	none	none	none	none	none	none	none	none	none	none	none	none	none	none	none	none	none	none	none	none	none	none	none	none	none	none	none	none	none	none	none	none	none	none	none	none	none	MSI	none
P-0018677	none	none	none	none	Male	none	none	none	none	none	Hispanic	none	none	none	none	none	none	none	none	none	none	none	none	none	OTHER	none	none	none	0	67.397	none	none	none	none	none	none	none	P-0018677-T01-IM6	GIST	Gastrointestinal Stromal Tumor	Gastrointestinal Stromal Tumor	none	none	none	none	none	none	none	Primary	0	none	Matched	none	MSKCC	P-0018677	none	none	none	0	none	none	none	0	none	none	none	0	none	none	none	0	none	none	none	0	none	none	none	0	none	none	none	0	none	none	none	0	none	none	none	0	none	none	none	0	none	none	none	0	none	none	none	0	none	none	none	0	none	none	none	0	none	none	none	0	none	none	none	0	none	none	none	0	none	none	none	0	none	none	none	0	none	none	none	0	none	none	none	0	none	none	none	0	none	none	none	none	none	none	none	none	none	none	none	none	none	none	none	none	none	none	none	none	none	none	none	none	none	none	none	none	none	none	none	none	none	none	none	none	none	none	none	none	none	none	MSS	none
P-0018913	none	none	none	none	Male	none	none	none	none	none	Not Hispanic	none	none	none	none	none	none	none	none	none	none	none	none	none	WHITE	none	none	none	0	65.096	none	none	none	none	none	none	none	P-0018913-T02-IM6	GIST	Gastrointestinal Stromal Tumor	Gastrointestinal Stromal Tumor	none	none	none	none	none	none	none	Metastasis	1.78	none	Matched	none	MSKCC	P-0018913	none	none	none	0	none	none	none	0	none	none	none	0	none	none	none	0	none	none	none	0	none	none	none	0	none	none	none	0	none	none	none	0	none	none	none	0	none	none	none	0	none	none	none	0	none	none	none	0	none	none	none	0	none	none	none	0	none	none	none	0	none	none	none	0	none	none	none	0	none	none	none	0	none	none	none	0	none	none	none	0	none	none	none	0	none	none	none	0	none	none	none	none	none	none	none	none	none	none	none	none	none	none	none	none	none	none	none	none	none	none	none	none	none	none	none	none	none	none	none	none	none	none	none	none	none	none	none	none	none	none	MSI	none
P-0018973	none	none	none	none	Male	none	none	none	none	none	Not Hispanic	none	none	none	none	none	none	none	none	none	none	none	none	none	WHITE	none	none	none	0	66.97	none	none	none	none	none	none	none	P-0018973-T01-IM6	GIST	Gastrointestinal Stromal Tumor	Gastrointestinal Stromal Tumor	none	none	none	none	none	none	none	Primary	0.07	none	Matched	none	MSKCC	P-0018973	none	none	none	0	none	none	none	0	none	none	none	0	none	none	none	0	none	none	none	0	none	none	none	0	none	none	none	0	none	none	none	0	none	none	none	0	none	none	none	0	none	none	none	0	none	none	none	0	none	none	none	0	none	none	none	0	none	none	none	0	none	none	none	0	none	none	none	0	none	none	none	0	none	none	none	0	none	none	none	0	none	none	none	0	none	none	none	0	none	none	none	none	none	none	none	none	none	none	none	none	none	none	none	none	none	none	none	none	none	none	none	none	none	none	none	none	none	none	none	none	none	none	none	none	none	none	none	none	none	none	MSS	none
P-0019004	none	none	none	none	Female	none	none	none	none	none	Not Hispanic	none	none	none	none	none	none	none	none	none	none	none	none	none	ASIAN-FAR EAST/INDIAN SUBCONT	none	none	none	1	4.438	none	none	none	none	none	none	none	P-0019004-T01-IM6	GIST	Gastrointestinal Stromal Tumor	Gastrointestinal Stromal Tumor	none	none	none	none	none	none	none	Metastasis	1.33	none	Matched	none	MSKCC	P-0019004	none	none	none	0	none	none	none	0	none	none	none	0	none	none	none	0	none	none	none	0	none	none	none	0	none	none	none	0	none	none	none	0	none	none	none	0	none	none	none	0	none	none	none	0	none	none	none	0	none	none	none	0	none	none	none	0	none	none	none	0	none	none	none	0	none	none	none	0	none	none	none	0	none	none	none	0	none	none	none	0	none	none	none	0	none	none	none	0	none	none	none	none	none	none	none	none	none	none	none	none	none	none	none	none	none	none	none	none	none	none	none	none	none	none	none	none	none	none	none	none	none	none	none	none	none	none	none	none	none	none	MSI	none
P-0019006	none	none	none	none	Female	none	none	none	none	none	Not Hispanic	none	none	none	none	none	none	none	none	none	none	none	none	none	WHITE	none	none	none	0	66.411	none	none	none	none	none	none	none	P-0019006-T01-IM6	GIST	Gastrointestinal Stromal Tumor	Gastrointestinal Stromal Tumor	none	none	none	none	none	none	none	Primary	0.48	none	Matched	none	MSKCC	P-0019006	none	none	none	0	none	none	none	0	none	none	none	0	none	none	none	0	none	none	none	0	none	none	none	0	none	none	none	0	none	none	none	0	none	none	none	0	none	none	none	0	none	none	none	0	none	none	none	0	none	none	none	0	none	none	none	0	none	none	none	0	none	none	none	0	none	none	none	0	none	none	none	0	none	none	none	0	none	none	none	0	none	none	none	0	none	none	none	0	none	none	none	none	none	none	none	none	none	none	none	none	none	none	none	none	none	none	none	none	none	none	none	none	none	none	none	none	none	none	none	none	none	none	none	none	none	none	none	none	none	none	Indeterminate	none
P-0019415	none	none	none	none	Female	none	none	none	none	none	Not Hispanic	none	none	none	none	none	none	none	none	none	none	none	none	none	WHITE	none	none	none	0	66.082	none	none	none	none	none	none	none	P-0019415-T01-IM6	GIST	Gastrointestinal Stromal Tumor	Gastrointestinal Stromal Tumor	none	none	none	none	none	none	none	Metastasis	1.61	none	Matched	none	MSKCC	P-0019415	none	none	none	0	none	none	none	0	none	none	none	0	none	none	none	0	none	none	none	0	none	none	none	0	none	none	none	0	none	none	none	0	none	none	none	0	none	none	none	0	none	none	none	0	none	none	none	0	none	none	none	0	none	none	none	0	none	none	none	0	none	none	none	0	none	none	none	0	none	none	none	0	none	none	none	0	none	none	none	0	none	none	none	0	none	none	none	0	none	none	none	none	none	none	none	none	none	none	none	none	none	none	none	none	none	none	none	none	none	none	none	none	none	none	none	none	none	none	none	none	none	none	none	none	none	none	none	none	none	none	MSI	none
P-0019438	none	none	none	none	Male	none	none	none	none	none	Not Hispanic	none	none	none	none	none	none	none	none	none	none	none	none	none	WHITE	none	none	none	0	66.312	none	none	none	none	none	none	none	P-0019438-T01-IM6	GIST	Gastrointestinal Stromal Tumor	Gastrointestinal Stromal Tumor	none	none	none	none	none	none	none	Primary	0.14	none	Matched	none	MSKCC	P-0019438	none	none	none	0	none	none	none	0	none	none	none	0	none	none	none	0	none	none	none	0	none	none	none	0	none	none	none	0	none	none	none	0	none	none	none	0	none	none	none	0	none	none	none	0	none	none	none	0	none	none	none	0	none	none	none	0	none	none	none	0	none	none	none	0	none	none	none	0	none	none	none	0	none	none	none	0	none	none	none	0	none	none	none	0	none	none	none	0	none	none	none	none	none	none	none	none	none	none	none	none	none	none	none	none	none	none	none	none	none	none	none	none	none	none	none	none	none	none	none	none	none	none	none	none	none	none	none	none	none	none	MSS	none
P-0019583	none	none	none	none	Female	none	none	none	none	none	Not Hispanic	none	none	none	none	none	none	none	none	none	none	none	none	none	WHITE	none	none	none	0	66.049	none	none	none	none	none	none	none	P-0019583-T01-IM6	GIST	Gastrointestinal Stromal Tumor	Gastrointestinal Stromal Tumor	none	none	none	none	none	none	none	Primary	0	none	Matched	none	MSKCC	P-0019583	none	none	none	0	none	none	none	0	none	none	none	0	none	none	none	0	none	none	none	0	none	none	none	0	none	none	none	0	none	none	none	0	none	none	none	0	none	none	none	0	none	none	none	0	none	none	none	0	none	none	none	0	none	none	none	0	none	none	none	0	none	none	none	0	none	none	none	0	none	none	none	0	none	none	none	0	none	none	none	0	none	none	none	0	none	none	none	0	none	none	none	none	none	none	none	none	none	none	none	none	none	none	none	none	none	none	none	none	none	none	none	none	none	none	none	none	none	none	none	none	none	none	none	none	none	none	none	none	none	none	MSS	none
P-0019921	none	none	none	none	Male	none	none	none	none	none	Not Hispanic	none	none	none	none	none	none	none	none	none	none	none	none	none	PT REFUSED TO ANSWER	none	none	none	0	20.482	none	none	none	none	none	none	none	P-0019921-T01-IM6	GIST	Gastrointestinal Stromal Tumor	Gastrointestinal Stromal Tumor	none	none	none	none	none	none	none	Metastasis	0.18	none	Matched	none	MSKCC	P-0019921	none	none	none	0	none	none	none	0	none	none	none	0	none	none	none	0	none	none	none	0	none	none	none	0	none	none	none	0	none	none	none	0	none	none	none	0	none	none	none	0	none	none	none	0	none	none	none	0	none	none	none	0	none	none	none	0	none	none	none	0	none	none	none	0	none	none	none	0	none	none	none	0	none	none	none	0	none	none	none	0	none	none	none	0	none	none	none	0	none	none	none	none	none	none	none	none	none	none	none	none	none	none	none	none	none	none	none	none	none	none	none	none	none	none	none	none	none	none	none	none	none	none	none	none	none	none	none	none	none	none	MSS	none
P-0019993	none	none	none	none	Male	none	none	none	none	none	Not Hispanic	none	none	none	none	none	none	none	none	none	none	none	none	none	WHITE	none	none	none	1	1.808	none	none	none	none	none	none	none	P-0019993-T02-IM6	GIST	Gastrointestinal Stromal Tumor	Gastrointestinal Stromal Tumor	none	none	none	none	none	none	none	Metastasis	2.36	none	Matched	none	MSKCC	P-0019993	none	none	none	0	none	none	none	1	Nonsense_Mutation	p.R196*	none	0	none	none	none	0	none	none	none	0	none	none	none	0	none	none	none	0	none	none	none	0	none	none	none	0	none	none	none	0	none	none	none	1	Missense_Mutation	p.P952T	none	0	none	none	none	0	none	none	none	0	none	none	none	0	none	none	none	0	none	none	none	0	none	none	none	0	none	none	none	0	none	none	none	0	none	none	none	0	none	none	none	0	none	none	none	none	none	none	none	none	none	none	none	none	none	none	none	none	none	none	none	none	none	none	none	none	none	none	none	none	none	none	none	none	none	none	none	none	none	none	none	none	none	none	MSI	none
P-0020108	none	none	none	none	Male	none	none	none	none	none	Not Hispanic	none	none	none	none	none	none	none	none	none	none	none	none	none	WHITE	none	none	none	1	10.455	none	none	none	none	none	none	none	P-0020108-T02-IM6	GIST	Gastrointestinal Stromal Tumor	Gastrointestinal Stromal Tumor	none	none	none	none	none	none	none	Primary	1.3	none	Matched	none	MSKCC	P-0020108	none	none	none	0	none	none	none	0	none	none	none	0	none	none	none	0	none	none	none	0	none	none	none	0	none	none	none	0	none	none	none	0	none	none	none	0	none	none	none	0	none	none	none	0	none	none	none	0	none	none	none	0	none	none	none	0	none	none	none	0	none	none	none	0	none	none	none	0	none	none	none	0	none	none	none	0	none	none	none	0	none	none	none	0	none	none	none	0	none	none	none	none	none	none	none	none	none	none	none	none	none	none	none	none	none	none	none	none	none	none	none	none	none	none	none	none	none	none	none	none	none	none	none	none	none	none	none	none	none	none	MSI	none
P-0020162	none	none	none	none	Male	none	none	none	none	none	Not Hispanic	none	none	none	none	none	none	none	none	none	none	none	none	none	WHITE	none	none	none	0	38.071	none	none	none	none	none	none	none	P-0020162-T01-IM6	GIST	Gastrointestinal Stromal Tumor	Gastrointestinal Stromal Tumor	none	none	none	none	none	none	none	Primary	0	none	Matched	none	MSKCC	P-0020162	none	none	none	0	none	none	none	0	none	none	none	0	none	none	none	0	none	none	none	0	none	none	none	0	none	none	none	0	none	none	none	0	none	none	none	0	none	none	none	0	none	none	none	0	none	none	none	0	none	none	none	0	none	none	none	0	none	none	none	0	none	none	none	0	none	none	none	0	none	none	none	0	none	none	none	0	none	none	none	0	none	none	none	0	none	none	none	0	none	none	none	none	none	none	none	none	none	none	none	none	none	none	none	none	none	none	none	none	none	none	none	none	none	none	none	none	none	none	none	none	none	none	none	none	none	none	none	none	none	none	MSS	none
P-0020297	none	none	none	none	Female	none	none	none	none	none	Not Hispanic	none	none	none	none	none	none	none	none	none	none	none	none	none	WHITE	none	none	none	0	25.184	none	none	none	none	none	none	none	P-0020297-T01-IM6	GIST	Gastrointestinal Stromal Tumor	Gastrointestinal Stromal Tumor	none	none	none	none	none	none	none	Metastasis	0.09	none	Matched	none	MSKCC	P-0020297	none	none	none	0	none	none	none	1	Missense_Mutation	p.G244D	none	0	none	none	none	0	none	none	none	0	none	none	none	0	none	none	none	0	none	none	none	0	none	none	none	0	none	none	none	0	none	none	none	0	none	none	none	0	none	none	none	0	none	none	none	0	none	none	none	0	none	none	none	0	none	none	none	0	none	none	none	0	none	none	none	0	none	none	none	0	none	none	none	0	none	none	none	0	none	none	none	none	none	none	none	none	none	none	none	none	none	none	none	none	none	none	none	none	none	none	none	none	none	none	none	none	none	none	none	none	none	none	none	none	none	none	none	none	none	none	MSS	none
P-0020389	none	none	none	none	Male	none	none	none	none	none	Not Hispanic	none	none	none	none	none	none	none	none	none	none	none	none	none	BLACK OR AFRICAN AMERICAN	none	none	none	1	61.249	none	none	none	none	none	none	none	P-0020389-T03-IM7	GIST	Gastrointestinal Stromal Tumor	Gastrointestinal Stromal Tumor	none	none	none	none	none	none	none	Local Recurrence	3.53	none	Matched	none	MSKCC	P-0020389	none	none	none	0	none	none	none	0	none	none	none	0	none	none	none	0	none	none	none	0	none	none	none	0	none	none	none	0	none	none	none	0	none	none	none	0	none	none	none	0	none	none	none	0	none	none	none	0	none	none	none	0	none	none	none	0	none	none	none	0	none	none	none	0	none	none	none	0	none	none	none	0	none	none	none	0	none	none	none	0	none	none	none	0	none	none	none	0	none	none	none	none	none	none	none	none	none	none	none	none	none	none	none	none	none	none	none	none	none	none	none	none	none	none	none	none	none	none	none	none	none	none	none	none	none	none	none	none	none	none	MSI	none
P-0020415	none	none	none	none	Female	none	none	none	none	none	Hispanic	none	none	none	none	none	none	none	none	none	none	none	none	none	WHITE	none	none	none	0	64.833	none	none	none	none	none	none	none	P-0020415-T03-IM6	GIST	Gastrointestinal Stromal Tumor	Gastrointestinal Stromal Tumor	none	none	none	none	none	none	none	Metastasis	1.9	none	Matched	none	Queens Cancer Center	P-0020415	none	none	none	0	none	none	none	0	none	none	none	0	none	none	none	0	none	none	none	0	none	none	none	0	none	none	none	0	none	none	none	0	none	none	none	0	none	none	none	0	none	none	none	0	none	none	none	0	none	none	none	0	none	none	none	0	none	none	none	0	none	none	none	0	none	none	none	0	none	none	none	0	none	none	none	0	none	none	none	0	none	none	none	0	none	none	none	0	none	none	none	none	none	none	none	none	none	none	none	none	none	none	none	none	none	none	none	none	none	none	none	none	none	none	none	none	none	none	none	none	none	none	none	none	none	none	none	none	none	none	MSI	none
P-0020724	none	none	none	none	Female	none	none	none	none	none	Not Hispanic	none	none	none	none	none	none	none	none	none	none	none	none	none	WHITE	none	none	none	0	63.781	none	none	none	none	none	none	none	P-0020724-T01-IM6	GIST	Gastrointestinal Stromal Tumor	Gastrointestinal Stromal Tumor	none	none	none	none	none	none	none	Metastasis	4.55	none	Matched	none	MSKCC	P-0020724	none	none	none	0	none	none	none	0	none	none	none	0	none	none	none	0	none	none	none	0	none	none	none	0	none	none	none	0	none	none	none	0	none	none	none	0	none	none	none	0	none	none	none	0	none	none	none	0	none	none	none	0	none	none	none	0	none	none	none	0	none	none	none	0	none	none	none	0	none	none	none	0	none	none	none	0	none	none	none	0	none	none	none	0	none	none	none	0	none	none	none	none	none	none	none	none	none	none	none	none	none	none	none	none	none	none	none	none	none	none	none	none	none	none	none	none	none	none	none	none	none	none	none	none	none	none	none	none	none	none	MSI	none
P-0021050	none	none	none	none	Female	none	none	none	none	none	Not Hispanic	none	none	none	none	none	none	none	none	none	none	none	none	none	WHITE	none	none	none	0	none	none	none	none	none	none	none	none	P-0021050-T01-IM6	GIST	Gastrointestinal Stromal Tumor	Gastrointestinal Stromal Tumor	none	none	none	none	none	none	none	Primary	0.35	none	Matched	none	MSKCC	P-0021050	none	none	none	0	none	none	none	0	none	none	none	0	none	none	none	0	none	none	none	0	none	none	none	0	none	none	none	0	none	none	none	0	none	none	none	0	none	none	none	0	none	none	none	0	none	none	none	0	none	none	none	0	none	none	none	0	none	none	none	0	none	none	none	0	none	none	none	0	none	none	none	0	none	none	none	0	none	none	none	0	none	none	none	0	none	none	none	0	none	none	none	none	none	none	none	none	none	none	none	none	none	none	none	none	none	none	none	none	none	none	none	none	none	none	none	none	none	none	none	none	none	none	none	none	none	none	none	none	none	none	MSS	none
P-0021556	none	none	none	none	Female	none	none	none	none	none	Not Hispanic	none	none	none	none	none	none	none	none	none	none	none	none	none	WHITE	none	none	none	0	63.353	none	none	none	none	none	none	none	P-0021556-T01-IM6	GIST	Gastrointestinal Stromal Tumor	Gastrointestinal Stromal Tumor	none	none	none	none	none	none	none	Primary	0	none	Matched	none	MSKCC	P-0021556	none	none	none	0	none	none	none	0	none	none	none	0	none	none	none	0	none	none	none	0	none	none	none	0	none	none	none	0	none	none	none	0	none	none	none	0	none	none	none	0	none	none	none	0	none	none	none	0	none	none	none	0	none	none	none	0	none	none	none	0	none	none	none	0	none	none	none	0	none	none	none	0	none	none	none	0	none	none	none	0	none	none	none	0	none	none	none	0	none	none	none	none	none	none	none	none	none	none	none	none	none	none	none	none	none	none	none	none	none	none	none	none	none	none	none	none	none	none	none	none	none	none	none	none	none	none	none	none	none	none	MSS	none
P-0021560	none	none	none	none	Female	none	none	none	none	none	Not Hispanic	none	none	none	none	none	none	none	none	none	none	none	none	none	WHITE	none	none	none	0	54.049	none	none	none	none	none	none	none	P-0021560-T01-IM6	GIST	Gastrointestinal Stromal Tumor	Gastrointestinal Stromal Tumor	none	none	none	none	none	none	none	Primary	0.08	none	Matched	none	MSKCC	P-0021560	none	none	none	0	none	none	none	0	none	none	none	0	none	none	none	0	none	none	none	0	none	none	none	0	none	none	none	0	none	none	none	0	none	none	none	0	none	none	none	0	none	none	none	0	none	none	none	0	none	none	none	0	none	none	none	0	none	none	none	0	none	none	none	0	none	none	none	0	none	none	none	0	none	none	none	0	none	none	none	0	none	none	none	0	none	none	none	0	none	none	none	none	none	none	none	none	none	none	none	none	none	none	none	none	none	none	none	none	none	none	none	none	none	none	none	none	none	none	none	none	none	none	none	none	none	none	none	none	none	none	MSS	none
P-0021667	none	none	none	none	Male	none	none	none	none	none	Not Hispanic	none	none	none	none	none	none	none	none	none	none	none	none	none	BLACK OR AFRICAN AMERICAN	none	none	none	0	54.082	none	none	none	none	none	none	none	P-0021667-T01-IM6	GIST	Gastrointestinal Stromal Tumor	Gastrointestinal Stromal Tumor	none	none	none	none	none	none	none	Primary	0	none	Matched	none	MSKCC	P-0021667	none	none	none	0	none	none	none	0	none	none	none	0	none	none	none	0	none	none	none	0	none	none	none	0	none	none	none	0	none	none	none	0	none	none	none	0	none	none	none	0	none	none	none	0	none	none	none	0	none	none	none	0	none	none	none	0	none	none	none	0	none	none	none	0	none	none	none	0	none	none	none	0	none	none	none	0	none	none	none	0	none	none	none	0	none	none	none	0	none	none	none	none	none	none	none	none	none	none	none	none	none	none	none	none	none	none	none	none	none	none	none	none	none	none	none	none	none	none	none	none	none	none	none	none	none	none	none	none	none	none	MSS	none
P-0021758	none	none	none	none	Male	none	none	none	none	none	none	none	none	none	none	none	none	none	none	none	none	none	none	none	WHITE	none	none	none	1	22.389	none	none	none	none	none	none	none	P-0021758-T01-IM6	GIST	Gastrointestinal Stromal Tumor	Gastrointestinal Stromal Tumor	none	none	none	none	none	none	none	Metastasis	0	none	Matched	none	MSKCC	P-0021758	none	none	none	0	none	none	none	0	none	none	none	0	none	none	none	0	none	none	none	0	none	none	none	0	none	none	none	0	none	none	none	0	none	none	none	0	none	none	none	0	none	none	none	0	none	none	none	0	none	none	none	1	Missense_Mutation	p.L1721F	none	0	none	none	none	0	none	none	none	0	none	none	none	0	none	none	none	0	none	none	none	0	none	none	none	0	none	none	none	0	none	none	none	0	none	none	none	none	none	none	none	none	none	none	none	none	none	none	none	none	none	none	none	none	none	none	none	none	none	none	none	none	none	none	none	none	none	none	none	none	none	none	none	none	none	none	MSS	none
P-0021978	none	none	none	none	Male	none	none	none	none	none	Not Hispanic	none	none	none	none	none	none	none	none	none	none	none	none	none	WHITE	none	none	none	0	61.249	none	none	none	none	none	none	none	P-0021978-T01-IM6	GIST	Gastrointestinal Stromal Tumor	Gastrointestinal Stromal Tumor	none	none	none	none	none	none	none	Primary	0	none	Matched	none	MSKCC	P-0021978	none	none	none	0	none	none	none	0	none	none	none	0	none	none	none	0	none	none	none	0	none	none	none	0	none	none	none	0	none	none	none	0	none	none	none	0	none	none	none	0	none	none	none	0	none	none	none	0	none	none	none	0	none	none	none	0	none	none	none	0	none	none	none	0	none	none	none	0	none	none	none	0	none	none	none	0	none	none	none	0	none	none	none	0	none	none	none	0	none	none	none	none	none	none	none	none	none	none	none	none	none	none	none	none	none	none	none	none	none	none	none	none	none	none	none	none	none	none	none	none	none	none	none	none	none	none	none	none	none	none	MSS	none
P-0022237	none	none	none	none	Male	none	none	none	none	none	Not Hispanic	none	none	none	none	none	none	none	none	none	none	none	none	none	PT REFUSED TO ANSWER	none	none	none	0	1.775	none	none	none	none	none	none	none	P-0022237-T01-IM6	GIST	Gastrointestinal Stromal Tumor	Gastrointestinal Stromal Tumor	none	none	none	none	none	none	none	Metastasis	1.56	none	Matched	none	MSKCC	P-0022237	none	none	none	0	none	none	none	0	none	none	none	0	none	none	none	0	none	none	none	0	none	none	none	0	none	none	none	0	none	none	none	0	none	none	none	0	none	none	none	0	none	none	none	0	none	none	none	0	none	none	none	0	none	none	none	0	none	none	none	0	none	none	none	0	none	none	none	0	none	none	none	0	none	none	none	0	none	none	none	0	none	none	none	0	none	none	none	0	none	none	none	none	none	none	none	none	none	none	none	none	none	none	none	none	none	none	none	none	none	none	none	none	none	none	none	none	none	none	none	none	none	none	none	none	none	none	none	none	none	none	MSI	none
P-0022357	none	none	none	none	Male	none	none	none	none	none	Not Hispanic	none	none	none	none	none	none	none	none	none	none	none	none	none	BLACK OR AFRICAN AMERICAN	none	none	none	1	23.704	none	none	none	none	none	none	none	P-0022357-T01-IM6	GIST	Gastrointestinal Stromal Tumor	Gastrointestinal Stromal Tumor	none	none	none	none	none	none	none	Primary	0.48	none	Matched	none	MSKCC	P-0022357	none	none	none	0	none	none	none	0	none	none	none	0	none	none	none	0	none	none	none	0	none	none	none	0	none	none	none	0	none	none	none	0	none	none	none	0	none	none	none	0	none	none	none	0	none	none	none	0	none	none	none	0	none	none	none	0	none	none	none	0	none	none	none	0	none	none	none	0	none	none	none	0	none	none	none	0	none	none	none	0	none	none	none	0	none	none	none	0	none	none	none	none	none	none	none	none	none	none	none	none	none	none	none	none	none	none	none	none	none	none	none	none	none	none	none	none	none	none	none	none	none	none	none	none	none	none	none	none	none	none	Indeterminate	none
P-0022363	none	none	none	none	Male	none	none	none	none	none	Not Hispanic	none	none	none	none	none	none	none	none	none	none	none	none	none	WHITE	none	none	none	0	62.367	none	none	none	none	none	none	none	P-0022363-T01-IM6	GIST	Gastrointestinal Stromal Tumor	Gastrointestinal Stromal Tumor	none	none	none	none	none	none	none	Primary	0.69	none	Matched	none	MSKCC	P-0022363	none	none	none	0	none	none	none	0	none	none	none	0	none	none	none	0	none	none	none	0	none	none	none	0	none	none	none	0	none	none	none	0	none	none	none	0	none	none	none	0	none	none	none	0	none	none	none	0	none	none	none	0	none	none	none	0	none	none	none	0	none	none	none	0	none	none	none	0	none	none	none	0	none	none	none	0	none	none	none	0	none	none	none	0	none	none	none	0	none	none	none	none	none	none	none	none	none	none	none	none	none	none	none	none	none	none	none	none	none	none	none	none	none	none	none	none	none	none	none	none	none	none	none	none	none	none	none	none	none	none	MSI	none
P-0022451	none	none	none	none	Male	none	none	none	none	none	Not Hispanic	none	none	none	none	none	none	none	none	none	none	none	none	none	WHITE	none	none	none	0	62.433	none	none	none	none	none	none	none	P-0022451-T01-IM6	GIST	Gastrointestinal Stromal Tumor	Gastrointestinal Stromal Tumor	none	none	none	none	none	none	none	Primary	0.82	none	Matched	none	MSKCC	P-0022451	none	none	none	0	none	none	none	0	none	none	none	0	none	none	none	0	none	none	none	0	none	none	none	0	none	none	none	0	none	none	none	0	none	none	none	0	none	none	none	0	none	none	none	0	none	none	none	0	none	none	none	0	none	none	none	0	none	none	none	0	none	none	none	0	none	none	none	0	none	none	none	0	none	none	none	0	none	none	none	1	Missense_Mutation	p.Q587P	none	0	none	none	none	0	none	none	none	none	none	none	none	none	none	none	none	none	none	none	none	none	none	none	none	none	none	none	none	none	none	none	none	none	none	none	none	none	none	none	none	none	none	none	none	none	none	none	MSI	none
P-0022487	none	none	none	none	Male	none	none	none	none	none	Not Hispanic	none	none	none	none	none	none	none	none	none	none	none	none	none	WHITE	none	none	none	0	61.742	none	none	none	none	none	none	none	P-0022487-T01-IM6	GIST	Gastrointestinal Stromal Tumor	Gastrointestinal Stromal Tumor	none	none	none	none	none	none	none	Metastasis	1.03	none	Matched	none	MSKCC	P-0022487	none	none	none	0	none	none	none	0	none	none	none	0	none	none	none	0	none	none	none	0	none	none	none	0	none	none	none	0	none	none	none	0	none	none	none	0	none	none	none	0	none	none	none	0	none	none	none	0	none	none	none	0	none	none	none	0	none	none	none	0	none	none	none	0	none	none	none	0	none	none	none	0	none	none	none	0	none	none	none	0	none	none	none	0	none	none	none	0	none	none	none	none	none	none	none	none	none	none	none	none	none	none	none	none	none	none	none	none	none	none	none	none	none	none	none	none	none	none	none	none	none	none	none	none	none	none	none	none	none	none	MSI	none
P-0022489	none	none	none	none	Male	none	none	none	none	none	none	none	none	none	none	none	none	none	none	none	none	none	none	none	WHITE	none	none	none	0	61.644	none	none	none	none	none	none	none	P-0022489-T01-IM6	GIST	Gastrointestinal Stromal Tumor	Gastrointestinal Stromal Tumor	none	none	none	none	none	none	none	Primary	0.9	none	Matched	none	MSKCC	P-0022489	none	none	none	0	none	none	none	0	none	none	none	0	none	none	none	0	none	none	none	0	none	none	none	0	none	none	none	0	none	none	none	0	none	none	none	0	none	none	none	0	none	none	none	0	none	none	none	0	none	none	none	0	none	none	none	0	none	none	none	0	none	none	none	0	none	none	none	0	none	none	none	0	none	none	none	0	none	none	none	0	none	none	none	0	none	none	none	0	none	none	none	none	none	none	none	none	none	none	none	none	none	none	none	none	none	none	none	none	none	none	none	none	none	none	none	none	none	none	none	none	none	none	none	none	none	none	none	none	none	none	MSI	none
P-0022613	none	none	none	none	Male	none	none	none	none	none	Not Hispanic	none	none	none	none	none	none	none	none	none	none	none	none	none	WHITE	none	none	none	0	61.282	none	none	none	none	none	none	none	P-0022613-T01-IM6	GIST	Gastrointestinal Stromal Tumor	Gastrointestinal Stromal Tumor	none	none	none	none	none	none	none	Primary	6.1	none	Matched	none	MSKCC	P-0022613	none	none	none	0	none	none	none	0	none	none	none	0	none	none	none	0	none	none	none	0	none	none	none	0	none	none	none	0	none	none	none	0	none	none	none	0	none	none	none	0	none	none	none	0	none	none	none	0	none	none	none	0	none	none	none	0	none	none	none	0	none	none	none	0	none	none	none	0	none	none	none	0	none	none	none	0	none	none	none	0	none	none	none	0	none	none	none	0	none	none	none	none	none	none	none	none	none	none	none	none	none	none	none	none	none	none	none	none	none	none	none	none	none	none	none	none	none	none	none	none	none	none	none	none	none	none	none	none	none	none	MSI	none
P-0022727	none	none	none	none	Male	none	none	none	none	none	Not Hispanic	none	none	none	none	none	none	none	none	none	none	none	none	none	WHITE	none	none	none	0	18.148	none	none	none	none	none	none	none	P-0022727-T01-IM6	GIST	Gastrointestinal Stromal Tumor	Gastrointestinal Stromal Tumor	none	none	none	none	none	none	none	Primary	0.06	none	Matched	none	MSKCC	P-0022727	none	none	none	0	none	none	none	0	none	none	none	0	none	none	none	0	none	none	none	0	none	none	none	0	none	none	none	0	none	none	none	0	none	none	none	0	none	none	none	0	none	none	none	0	none	none	none	0	none	none	none	0	none	none	none	0	none	none	none	0	none	none	none	0	none	none	none	0	none	none	none	0	none	none	none	0	none	none	none	0	none	none	none	0	none	none	none	0	none	none	none	none	none	none	none	none	none	none	none	none	none	none	none	none	none	none	none	none	none	none	none	none	none	none	none	none	none	none	none	none	none	none	none	none	none	none	none	none	none	none	MSS	none
P-0022831	none	none	none	none	Male	none	none	none	none	none	Not Hispanic	none	none	none	none	none	none	none	none	none	none	none	none	none	WHITE	none	none	none	0	62.005	none	none	none	none	none	none	none	P-0022831-T01-IM6	GIST	Gastrointestinal Stromal Tumor	Gastrointestinal Stromal Tumor	none	none	none	none	none	none	none	Primary	0.06	none	Matched	none	MSKCC	P-0022831	none	none	none	0	none	none	none	0	none	none	none	0	none	none	none	0	none	none	none	0	none	none	none	0	none	none	none	0	none	none	none	0	none	none	none	0	none	none	none	0	none	none	none	0	none	none	none	0	none	none	none	0	none	none	none	0	none	none	none	0	none	none	none	0	none	none	none	0	none	none	none	0	none	none	none	0	none	none	none	0	none	none	none	0	none	none	none	0	none	none	none	none	none	none	none	none	none	none	none	none	none	none	none	none	none	none	none	none	none	none	none	none	none	none	none	none	none	none	none	none	none	none	none	none	none	none	none	none	none	none	MSS	none
P-0023107	none	none	none	none	Male	none	none	none	none	none	Not Hispanic	none	none	none	none	none	none	none	none	none	none	none	none	none	WHITE	none	none	none	0	55.036	none	none	none	none	none	none	none	P-0023107-T01-IM6	GIST	Gastrointestinal Stromal Tumor	Gastrointestinal Stromal Tumor	none	none	none	none	none	none	none	Primary	0.07	none	Matched	none	MSKCC	P-0023107	none	none	none	0	none	none	none	0	none	none	none	0	none	none	none	0	none	none	none	0	none	none	none	0	none	none	none	0	none	none	none	0	none	none	none	0	none	none	none	0	none	none	none	0	none	none	none	0	none	none	none	0	none	none	none	0	none	none	none	0	none	none	none	0	none	none	none	0	none	none	none	0	none	none	none	0	none	none	none	0	none	none	none	0	none	none	none	0	none	none	none	none	none	none	none	none	none	none	none	none	none	none	none	none	none	none	none	none	none	none	none	none	none	none	none	none	none	none	none	none	none	none	none	none	none	none	none	none	none	none	MSS	none
P-0023175	none	none	none	none	Female	none	none	none	none	none	Not Hispanic	none	none	none	none	none	none	none	none	none	none	none	none	none	WHITE	none	none	none	0	59.112	none	none	none	none	none	none	none	P-0023175-T01-IM6	GIST	Gastrointestinal Stromal Tumor	Gastrointestinal Stromal Tumor	none	none	none	none	none	none	none	Primary	0.13	none	Matched	none	MSKCC	P-0023175	none	none	none	0	none	none	none	0	none	none	none	0	none	none	none	0	none	none	none	0	none	none	none	0	none	none	none	0	none	none	none	0	none	none	none	0	none	none	none	0	none	none	none	0	none	none	none	0	none	none	none	0	none	none	none	0	none	none	none	0	none	none	none	0	none	none	none	0	none	none	none	0	none	none	none	0	none	none	none	0	none	none	none	0	none	none	none	0	none	none	none	none	none	none	none	none	none	none	none	none	none	none	none	none	none	none	none	none	none	none	none	none	none	none	none	none	none	none	none	none	none	none	none	none	none	none	none	none	none	none	MSS	none
P-0023447	none	none	none	none	Female	none	none	none	none	none	Not Hispanic	none	none	none	none	none	none	none	none	none	none	none	none	none	UNKNOWN	none	none	none	0	58.455	none	none	none	none	none	none	none	P-0023447-T01-IM6	GIST	Gastrointestinal Stromal Tumor	Gastrointestinal Stromal Tumor	none	none	none	none	none	none	none	Metastasis	0	none	Matched	none	MSKCC	P-0023447	none	none	none	0	none	none	none	0	none	none	none	0	none	none	none	0	none	none	none	0	none	none	none	0	none	none	none	1	Missense_Mutation	p.G437V	none	0	none	none	none	0	none	none	none	0	none	none	none	0	none	none	none	0	none	none	none	0	none	none	none	0	none	none	none	0	none	none	none	0	none	none	none	0	none	none	none	0	none	none	none	0	none	none	none	0	none	none	none	0	none	none	none	0	none	none	none	none	none	none	none	none	none	none	none	none	none	none	none	none	none	none	none	none	none	none	none	none	none	none	none	none	none	none	none	none	none	none	none	none	none	none	none	none	none	none	MSS	none
P-0023543	none	none	none	none	Female	none	none	none	none	none	Not Hispanic	none	none	none	none	none	none	none	none	none	none	none	none	none	WHITE	none	none	none	1	22.751	none	none	none	none	none	none	none	P-0023543-T02-IM6	GIST	Gastrointestinal Stromal Tumor	Gastrointestinal Stromal Tumor	none	none	none	none	none	none	none	Primary	0	none	Matched	none	MSKCC	P-0023543	none	none	none	0	none	none	none	0	none	none	none	0	none	none	none	0	none	none	none	0	none	none	none	0	none	none	none	0	none	none	none	0	none	none	none	0	none	none	none	0	none	none	none	0	none	none	none	0	none	none	none	0	none	none	none	0	none	none	none	0	none	none	none	0	none	none	none	0	none	none	none	0	none	none	none	0	none	none	none	0	none	none	none	0	none	none	none	0	none	none	none	none	none	none	none	none	none	none	none	none	none	none	none	none	none	none	none	none	none	none	none	none	none	none	none	none	none	none	none	none	none	none	none	none	none	none	none	none	none	none	MSS	none
P-0023549	none	none	none	none	Male	none	none	none	none	none	Not Hispanic	none	none	none	none	none	none	none	none	none	none	none	none	none	WHITE	none	none	none	0	60.723	none	none	none	none	none	none	none	P-0023549-T01-IM6	GIST	Gastrointestinal Stromal Tumor	Gastrointestinal Stromal Tumor	none	none	none	none	none	none	none	Primary	1.2	none	Matched	none	MSKCC	P-0023549	none	none	none	0	none	none	none	0	none	none	none	0	none	none	none	0	none	none	none	0	none	none	none	0	none	none	none	0	none	none	none	0	none	none	none	0	none	none	none	0	none	none	none	0	none	none	none	0	none	none	none	0	none	none	none	0	none	none	none	0	none	none	none	0	none	none	none	0	none	none	none	0	none	none	none	0	none	none	none	0	none	none	none	0	none	none	none	0	none	none	none	none	none	none	none	none	none	none	none	none	none	none	none	none	none	none	none	none	none	none	none	none	none	none	none	none	none	none	none	none	none	none	none	none	none	none	none	none	none	none	MSI	none
P-0024129	none	none	none	none	Female	none	none	none	none	none	Not Hispanic	none	none	none	none	none	none	none	none	none	none	none	none	none	WHITE	none	none	none	0	57.107	none	none	none	none	none	none	none	P-0024129-T02-IM7	GIST	Gastrointestinal Stromal Tumor	Gastrointestinal Stromal Tumor	none	none	none	none	none	none	none	Primary	4.47	none	Matched	none	MSKCC	P-0024129	none	none	none	0	none	none	none	0	none	none	none	0	none	none	none	0	none	none	none	0	none	none	none	0	none	none	none	0	none	none	none	0	none	none	none	0	none	none	none	0	none	none	none	0	none	none	none	0	none	none	none	0	none	none	none	0	none	none	none	0	none	none	none	0	none	none	none	0	none	none	none	0	none	none	none	0	none	none	none	0	none	none	none	0	none	none	none	0	none	none	none	none	none	none	none	none	none	none	none	none	none	none	none	none	none	none	none	none	none	none	none	none	none	none	none	none	none	none	none	none	none	none	none	none	none	none	none	none	none	none	MSI	none
P-0024161	none	none	none	none	Female	none	none	none	none	none	Not Hispanic	none	none	none	none	none	none	none	none	none	none	none	none	none	WHITE	none	none	none	0	4.142	none	none	none	none	none	none	none	P-0024161-T01-IM6	GIST	Gastrointestinal Stromal Tumor	Gastrointestinal Stromal Tumor	none	none	none	none	none	none	none	Primary	0.06	none	Matched	none	MSKCC	P-0024161	none	none	none	0	none	none	none	0	none	none	none	0	none	none	none	0	none	none	none	0	none	none	none	0	none	none	none	0	none	none	none	0	none	none	none	0	none	none	none	0	none	none	none	0	none	none	none	0	none	none	none	0	none	none	none	0	none	none	none	0	none	none	none	0	none	none	none	0	none	none	none	0	none	none	none	0	none	none	none	0	none	none	none	0	none	none	none	0	none	none	none	none	none	none	none	none	none	none	none	none	none	none	none	none	none	none	none	none	none	none	none	none	none	none	none	none	none	none	none	none	none	none	none	none	none	none	none	none	none	none	MSS	none
P-0024288	none	none	none	none	Female	none	none	none	none	none	Not Hispanic	none	none	none	none	none	none	none	none	none	none	none	none	none	WHITE	none	none	none	0	59.079	none	none	none	none	none	none	none	P-0024288-T01-IM6	GIST	Gastrointestinal Stromal Tumor	Gastrointestinal Stromal Tumor	none	none	none	none	none	none	none	Primary	0	none	Matched	none	MSKCC	P-0024288	none	none	none	0	none	none	none	0	none	none	none	0	none	none	none	0	none	none	none	0	none	none	none	0	none	none	none	0	none	none	none	0	none	none	none	0	none	none	none	0	none	none	none	0	none	none	none	0	none	none	none	0	none	none	none	0	none	none	none	0	none	none	none	0	none	none	none	0	none	none	none	0	none	none	none	0	none	none	none	0	none	none	none	0	none	none	none	0	none	none	none	none	none	none	none	none	none	none	none	none	none	none	none	none	none	none	none	none	none	none	none	none	none	none	none	none	none	none	none	none	none	none	none	none	none	none	none	none	none	none	MSS	none
P-0024348	none	none	none	none	Male	none	none	none	none	none	Not Hispanic	none	none	none	none	none	none	none	none	none	none	none	none	none	WHITE	none	none	none	0	57.107	none	none	none	none	none	none	none	P-0024348-T02-IM7	GIST	Gastrointestinal Stromal Tumor	Gastrointestinal Stromal Tumor	none	none	none	none	none	none	none	Local Recurrence	1.4	none	Matched	none	MSKCC	P-0024348	none	none	none	0	none	none	none	0	none	none	none	0	none	none	none	0	none	none	none	0	none	none	none	0	none	none	none	0	none	none	none	0	none	none	none	0	none	none	none	0	none	none	none	0	none	none	none	0	none	none	none	0	none	none	none	0	none	none	none	0	none	none	none	0	none	none	none	0	none	none	none	0	none	none	none	0	none	none	none	0	none	none	none	0	none	none	none	0	none	none	none	none	none	none	none	none	none	none	none	none	none	none	none	none	none	none	none	none	none	none	none	none	none	none	none	none	none	none	none	none	none	none	none	none	none	none	none	none	none	none	MSI	none
P-0024398	none	none	none	none	Female	none	none	none	none	none	Not Hispanic	none	none	none	none	none	none	none	none	none	none	none	none	none	WHITE	none	none	none	1	3.288	none	none	none	none	none	none	none	P-0024398-T01-IM6	GIST	Gastrointestinal Stromal Tumor	Gastrointestinal Stromal Tumor	none	none	none	none	none	none	none	Metastasis	3.48	none	Matched	none	MSKCC	P-0024398	none	none	none	0	none	none	none	0	none	none	none	0	none	none	none	0	none	none	none	0	none	none	none	0	none	none	none	0	none	none	none	0	none	none	none	0	none	none	none	0	none	none	none	0	none	none	none	0	none	none	none	0	none	none	none	0	none	none	none	0	none	none	none	0	none	none	none	0	none	none	none	0	none	none	none	0	none	none	none	0	none	none	none	0	none	none	none	0	none	none	none	none	none	none	none	none	none	none	none	none	none	none	none	none	none	none	none	none	none	none	none	none	none	none	none	none	none	none	none	none	none	none	none	none	none	none	none	none	none	none	MSI	none
P-0024492	none	none	none	none	Female	none	none	none	none	none	Not Hispanic	none	none	none	none	none	none	none	none	none	none	none	none	none	ASIAN-FAR EAST/INDIAN SUBCONT	none	none	none	0	58.323	none	none	none	none	none	none	none	P-0024492-T01-IM6	GIST	Gastrointestinal Stromal Tumor	Gastrointestinal Stromal Tumor	none	none	none	none	none	none	none	Primary	0.83	none	Matched	none	MSKCC	P-0024492	none	none	none	0	none	none	none	0	none	none	none	0	none	none	none	0	none	none	none	0	none	none	none	0	none	none	none	0	none	none	none	0	none	none	none	0	none	none	none	0	none	none	none	0	none	none	none	0	none	none	none	0	none	none	none	0	none	none	none	0	none	none	none	0	none	none	none	0	none	none	none	0	none	none	none	0	none	none	none	0	none	none	none	0	none	none	none	0	none	none	none	none	none	none	none	none	none	none	none	none	none	none	none	none	none	none	none	none	none	none	none	none	none	none	none	none	none	none	none	none	none	none	none	none	none	none	none	none	none	none	MSI	none
P-0024888	none	none	none	none	Female	none	none	none	none	none	none	none	none	none	none	none	none	none	none	none	none	none	none	none	WHITE	none	none	none	0	59.408	none	none	none	none	none	none	none	P-0024888-T02-IM6	GIST	Gastrointestinal Stromal Tumor	Gastrointestinal Stromal Tumor	none	none	none	none	none	none	none	Metastasis	0.42	none	Matched	none	MSKCC	P-0024888	none	none	none	0	none	none	none	0	none	none	none	0	none	none	none	0	none	none	none	0	none	none	none	0	none	none	none	0	none	none	none	0	none	none	none	0	none	none	none	0	none	none	none	0	none	none	none	0	none	none	none	0	none	none	none	0	none	none	none	0	none	none	none	0	none	none	none	0	none	none	none	0	none	none	none	0	none	none	none	0	none	none	none	0	none	none	none	0	none	none	none	none	none	none	none	none	none	none	none	none	none	none	none	none	none	none	none	none	none	none	none	none	none	none	none	none	none	none	none	none	none	none	none	none	none	none	none	none	none	none	Indeterminate	none
P-0024904	none	none	none	none	Male	none	none	none	none	none	Not Hispanic	none	none	none	none	none	none	none	none	none	none	none	none	none	WHITE	none	none	none	0	57.074	none	none	none	none	none	none	none	P-0024904-T01-IM6	GIST	Gastrointestinal Stromal Tumor	Gastrointestinal Stromal Tumor	none	none	none	none	none	none	none	Primary	0.12	none	Matched	none	MSKCC	P-0024904	none	none	none	0	none	none	none	0	none	none	none	0	none	none	none	0	none	none	none	0	none	none	none	0	none	none	none	0	none	none	none	0	none	none	none	0	none	none	none	0	none	none	none	0	none	none	none	0	none	none	none	0	none	none	none	0	none	none	none	0	none	none	none	0	none	none	none	0	none	none	none	0	none	none	none	0	none	none	none	0	none	none	none	0	none	none	none	0	none	none	none	none	none	none	none	none	none	none	none	none	none	none	none	none	none	none	none	none	none	none	none	none	none	none	none	none	none	none	none	none	none	none	none	none	none	none	none	none	none	none	MSS	none
P-0024909	none	none	none	none	Male	none	none	none	none	none	Not Hispanic	none	none	none	none	none	none	none	none	none	none	none	none	none	WHITE	none	none	none	0	59.145	none	none	none	none	none	none	none	P-0024909-T02-IM6	GIST	Gastrointestinal Stromal Tumor	Gastrointestinal Stromal Tumor	none	none	none	none	none	none	none	Metastasis	1.88	none	Matched	none	MSKCC	P-0024909	none	none	none	0	none	none	none	0	none	none	none	0	none	none	none	0	none	none	none	0	none	none	none	0	none	none	none	0	none	none	none	0	none	none	none	0	none	none	none	0	none	none	none	0	none	none	none	0	none	none	none	0	none	none	none	0	none	none	none	0	none	none	none	0	none	none	none	0	none	none	none	0	none	none	none	0	none	none	none	0	none	none	none	0	none	none	none	0	none	none	none	none	none	none	none	none	none	none	none	none	none	none	none	none	none	none	none	none	none	none	none	none	none	none	none	none	none	none	none	none	none	none	none	none	none	none	none	none	none	none	MSI	none
P-0025143	none	none	none	none	Female	none	none	none	none	none	Not Hispanic	none	none	none	none	none	none	none	none	none	none	none	none	none	BLACK OR AFRICAN AMERICAN	none	none	none	0	58.192	none	none	none	none	none	none	none	P-0025143-T01-IM6	GIST	Gastrointestinal Stromal Tumor	Gastrointestinal Stromal Tumor	none	none	none	none	none	none	none	Primary	0.6	none	Matched	none	MSKCC	P-0025143	none	none	none	0	none	none	none	0	none	none	none	0	none	none	none	0	none	none	none	0	none	none	none	0	none	none	none	0	none	none	none	0	none	none	none	0	none	none	none	0	none	none	none	0	none	none	none	0	none	none	none	0	none	none	none	0	none	none	none	0	none	none	none	0	none	none	none	0	none	none	none	0	none	none	none	0	none	none	none	0	none	none	none	0	none	none	none	0	none	none	none	none	none	none	none	none	none	none	none	none	none	none	none	none	none	none	none	none	none	none	none	none	none	none	none	none	none	none	none	none	none	none	none	none	none	none	none	none	none	none	Indeterminate	none
P-0025286	none	none	none	none	Male	none	none	none	none	none	Not Hispanic	none	none	none	none	none	none	none	none	none	none	none	none	none	WHITE	none	none	none	1	8.416	none	none	none	none	none	none	none	P-0025286-T01-IM6	GIST	Gastrointestinal Stromal Tumor	Gastrointestinal Stromal Tumor	none	none	none	none	none	none	none	Primary	0.21	none	Matched	none	MSKCC	P-0025286	none	none	none	0	none	none	none	0	none	none	none	0	none	none	none	0	none	none	none	0	none	none	none	0	none	none	none	0	none	none	none	0	none	none	none	0	none	none	none	0	none	none	none	0	none	none	none	0	none	none	none	0	none	none	none	0	none	none	none	0	none	none	none	0	none	none	none	0	none	none	none	0	none	none	none	0	none	none	none	0	none	none	none	0	none	none	none	0	none	none	none	none	none	none	none	none	none	none	none	none	none	none	none	none	none	none	none	none	none	none	none	none	none	none	none	none	none	none	none	none	none	none	none	none	none	none	none	none	none	none	MSS	none
P-0025602	none	none	none	none	Female	none	none	none	none	none	Not Hispanic	none	none	none	none	none	none	none	none	none	none	none	none	none	WHITE	none	none	none	0	6.214	none	none	none	none	none	none	none	P-0025602-T01-IM6	GIST	Gastrointestinal Stromal Tumor	Gastrointestinal Stromal Tumor	none	none	none	none	none	none	none	Primary	0	none	Matched	none	MSKCC	P-0025602	none	none	none	0	none	none	none	0	none	none	none	0	none	none	none	0	none	none	none	0	none	none	none	0	none	none	none	0	none	none	none	0	none	none	none	0	none	none	none	0	none	none	none	0	none	none	none	0	none	none	none	0	none	none	none	0	none	none	none	0	none	none	none	0	none	none	none	0	none	none	none	0	none	none	none	0	none	none	none	0	none	none	none	0	none	none	none	0	none	none	none	none	none	none	none	none	none	none	none	none	none	none	none	none	none	none	none	none	none	none	none	none	none	none	none	none	none	none	none	none	none	none	none	none	none	none	none	none	none	none	MSS	none
P-0025633	none	none	none	none	Female	none	none	none	none	none	Not Hispanic	none	none	none	none	none	none	none	none	none	none	none	none	none	WHITE	none	none	none	0	58.488	none	none	none	none	none	none	none	P-0025633-T01-IM6	GIST	Gastrointestinal Stromal Tumor	Gastrointestinal Stromal Tumor	none	none	none	none	none	none	none	Primary	0.86	none	Matched	none	MSKCC	P-0025633	none	none	none	0	none	none	none	0	none	none	none	0	none	none	none	0	none	none	none	0	none	none	none	0	none	none	none	0	none	none	none	0	none	none	none	0	none	none	none	0	none	none	none	0	none	none	none	0	none	none	none	0	none	none	none	0	none	none	none	0	none	none	none	0	none	none	none	0	none	none	none	0	none	none	none	0	none	none	none	0	none	none	none	0	none	none	none	0	none	none	none	none	none	none	none	none	none	none	none	none	none	none	none	none	none	none	none	none	none	none	none	none	none	none	none	none	none	none	none	none	none	none	none	none	none	none	none	none	none	none	MSI	none
P-0025653	none	none	none	none	Male	none	none	none	none	none	Not Hispanic	none	none	none	none	none	none	none	none	none	none	none	none	none	ASIAN-FAR EAST/INDIAN SUBCONT	none	none	none	0	55.726	none	none	none	none	none	none	none	P-0025653-T01-IM6	GIST	Gastrointestinal Stromal Tumor	Gastrointestinal Stromal Tumor	none	none	none	none	none	none	none	Primary	0	none	Matched	none	MSKCC	P-0025653	none	none	none	0	none	none	none	0	none	none	none	0	none	none	none	0	none	none	none	0	none	none	none	0	none	none	none	0	none	none	none	0	none	none	none	0	none	none	none	0	none	none	none	0	none	none	none	0	none	none	none	0	none	none	none	0	none	none	none	0	none	none	none	0	none	none	none	0	none	none	none	0	none	none	none	0	none	none	none	0	none	none	none	0	none	none	none	0	none	none	none	none	none	none	none	none	none	none	none	none	none	none	none	none	none	none	none	none	none	none	none	none	none	none	none	none	none	none	none	none	none	none	none	none	none	none	none	none	none	none	MSS	none
P-0025754	none	none	none	none	Female	none	none	none	none	none	Not Hispanic	none	none	none	none	none	none	none	none	none	none	none	none	none	WHITE	none	none	none	1	52.307	none	none	none	none	none	none	none	P-0025754-T04-IM6	GIST	Gastrointestinal Stromal Tumor	Gastrointestinal Stromal Tumor	none	none	none	none	none	none	none	Local Recurrence	2.11	none	Matched	none	MSKCC	P-0025754	none	none	none	0	none	none	none	0	none	none	none	0	none	none	none	0	none	none	none	0	none	none	none	0	none	none	none	0	none	none	none	0	none	none	none	0	none	none	none	0	none	none	none	0	none	none	none	0	none	none	none	0	none	none	none	0	none	none	none	0	none	none	none	0	none	none	none	0	none	none	none	0	none	none	none	0	none	none	none	0	none	none	none	0	none	none	none	0	none	none	none	none	none	none	none	none	none	none	none	none	none	none	none	none	none	none	none	none	none	none	none	none	none	none	none	none	none	none	none	none	none	none	none	none	none	none	none	none	none	none	MSI	none
P-0025934	none	none	none	none	Male	none	none	none	none	none	Hispanic	none	none	none	none	none	none	none	none	none	none	none	none	none	OTHER	none	none	none	0	55.923	none	none	none	none	none	none	none	P-0025934-T01-IM6	GIST	Gastrointestinal Stromal Tumor	Gastrointestinal Stromal Tumor	none	none	none	none	none	none	none	Primary	1.86	none	Matched	none	MSKCC	P-0025934	none	none	none	0	none	none	none	0	none	none	none	0	none	none	none	0	none	none	none	0	none	none	none	0	none	none	none	0	none	none	none	0	none	none	none	0	none	none	none	0	none	none	none	0	none	none	none	0	none	none	none	0	none	none	none	0	none	none	none	0	none	none	none	0	none	none	none	0	none	none	none	0	none	none	none	0	none	none	none	0	none	none	none	0	none	none	none	0	none	none	none	none	none	none	none	none	none	none	none	none	none	none	none	none	none	none	none	none	none	none	none	none	none	none	none	none	none	none	none	none	none	none	none	none	none	none	none	none	none	none	MSI	none
P-0025989	none	none	none	none	Female	none	none	none	none	none	Not Hispanic	none	none	none	none	none	none	none	none	none	none	none	none	none	BLACK OR AFRICAN AMERICAN	none	none	none	1	49.085	none	none	none	none	none	none	none	P-0025989-T03-IM7	GIST	Gastrointestinal Stromal Tumor	Gastrointestinal Stromal Tumor	none	none	none	none	none	none	none	Metastasis	0.96	none	Matched	none	MSKCC	P-0025989	none	none	none	0	none	none	none	1	Missense_Mutation	p.E204D	none	0	none	none	none	0	none	none	none	0	none	none	none	0	none	none	none	0	none	none	none	0	none	none	none	0	none	none	none	0	none	none	none	0	none	none	none	0	none	none	none	0	none	none	none	0	none	none	none	0	none	none	none	0	none	none	none	0	none	none	none	0	none	none	none	0	none	none	none	0	none	none	none	0	none	none	none	0	none	none	none	none	none	none	none	none	none	none	none	none	none	none	none	none	none	none	none	none	none	none	none	none	none	none	none	none	none	none	none	none	none	none	none	none	none	none	none	none	none	none	MSI	none
P-0026071	none	none	none	none	Female	none	none	none	none	none	Not Hispanic	none	none	none	none	none	none	none	none	none	none	none	none	none	WHITE	none	none	none	1	53.293	none	none	none	none	none	none	none	P-0026071-T02-IM6	GIST	Gastrointestinal Stromal Tumor	Gastrointestinal Stromal Tumor	none	none	none	none	none	none	none	Metastasis	0	none	Matched	none	MSKCC	P-0026071	none	none	none	0	none	none	none	0	none	none	none	0	none	none	none	0	none	none	none	0	none	none	none	0	none	none	none	0	none	none	none	0	none	none	none	0	none	none	none	0	none	none	none	0	none	none	none	0	none	none	none	0	none	none	none	0	none	none	none	0	none	none	none	0	none	none	none	0	none	none	none	0	none	none	none	0	none	none	none	0	none	none	none	0	none	none	none	0	none	none	none	none	none	none	none	none	none	none	none	none	none	none	none	none	none	none	none	none	none	none	none	none	none	none	none	none	none	none	none	none	none	none	none	none	none	none	none	none	none	none	MSS	none
P-0026110	none	none	none	none	Female	none	none	none	none	none	Not Hispanic	none	none	none	none	none	none	none	none	none	none	none	none	none	WHITE	none	none	none	0	none	none	none	none	none	none	none	none	P-0026110-T01-IM6	GIST	Gastrointestinal Stromal Tumor	Gastrointestinal Stromal Tumor	none	none	none	none	none	none	none	Primary	0.34	none	Matched	none	MSKCC	P-0026110	none	none	none	0	none	none	none	0	none	none	none	0	none	none	none	0	none	none	none	0	none	none	none	0	none	none	none	0	none	none	none	0	none	none	none	0	none	none	none	0	none	none	none	0	none	none	none	0	none	none	none	0	none	none	none	0	none	none	none	0	none	none	none	0	none	none	none	0	none	none	none	0	none	none	none	0	none	none	none	0	none	none	none	0	none	none	none	0	none	none	none	none	none	none	none	none	none	none	none	none	none	none	none	none	none	none	none	none	none	none	none	none	none	none	none	none	none	none	none	none	none	none	none	none	none	none	none	none	none	none	MSS	none
P-0026167	none	none	none	none	Female	none	none	none	none	none	Not Hispanic	none	none	none	none	none	none	none	none	none	none	none	none	none	WHITE	none	none	none	0	47.441	none	none	none	none	none	none	none	P-0026167-T01-IM6	GIST	Gastrointestinal Stromal Tumor	Gastrointestinal Stromal Tumor	none	none	none	none	none	none	none	Primary	0	none	Matched	none	MSKCC	P-0026167	none	none	none	0	none	none	none	0	none	none	none	0	none	none	none	0	none	none	none	0	none	none	none	0	none	none	none	0	none	none	none	0	none	none	none	0	none	none	none	0	none	none	none	0	none	none	none	0	none	none	none	0	none	none	none	0	none	none	none	0	none	none	none	0	none	none	none	0	none	none	none	0	none	none	none	0	none	none	none	0	none	none	none	0	none	none	none	0	none	none	none	none	none	none	none	none	none	none	none	none	none	none	none	none	none	none	none	none	none	none	none	none	none	none	none	none	none	none	none	none	none	none	none	none	none	none	none	none	none	none	MSS	none
P-0026214	none	none	none	none	Male	none	none	none	none	none	Not Hispanic	none	none	none	none	none	none	none	none	none	none	none	none	none	WHITE	none	none	none	1	22.027	none	none	none	none	none	none	none	P-0026214-T03-IM6	GIST	Gastrointestinal Stromal Tumor	Gastrointestinal Stromal Tumor	none	none	none	none	none	none	none	Metastasis	0.99	none	Matched	none	MSKCC	P-0026214	none	none	none	0	none	none	none	0	none	none	none	0	none	none	none	0	none	none	none	0	none	none	none	0	none	none	none	0	none	none	none	0	none	none	none	0	none	none	none	0	none	none	none	0	none	none	none	0	none	none	none	0	none	none	none	0	none	none	none	0	none	none	none	0	none	none	none	0	none	none	none	0	none	none	none	0	none	none	none	0	none	none	none	0	none	none	none	0	none	none	none	none	none	none	none	none	none	none	none	none	none	none	none	none	none	none	none	none	none	none	none	none	none	none	none	none	none	none	none	none	none	none	none	none	none	none	none	none	none	none	MSI	none
P-0026260	none	none	none	none	none	none	none	none	none	none	none	none	none	none	none	none	none	none	none	none	none	none	none	none	none	none	none	none	none	none	none	none	none	none	none	none	none	P-0026260-T01-IM6	GIST	Gastrointestinal Stromal Tumor	Gastrointestinal Stromal Tumor	none	none	none	none	none	none	none	Primary	0	none	Matched	none	MSKCC	P-0026260	none	none	none	0	none	none	none	0	none	none	none	0	none	none	none	0	none	none	none	0	none	none	none	0	none	none	none	0	none	none	none	0	none	none	none	0	none	none	none	0	none	none	none	0	none	none	none	0	none	none	none	0	none	none	none	0	none	none	none	0	none	none	none	0	none	none	none	0	none	none	none	0	none	none	none	0	none	none	none	0	none	none	none	0	none	none	none	0	none	none	none	none	none	none	none	none	none	none	none	none	none	none	none	none	none	none	none	none	none	none	none	none	none	none	none	none	none	none	none	none	none	none	none	none	none	none	none	none	none	none	MSS	none
P-0026287	none	none	none	none	Female	none	none	none	none	none	Not Hispanic	none	none	none	none	none	none	none	none	none	none	none	none	none	BLACK OR AFRICAN AMERICAN	none	none	none	0	36.756	none	none	none	none	none	none	none	P-0026287-T01-IM6	GIST	Gastrointestinal Stromal Tumor	Gastrointestinal Stromal Tumor	none	none	none	none	none	none	none	Primary	0	none	Matched	none	MSKCC	P-0026287	none	none	none	0	none	none	none	0	none	none	none	0	none	none	none	0	none	none	none	0	none	none	none	0	none	none	none	0	none	none	none	0	none	none	none	0	none	none	none	0	none	none	none	0	none	none	none	0	none	none	none	0	none	none	none	0	none	none	none	0	none	none	none	0	none	none	none	0	none	none	none	0	none	none	none	0	none	none	none	0	none	none	none	0	none	none	none	0	none	none	none	none	none	none	none	none	none	none	none	none	none	none	none	none	none	none	none	none	none	none	none	none	none	none	none	none	none	none	none	none	none	none	none	none	none	none	none	none	none	none	MSS	none
P-0026329	none	none	none	none	Male	none	none	none	none	none	Not Hispanic	none	none	none	none	none	none	none	none	none	none	none	none	none	WHITE	none	none	none	0	34.192	none	none	none	none	none	none	none	P-0026329-T01-IM6	GIST	Gastrointestinal Stromal Tumor	Gastrointestinal Stromal Tumor	none	none	none	none	none	none	none	Primary	0	none	Matched	none	MSKCC	P-0026329	none	none	none	0	none	none	none	0	none	none	none	0	none	none	none	0	none	none	none	0	none	none	none	0	none	none	none	0	none	none	none	0	none	none	none	0	none	none	none	0	none	none	none	0	none	none	none	0	none	none	none	0	none	none	none	0	none	none	none	0	none	none	none	0	none	none	none	0	none	none	none	0	none	none	none	0	none	none	none	0	none	none	none	0	none	none	none	0	none	none	none	none	none	none	none	none	none	none	none	none	none	none	none	none	none	none	none	none	none	none	none	none	none	none	none	none	none	none	none	none	none	none	none	none	none	none	none	none	none	none	MSS	none
P-0026342	none	none	none	none	Male	none	none	none	none	none	Not Hispanic	none	none	none	none	none	none	none	none	none	none	none	none	none	WHITE	none	none	none	0	55.89	none	none	none	none	none	none	none	P-0026342-T01-IM6	GIST	Gastrointestinal Stromal Tumor	Gastrointestinal Stromal Tumor	none	none	none	none	none	none	none	Primary	0.07	none	Matched	none	MSKCC	P-0026342	none	none	none	0	none	none	none	0	none	none	none	0	none	none	none	0	none	none	none	0	none	none	none	0	none	none	none	0	none	none	none	0	none	none	none	0	none	none	none	0	none	none	none	0	none	none	none	0	none	none	none	0	none	none	none	0	none	none	none	0	none	none	none	0	none	none	none	0	none	none	none	0	none	none	none	0	none	none	none	0	none	none	none	0	none	none	none	0	none	none	none	none	none	none	none	none	none	none	none	none	none	none	none	none	none	none	none	none	none	none	none	none	none	none	none	none	none	none	none	none	none	none	none	none	none	none	none	none	none	none	MSS	none
P-0026343	none	none	none	none	Male	none	none	none	none	none	Not Hispanic	none	none	none	none	none	none	none	none	none	none	none	none	none	WHITE	none	none	none	0	46.389	none	none	none	none	none	none	none	P-0026343-T01-IM6	GIST	Gastrointestinal Stromal Tumor	Gastrointestinal Stromal Tumor	none	none	none	none	none	none	none	Primary	0.32	none	Matched	none	MSKCC	P-0026343	none	none	none	0	none	none	none	1	Missense_Mutation	p.P151S	none	0	none	none	none	0	none	none	none	0	none	none	none	0	none	none	none	0	none	none	none	0	none	none	none	0	none	none	none	0	none	none	none	0	none	none	none	0	none	none	none	0	none	none	none	0	none	none	none	0	none	none	none	0	none	none	none	0	none	none	none	0	none	none	none	0	none	none	none	0	none	none	none	0	none	none	none	0	none	none	none	none	none	none	none	none	none	none	none	none	none	none	none	none	none	none	none	none	none	none	none	none	none	none	none	none	none	none	none	none	none	none	none	none	none	none	none	none	none	none	MSS	none
P-0026349	none	none	none	none	Male	none	none	none	none	none	Not Hispanic	none	none	none	none	none	none	none	none	none	none	none	none	none	BLACK OR AFRICAN AMERICAN	none	none	none	1	10.586	none	none	none	none	none	none	none	P-0026349-T01-IM6	GIST	Gastrointestinal Stromal Tumor	Gastrointestinal Stromal Tumor	none	none	none	none	none	none	none	Metastasis	1.32	none	Matched	none	MSKCC	P-0026349	none	none	none	0	none	none	none	0	none	none	none	0	none	none	none	0	none	none	none	0	none	none	none	0	none	none	none	0	none	none	none	0	none	none	none	0	none	none	none	0	none	none	none	0	none	none	none	0	none	none	none	0	none	none	none	0	none	none	none	0	none	none	none	0	none	none	none	0	none	none	none	0	none	none	none	0	none	none	none	0	none	none	none	0	none	none	none	0	none	none	none	none	none	none	none	none	none	none	none	none	none	none	none	none	none	none	none	none	none	none	none	none	none	none	none	none	none	none	none	none	none	none	none	none	none	none	none	none	none	none	MSI	none
P-0026664	none	none	none	none	Male	none	none	none	none	none	Not Hispanic	none	none	none	none	none	none	none	none	none	none	none	none	none	OTHER	none	none	none	0	57.205	none	none	none	none	none	none	none	P-0026664-T02-IM6	GIST	Gastrointestinal Stromal Tumor	Gastrointestinal Stromal Tumor	none	none	none	none	none	none	none	Primary	0.07	none	Matched	none	MSKCC	P-0026664	none	none	none	0	none	none	none	0	none	none	none	0	none	none	none	0	none	none	none	0	none	none	none	0	none	none	none	0	none	none	none	0	none	none	none	0	none	none	none	0	none	none	none	0	none	none	none	0	none	none	none	0	none	none	none	0	none	none	none	0	none	none	none	0	none	none	none	0	none	none	none	0	none	none	none	0	none	none	none	0	none	none	none	0	none	none	none	0	none	none	none	none	none	none	none	none	none	none	none	none	none	none	none	none	none	none	none	none	none	none	none	none	none	none	none	none	none	none	none	none	none	none	none	none	none	none	none	none	none	none	MSS	none
P-0026679	none	none	none	none	Male	none	none	none	none	none	Not Hispanic	none	none	none	none	none	none	none	none	none	none	none	none	none	WHITE	none	none	none	0	56.252	none	none	none	none	none	none	none	P-0026679-T02-IM6	GIST	Gastrointestinal Stromal Tumor	Gastrointestinal Stromal Tumor	none	none	none	none	none	none	none	Primary	0.54	none	Matched	none	MSKCC	P-0026679	none	none	none	0	none	none	none	0	none	none	none	0	none	none	none	0	none	none	none	0	none	none	none	0	none	none	none	0	none	none	none	0	none	none	none	0	none	none	none	0	none	none	none	0	none	none	none	0	none	none	none	0	none	none	none	0	none	none	none	0	none	none	none	0	none	none	none	0	none	none	none	0	none	none	none	0	none	none	none	0	none	none	none	0	none	none	none	0	none	none	none	none	none	none	none	none	none	none	none	none	none	none	none	none	none	none	none	none	none	none	none	none	none	none	none	none	none	none	none	none	none	none	none	none	none	none	none	none	none	none	Indeterminate	none
P-0026733	none	none	none	none	Male	none	none	none	none	none	Hispanic	none	none	none	none	none	none	none	none	none	none	none	none	none	WHITE	none	none	none	0	30.411	none	none	none	none	none	none	none	P-0026733-T02-IM6	GIST	Gastrointestinal Stromal Tumor	Gastrointestinal Stromal Tumor	none	none	none	none	none	none	none	Primary	0	none	Matched	none	MSKCC	P-0026733	none	none	none	0	none	none	none	0	none	none	none	0	none	none	none	0	none	none	none	0	none	none	none	0	none	none	none	0	none	none	none	0	none	none	none	0	none	none	none	0	none	none	none	0	none	none	none	0	none	none	none	0	none	none	none	0	none	none	none	0	none	none	none	0	none	none	none	0	none	none	none	0	none	none	none	0	none	none	none	0	none	none	none	0	none	none	none	0	none	none	none	none	none	none	none	none	none	none	none	none	none	none	none	none	none	none	none	none	none	none	none	none	none	none	none	none	none	none	none	none	none	none	none	none	none	none	none	none	none	none	MSS	none
P-0026754	none	none	none	none	Male	none	none	none	none	none	Not Hispanic	none	none	none	none	none	none	none	none	none	none	none	none	none	WHITE	none	none	none	1	15.781	none	none	none	none	none	none	none	P-0026754-T02-IM6	GIST	Gastrointestinal Stromal Tumor	Gastrointestinal Stromal Tumor	none	none	none	none	none	none	none	Primary	0.07	none	Matched	none	MSKCC	P-0026754	none	none	none	0	none	none	none	0	none	none	none	0	none	none	none	0	none	none	none	0	none	none	none	0	none	none	none	0	none	none	none	0	none	none	none	0	none	none	none	0	none	none	none	0	none	none	none	0	none	none	none	0	none	none	none	0	none	none	none	0	none	none	none	0	none	none	none	0	none	none	none	0	none	none	none	0	none	none	none	0	none	none	none	0	none	none	none	0	none	none	none	none	none	none	none	none	none	none	none	none	none	none	none	none	none	none	none	none	none	none	none	none	none	none	none	none	none	none	none	none	none	none	none	none	none	none	none	none	none	none	MSS	none
P-0026845	none	none	none	none	Male	none	none	none	none	none	Not Hispanic	none	none	none	none	none	none	none	none	none	none	none	none	none	WHITE	none	none	none	0	6.444	none	none	none	none	none	none	none	P-0026845-T01-IM6	GIST	Gastrointestinal Stromal Tumor	Gastrointestinal Stromal Tumor	none	none	none	none	none	none	none	Primary	0.37	none	Matched	none	MSKCC	P-0026845	none	none	none	0	none	none	none	1	Nonsense_Mutation	p.Y107*	none	0	none	none	none	0	none	none	none	0	none	none	none	0	none	none	none	0	none	none	none	0	none	none	none	0	none	none	none	0	none	none	none	0	none	none	none	0	none	none	none	0	none	none	none	0	none	none	none	0	none	none	none	0	none	none	none	0	none	none	none	0	none	none	none	0	none	none	none	0	none	none	none	0	none	none	none	0	none	none	none	none	none	none	none	none	none	none	none	none	none	none	none	none	none	none	none	none	none	none	none	none	none	none	none	none	none	none	none	none	none	none	none	none	none	none	none	none	none	none	MSS	none
P-0026906	none	none	none	none	Male	none	none	none	none	none	Not Hispanic	none	none	none	none	none	none	none	none	none	none	none	none	none	WHITE	none	none	none	0	23.342	none	none	none	none	none	none	none	P-0026906-T03-IM6	GIST	Gastrointestinal Stromal Tumor	Gastrointestinal Stromal Tumor	none	none	none	none	none	none	none	Metastasis	0.24	none	Matched	none	MSKCC	P-0026906	none	none	none	0	none	none	none	0	none	none	none	0	none	none	none	0	none	none	none	0	none	none	none	0	none	none	none	0	none	none	none	0	none	none	none	0	none	none	none	0	none	none	none	0	none	none	none	0	none	none	none	0	none	none	none	0	none	none	none	0	none	none	none	0	none	none	none	0	none	none	none	0	none	none	none	0	none	none	none	0	none	none	none	0	none	none	none	0	none	none	none	none	none	none	none	none	none	none	none	none	none	none	none	none	none	none	none	none	none	none	none	none	none	none	none	none	none	none	none	none	none	none	none	none	none	none	none	none	none	none	MSS	none
P-0026918	none	none	none	none	Female	none	none	none	none	none	Hispanic	none	none	none	none	none	none	none	none	none	none	none	none	none	BLACK OR AFRICAN AMERICAN	none	none	none	0	42.181	none	none	none	none	none	none	none	P-0026918-T01-IM6	GIST	Gastrointestinal Stromal Tumor	Gastrointestinal Stromal Tumor	none	none	none	none	none	none	none	Metastasis	0	none	Matched	none	MSKCC	P-0026918	none	none	none	0	none	none	none	0	none	none	none	0	none	none	none	0	none	none	none	0	none	none	none	0	none	none	none	0	none	none	none	0	none	none	none	0	none	none	none	0	none	none	none	0	none	none	none	0	none	none	none	0	none	none	none	0	none	none	none	0	none	none	none	0	none	none	none	0	none	none	none	0	none	none	none	0	none	none	none	0	none	none	none	0	none	none	none	0	none	none	none	none	none	none	none	none	none	none	none	none	none	none	none	none	none	none	none	none	none	none	none	none	none	none	none	none	none	none	none	none	none	none	none	none	none	none	none	none	none	none	MSS	none
P-0027083	none	none	none	none	Male	none	none	none	none	none	Not Hispanic	none	none	none	none	none	none	none	none	none	none	none	none	none	WHITE	none	none	none	0	55.036	none	none	none	none	none	none	none	P-0027083-T02-IM6	GIST	Gastrointestinal Stromal Tumor	Gastrointestinal Stromal Tumor	none	none	none	none	none	none	none	Metastasis	0.28	none	Matched	none	MSKCC	P-0027083	none	none	none	0	none	none	none	0	none	none	none	0	none	none	none	0	none	none	none	0	none	none	none	0	none	none	none	0	none	none	none	0	none	none	none	0	none	none	none	0	none	none	none	0	none	none	none	0	none	none	none	0	none	none	none	0	none	none	none	0	none	none	none	0	none	none	none	0	none	none	none	0	none	none	none	0	none	none	none	0	none	none	none	0	none	none	none	0	none	none	none	none	none	none	none	none	none	none	none	none	none	none	none	none	none	none	none	none	none	none	none	none	none	none	none	none	none	none	none	none	none	none	none	none	none	none	none	none	none	none	MSS	none
P-0027089	none	none	none	none	Female	none	none	none	none	none	Not Hispanic	none	none	none	none	none	none	none	none	none	none	none	none	none	WHITE	none	none	none	1	30.312	none	none	none	none	none	none	none	P-0027089-T02-IM6	GIST	Gastrointestinal Stromal Tumor	Gastrointestinal Stromal Tumor	none	none	none	none	none	none	none	Metastasis	0.54	none	Matched	none	MSKCC	P-0027089	none	none	none	0	none	none	none	0	none	none	none	0	none	none	none	0	none	none	none	0	none	none	none	0	none	none	none	0	none	none	none	0	none	none	none	0	none	none	none	0	none	none	none	0	none	none	none	0	none	none	none	0	none	none	none	0	none	none	none	0	none	none	none	0	none	none	none	0	none	none	none	0	none	none	none	0	none	none	none	0	none	none	none	0	none	none	none	0	none	none	none	none	none	none	none	none	none	none	none	none	none	none	none	none	none	none	none	none	none	none	none	none	none	none	none	none	none	none	none	none	none	none	none	none	none	none	none	none	none	none	Indeterminate	none
P-0027195	none	none	none	none	Male	none	none	none	none	none	Not Hispanic	none	none	none	none	none	none	none	none	none	none	none	none	none	WHITE	none	none	none	0	40.767	none	none	none	none	none	none	none	P-0027195-T01-IM6	GIST	Gastrointestinal Stromal Tumor	Gastrointestinal Stromal Tumor	none	none	none	none	none	none	none	Primary	0.8	none	Matched	none	MSKCC	P-0027195	none	none	none	0	none	none	none	0	none	none	none	0	none	none	none	0	none	none	none	0	none	none	none	0	none	none	none	0	none	none	none	0	none	none	none	0	none	none	none	0	none	none	none	0	none	none	none	0	none	none	none	0	none	none	none	0	none	none	none	0	none	none	none	0	none	none	none	0	none	none	none	0	none	none	none	0	none	none	none	0	none	none	none	0	none	none	none	0	none	none	none	none	none	none	none	none	none	none	none	none	none	none	none	none	none	none	none	none	none	none	none	none	none	none	none	none	none	none	none	none	none	none	none	none	none	none	none	none	none	none	MSI	none
P-0027598	none	none	none	none	Male	none	none	none	none	none	Not Hispanic	none	none	none	none	none	none	none	none	none	none	none	none	none	WHITE	none	none	none	1	19.956	none	none	none	none	none	none	none	P-0027598-T02-IM6	GIST	Gastrointestinal Stromal Tumor	Gastrointestinal Stromal Tumor	none	none	none	none	none	none	none	Primary	0.47	none	Matched	none	MSKCC	P-0027598	none	none	none	0	none	none	none	0	none	none	none	0	none	none	none	1	Missense_Mutation	p.E970K	none	0	none	none	none	0	none	none	none	0	none	none	none	0	none	none	none	0	none	none	none	0	none	none	none	0	none	none	none	0	none	none	none	0	none	none	none	0	none	none	none	0	none	none	none	0	none	none	none	0	none	none	none	0	none	none	none	0	none	none	none	0	none	none	none	0	none	none	none	0	none	none	none	none	none	none	none	none	none	none	none	none	none	none	none	none	none	none	none	none	none	none	none	none	none	none	none	none	none	none	none	none	none	none	none	none	none	none	none	none	none	none	Indeterminate	none
P-0027730	none	none	none	none	Male	none	none	none	none	none	Not Hispanic	none	none	none	none	none	none	none	none	none	none	none	none	none	WHITE	none	none	none	0	54.411	none	none	none	none	none	none	none	P-0027730-T01-IM6	GIST	Gastrointestinal Stromal Tumor	Gastrointestinal Stromal Tumor	none	none	none	none	none	none	none	Primary	0.6	none	Matched	none	MSKCC	P-0027730	none	none	none	0	none	none	none	0	none	none	none	0	none	none	none	0	none	none	none	0	none	none	none	0	none	none	none	0	none	none	none	0	none	none	none	0	none	none	none	0	none	none	none	0	none	none	none	0	none	none	none	0	none	none	none	0	none	none	none	0	none	none	none	0	none	none	none	0	none	none	none	0	none	none	none	0	none	none	none	0	none	none	none	0	none	none	none	0	none	none	none	none	none	none	none	none	none	none	none	none	none	none	none	none	none	none	none	none	none	none	none	none	none	none	none	none	none	none	none	none	none	none	none	none	none	none	none	none	none	none	Indeterminate	none
P-0027918	none	none	none	none	Male	none	none	none	none	none	Not Hispanic	none	none	none	none	none	none	none	none	none	none	none	none	none	WHITE	none	none	none	0	55.792	none	none	none	none	none	none	none	P-0027918-T02-IM6	GIST	Gastrointestinal Stromal Tumor	Gastrointestinal Stromal Tumor	none	none	none	none	none	none	none	Metastasis	1.29	none	Matched	none	MSKCC	P-0027918	none	none	none	0	none	none	none	0	none	none	none	0	none	none	none	0	none	none	none	0	none	none	none	0	none	none	none	0	none	none	none	0	none	none	none	0	none	none	none	0	none	none	none	0	none	none	none	0	none	none	none	0	none	none	none	0	none	none	none	0	none	none	none	0	none	none	none	0	none	none	none	0	none	none	none	0	none	none	none	1	Frame_Shift_Del	p.P3523Lfs*10	none	0	none	none	none	0	none	none	none	none	none	none	none	none	none	none	none	none	none	none	none	none	none	none	none	none	none	none	none	none	none	none	none	none	none	none	none	none	none	none	none	none	none	none	none	none	none	none	MSI	none
P-0027928	none	none	none	none	Male	none	none	none	none	none	Not Hispanic	none	none	none	none	none	none	none	none	none	none	none	none	none	WHITE	none	none	none	0	54.115	none	none	none	none	none	none	none	P-0027928-T01-IM6	GIST	Gastrointestinal Stromal Tumor	Gastrointestinal Stromal Tumor	none	none	none	none	none	none	none	Primary	0.33	none	Matched	none	MSKCC	P-0027928	none	none	none	0	none	none	none	0	none	none	none	0	none	none	none	0	none	none	none	0	none	none	none	0	none	none	none	0	none	none	none	0	none	none	none	0	none	none	none	0	none	none	none	0	none	none	none	0	none	none	none	0	none	none	none	0	none	none	none	0	none	none	none	0	none	none	none	0	none	none	none	0	none	none	none	0	none	none	none	0	none	none	none	0	none	none	none	0	none	none	none	none	none	none	none	none	none	none	none	none	none	none	none	none	none	none	none	none	none	none	none	none	none	none	none	none	none	none	none	none	none	none	none	none	none	none	none	none	none	none	MSS	none
P-0028138	none	none	none	none	Male	none	none	none	none	none	Not Hispanic	none	none	none	none	none	none	none	none	none	none	none	none	none	BLACK OR AFRICAN AMERICAN	none	none	none	1	0.132	none	none	none	none	none	none	none	P-0028138-T01-IM6	GIST	Gastrointestinal Stromal Tumor	Gastrointestinal Stromal Tumor	none	none	none	none	none	none	none	Metastasis	1.14	none	Matched	none	MSKCC	P-0028138	none	none	none	0	none	none	none	0	none	none	none	0	none	none	none	0	none	none	none	0	none	none	none	0	none	none	none	0	none	none	none	0	none	none	none	0	none	none	none	0	none	none	none	0	none	none	none	0	none	none	none	0	none	none	none	0	none	none	none	0	none	none	none	0	none	none	none	0	none	none	none	0	none	none	none	0	none	none	none	0	none	none	none	0	none	none	none	0	none	none	none	none	none	none	none	none	none	none	none	none	none	none	none	none	none	none	none	none	none	none	none	none	none	none	none	none	none	none	none	none	none	none	none	none	none	none	none	none	none	none	MSI	none
P-0028383	none	none	none	none	Male	none	none	none	none	none	Not Hispanic	none	none	none	none	none	none	none	none	none	none	none	none	none	BLACK OR AFRICAN AMERICAN	none	none	none	0	none	none	none	none	none	none	none	none	P-0028383-T01-IM6	GIST	Gastrointestinal Stromal Tumor	Gastrointestinal Stromal Tumor	none	none	none	none	none	none	none	Metastasis	0.62	none	Matched	none	Ralph Lauren Center	P-0028383	none	none	none	0	none	none	none	1	Missense_Mutation	p.V274A	none	0	none	none	none	0	none	none	none	0	none	none	none	0	none	none	none	0	none	none	none	0	none	none	none	0	none	none	none	0	none	none	none	0	none	none	none	0	none	none	none	0	none	none	none	0	none	none	none	0	none	none	none	0	none	none	none	0	none	none	none	0	none	none	none	0	none	none	none	0	none	none	none	0	none	none	none	0	none	none	none	none	none	none	none	none	none	none	none	none	none	none	none	none	none	none	none	none	none	none	none	none	none	none	none	none	none	none	none	none	none	none	none	none	none	none	none	none	none	none	MSI	none
P-0028447	none	none	none	none	Male	none	none	none	none	none	Not Hispanic	none	none	none	none	none	none	none	none	none	none	none	none	none	WHITE	none	none	none	1	14.663	none	none	none	none	none	none	none	P-0028447-T02-IM6	GIST	Gastrointestinal Stromal Tumor	Gastrointestinal Stromal Tumor	none	none	none	none	none	none	none	Metastasis	2.04	none	Matched	none	MSKCC	P-0028447	none	none	none	0	none	none	none	0	none	none	none	0	none	none	none	0	none	none	none	0	none	none	none	0	none	none	none	0	none	none	none	0	none	none	none	0	none	none	none	0	none	none	none	0	none	none	none	0	none	none	none	0	none	none	none	0	none	none	none	0	none	none	none	0	none	none	none	0	none	none	none	0	none	none	none	0	none	none	none	0	none	none	none	0	none	none	none	0	none	none	none	none	none	none	none	none	none	none	none	none	none	none	none	none	none	none	none	none	none	none	none	none	none	none	none	none	none	none	none	none	none	none	none	none	none	none	none	none	none	none	MSI	none
P-0028553	none	none	none	none	Male	none	none	none	none	none	Not Hispanic	none	none	none	none	none	none	none	none	none	none	none	none	none	WHITE	none	none	none	1	32.581	none	none	none	none	none	none	none	P-0028553-T03-IM6	GIST	Gastrointestinal Stromal Tumor	Gastrointestinal Stromal Tumor	none	none	none	none	none	none	none	Metastasis	0.52	none	Matched	none	MSKCC	P-0028553	none	none	none	0	none	none	none	0	none	none	none	0	none	none	none	0	none	none	none	0	none	none	none	0	none	none	none	0	none	none	none	0	none	none	none	0	none	none	none	0	none	none	none	0	none	none	none	0	none	none	none	0	none	none	none	0	none	none	none	0	none	none	none	0	none	none	none	0	none	none	none	0	none	none	none	0	none	none	none	0	none	none	none	0	none	none	none	0	none	none	none	none	none	none	none	none	none	none	none	none	none	none	none	none	none	none	none	none	none	none	none	none	none	none	none	none	none	none	none	none	none	none	none	none	none	none	none	none	none	none	Indeterminate	none
P-0028614	none	none	none	none	Female	none	none	none	none	none	Not Hispanic	none	none	none	none	none	none	none	none	none	none	none	none	none	WHITE	none	none	none	0	54.542	none	none	none	none	none	none	none	P-0028614-T01-IM6	GIST	Gastrointestinal Stromal Tumor	Gastrointestinal Stromal Tumor	none	none	none	none	none	none	none	Primary	0	none	Matched	none	MSKCC	P-0028614	none	none	none	0	none	none	none	0	none	none	none	0	none	none	none	0	none	none	none	0	none	none	none	0	none	none	none	0	none	none	none	0	none	none	none	0	none	none	none	0	none	none	none	0	none	none	none	0	none	none	none	0	none	none	none	0	none	none	none	0	none	none	none	0	none	none	none	0	none	none	none	0	none	none	none	0	none	none	none	0	none	none	none	0	none	none	none	0	none	none	none	none	none	none	none	none	none	none	none	none	none	none	none	none	none	none	none	none	none	none	none	none	none	none	none	none	none	none	none	none	none	none	none	none	none	none	none	none	none	none	MSS	none
P-0028773	none	none	none	none	Female	none	none	none	none	none	Not Hispanic	none	none	none	none	none	none	none	none	none	none	none	none	none	WHITE	none	none	none	1	4.471	none	none	none	none	none	none	none	P-0028773-T02-IM6	GIST	Gastrointestinal Stromal Tumor	Gastrointestinal Stromal Tumor	none	none	none	none	none	none	none	Metastasis	2.36	none	Matched	none	MSKCC	P-0028773	none	none	none	0	none	none	none	0	none	none	none	0	none	none	none	0	none	none	none	0	none	none	none	0	none	none	none	0	none	none	none	0	none	none	none	0	none	none	none	0	none	none	none	0	none	none	none	0	none	none	none	0	none	none	none	0	none	none	none	0	none	none	none	0	none	none	none	0	none	none	none	0	none	none	none	0	none	none	none	0	none	none	none	0	none	none	none	0	none	none	none	none	none	none	none	none	none	none	none	none	none	none	none	none	none	none	none	none	none	none	none	none	none	none	none	none	none	none	none	none	none	none	none	none	none	none	none	none	none	none	MSI	none
P-0028954	none	none	none	none	Female	none	none	none	none	none	Hispanic	none	none	none	none	none	none	none	none	none	none	none	none	none	WHITE	none	none	none	0	51.518	none	none	none	none	none	none	none	P-0028954-T01-IM6	GIST	Gastrointestinal Stromal Tumor	Gastrointestinal Stromal Tumor	none	none	none	none	none	none	none	Primary	0	none	Matched	none	MSKCC	P-0028954	none	none	none	0	none	none	none	0	none	none	none	0	none	none	none	0	none	none	none	0	none	none	none	0	none	none	none	0	none	none	none	0	none	none	none	0	none	none	none	0	none	none	none	0	none	none	none	0	none	none	none	0	none	none	none	0	none	none	none	0	none	none	none	0	none	none	none	0	none	none	none	0	none	none	none	0	none	none	none	0	none	none	none	0	none	none	none	0	none	none	none	none	none	none	none	none	none	none	none	none	none	none	none	none	none	none	none	none	none	none	none	none	none	none	none	none	none	none	none	none	none	none	none	none	none	none	none	none	none	none	MSS	none
P-0029072	none	none	none	none	Male	none	none	none	none	none	Not Hispanic	none	none	none	none	none	none	none	none	none	none	none	none	none	ASIAN-FAR EAST/INDIAN SUBCONT	none	none	none	1	21.534	none	none	none	none	none	none	none	P-0029072-T03-IM7	GIST	Gastrointestinal Stromal Tumor	Gastrointestinal Stromal Tumor	none	none	none	none	none	none	none	Metastasis	3.51	none	Matched	none	MSKCC	P-0029072	none	none	none	0	none	none	none	0	none	none	none	0	none	none	none	0	none	none	none	0	none	none	none	0	none	none	none	0	none	none	none	0	none	none	none	0	none	none	none	0	none	none	none	0	none	none	none	0	none	none	none	0	none	none	none	0	none	none	none	0	none	none	none	0	none	none	none	0	none	none	none	0	none	none	none	1	Missense_Mutation	p.V3656I	none	0	none	none	none	0	none	none	none	0	none	none	none	none	none	none	none	none	none	none	none	none	none	none	none	none	none	none	none	none	none	none	none	none	none	none	none	none	none	none	none	none	none	none	none	none	none	none	none	none	none	none	MSI	none
P-0029134	none	none	none	none	Female	none	none	none	none	none	none	none	none	none	none	none	none	none	none	none	none	none	none	none	WHITE	none	none	none	0	54.279	none	none	none	none	none	none	none	P-0029134-T01-IM6	GIST	Gastrointestinal Stromal Tumor	Gastrointestinal Stromal Tumor	none	none	none	none	none	none	none	Primary	0.06	none	Matched	none	MSKCC	P-0029134	none	none	none	0	none	none	none	0	none	none	none	0	none	none	none	0	none	none	none	0	none	none	none	0	none	none	none	0	none	none	none	0	none	none	none	0	none	none	none	0	none	none	none	0	none	none	none	0	none	none	none	0	none	none	none	0	none	none	none	0	none	none	none	0	none	none	none	0	none	none	none	0	none	none	none	0	none	none	none	0	none	none	none	0	none	none	none	0	none	none	none	none	none	none	none	none	none	none	none	none	none	none	none	none	none	none	none	none	none	none	none	none	none	none	none	none	none	none	none	none	none	none	none	none	none	none	none	none	none	none	MSS	none
P-0029150	none	none	none	none	Female	none	none	none	none	none	Not Hispanic	none	none	none	none	none	none	none	none	none	none	none	none	none	WHITE	none	none	none	0	4.373	none	none	none	none	none	none	none	P-0029150-T01-IM6	GIST	Gastrointestinal Stromal Tumor	Gastrointestinal Stromal Tumor	none	none	none	none	none	none	none	Primary	16.06	none	Matched	none	MSKCC	P-0029150	none	none	none	0	none	none	none	0	none	none	none	0	none	none	none	0	none	none	none	0	none	none	none	0	none	none	none	0	none	none	none	0	none	none	none	0	none	none	none	0	none	none	none	0	none	none	none	0	none	none	none	0	none	none	none	0	none	none	none	0	none	none	none	0	none	none	none	0	none	none	none	0	none	none	none	0	none	none	none	0	none	none	none	0	none	none	none	0	none	none	none	none	none	none	none	none	none	none	none	none	none	none	none	none	none	none	none	none	none	none	none	none	none	none	none	none	none	none	none	none	none	none	none	none	none	none	none	none	none	none	MSI	none
P-0029467	none	none	none	none	Male	none	none	none	none	none	Not Hispanic	none	none	none	none	none	none	none	none	none	none	none	none	none	WHITE	none	none	none	1	7.2	none	none	none	none	none	none	none	P-0029467-T01-IM6	GIST	Gastrointestinal Stromal Tumor	Gastrointestinal Stromal Tumor	none	none	none	none	none	none	none	Metastasis	0.78	none	Matched	none	MSKCC	P-0029467	none	none	none	0	none	none	none	0	none	none	none	0	none	none	none	0	none	none	none	0	none	none	none	0	none	none	none	0	none	none	none	0	none	none	none	0	none	none	none	0	none	none	none	0	none	none	none	0	none	none	none	0	none	none	none	0	none	none	none	0	none	none	none	1	Frame_Shift_Ins	p.Q2037Pfs*62	none	0	none	none	none	0	none	none	none	0	none	none	none	0	none	none	none	0	none	none	none	0	none	none	none	none	none	none	none	none	none	none	none	none	none	none	none	none	none	none	none	none	none	none	none	none	none	none	none	none	none	none	none	none	none	none	none	none	none	none	none	none	none	none	MSI	none
P-0029524	none	none	none	none	Female	none	none	none	none	none	Not Hispanic	none	none	none	none	none	none	none	none	none	none	none	none	none	WHITE	none	none	none	0	none	none	none	none	none	none	none	none	P-0029524-T01-IM6	GIST	Gastrointestinal Stromal Tumor	Gastrointestinal Stromal Tumor	none	none	none	none	none	none	none	Metastasis	1.39	none	Matched	none	MSKCC	P-0029524	none	none	none	0	none	none	none	0	none	none	none	0	none	none	none	0	none	none	none	0	none	none	none	0	none	none	none	0	none	none	none	0	none	none	none	0	none	none	none	0	none	none	none	0	none	none	none	0	none	none	none	0	none	none	none	0	none	none	none	0	none	none	none	0	none	none	none	0	none	none	none	0	none	none	none	0	none	none	none	0	none	none	none	0	none	none	none	0	none	none	none	none	none	none	none	none	none	none	none	none	none	none	none	none	none	none	none	none	none	none	none	none	none	none	none	none	none	none	none	none	none	none	none	none	none	none	none	none	none	none	MSI	none
P-0029963	none	none	none	none	Female	none	none	none	none	none	Not Hispanic	none	none	none	none	none	none	none	none	none	none	none	none	none	WHITE	none	none	none	0	52.833	none	none	none	none	none	none	none	P-0029963-T01-IM6	GIST	Gastrointestinal Stromal Tumor	Gastrointestinal Stromal Tumor	none	none	none	none	none	none	none	Local Recurrence	2.25	none	Matched	none	MSKCC	P-0029963	none	none	none	0	none	none	none	0	none	none	none	0	none	none	none	0	none	none	none	0	none	none	none	0	none	none	none	0	none	none	none	0	none	none	none	0	none	none	none	0	none	none	none	0	none	none	none	0	none	none	none	0	none	none	none	0	none	none	none	0	none	none	none	0	none	none	none	0	none	none	none	0	none	none	none	0	none	none	none	0	none	none	none	0	none	none	none	0	none	none	none	none	none	none	none	none	none	none	none	none	none	none	none	none	none	none	none	none	none	none	none	none	none	none	none	none	none	none	none	none	none	none	none	none	none	none	none	none	none	none	MSI	none
P-0030194	none	none	none	none	Male	none	none	none	none	none	Not Hispanic	none	none	none	none	none	none	none	none	none	none	none	none	none	WHITE	none	none	none	0	49.677	none	none	none	none	none	none	none	P-0030194-T01-IM6	GIST	Gastrointestinal Stromal Tumor	Gastrointestinal Stromal Tumor	none	none	none	none	none	none	none	Primary	0	none	Matched	none	MSKCC	P-0030194	none	none	none	0	none	none	none	0	none	none	none	0	none	none	none	0	none	none	none	0	none	none	none	0	none	none	none	0	none	none	none	0	none	none	none	0	none	none	none	0	none	none	none	0	none	none	none	0	none	none	none	0	none	none	none	0	none	none	none	0	none	none	none	0	none	none	none	0	none	none	none	0	none	none	none	0	none	none	none	0	none	none	none	0	none	none	none	0	none	none	none	none	none	none	none	none	none	none	none	none	none	none	none	none	none	none	none	none	none	none	none	none	none	none	none	none	none	none	none	none	none	none	none	none	none	none	none	none	none	none	MSS	none
P-0030330	none	none	none	none	Female	none	none	none	none	none	Not Hispanic	none	none	none	none	none	none	none	none	none	none	none	none	none	WHITE	none	none	none	0	51.419	none	none	none	none	none	none	none	P-0030330-T01-IM6	GIST	Gastrointestinal Stromal Tumor	Gastrointestinal Stromal Tumor	none	none	none	none	none	none	none	Primary	0	none	Matched	none	MSKCC	P-0030330	none	none	none	0	none	none	none	0	none	none	none	0	none	none	none	0	none	none	none	0	none	none	none	0	none	none	none	0	none	none	none	0	none	none	none	0	none	none	none	0	none	none	none	0	none	none	none	0	none	none	none	0	none	none	none	0	none	none	none	0	none	none	none	0	none	none	none	0	none	none	none	0	none	none	none	0	none	none	none	0	none	none	none	0	none	none	none	0	none	none	none	none	none	none	none	none	none	none	none	none	none	none	none	none	none	none	none	none	none	none	none	none	none	none	none	none	none	none	none	none	none	none	none	none	none	none	none	none	none	none	MSS	none
P-0030447	none	none	none	none	Male	none	none	none	none	none	none	none	none	none	none	none	none	none	none	none	none	none	none	none	OTHER	none	none	none	0	20.186	none	none	none	none	none	none	none	P-0030447-T01-IM6	GIST	Gastrointestinal Stromal Tumor	Gastrointestinal Stromal Tumor	none	none	none	none	none	none	none	Primary	0.11	none	Matched	none	MSKCC	P-0030447	none	none	none	0	none	none	none	0	none	none	none	0	none	none	none	0	none	none	none	0	none	none	none	0	none	none	none	0	none	none	none	0	none	none	none	0	none	none	none	0	none	none	none	0	none	none	none	0	none	none	none	0	none	none	none	0	none	none	none	0	none	none	none	0	none	none	none	0	none	none	none	0	none	none	none	0	none	none	none	0	none	none	none	0	none	none	none	0	none	none	none	none	none	none	none	none	none	none	none	none	none	none	none	none	none	none	none	none	none	none	none	none	none	none	none	none	none	none	none	none	none	none	none	none	none	none	none	none	none	none	MSS	none
P-0030781	none	none	none	none	Female	none	none	none	none	none	Not Hispanic	none	none	none	none	none	none	none	none	none	none	none	none	none	BLACK OR AFRICAN AMERICAN	none	none	none	0	51.616	none	none	none	none	none	none	none	P-0030781-T01-IM6	GIST	Gastrointestinal Stromal Tumor	Gastrointestinal Stromal Tumor	none	none	none	none	none	none	none	Primary	0.32	none	Matched	none	MSKCC	P-0030781	none	none	none	0	none	none	none	0	none	none	none	0	none	none	none	0	none	none	none	0	none	none	none	0	none	none	none	0	none	none	none	0	none	none	none	0	none	none	none	0	none	none	none	0	none	none	none	0	none	none	none	0	none	none	none	0	none	none	none	0	none	none	none	0	none	none	none	0	none	none	none	0	none	none	none	0	none	none	none	0	none	none	none	0	none	none	none	0	none	none	none	none	none	none	none	none	none	none	none	none	none	none	none	none	none	none	none	none	none	none	none	none	none	none	none	none	none	none	none	none	none	none	none	none	none	none	none	none	none	none	MSS	none
P-0031004	none	none	none	none	Male	none	none	none	none	none	Not Hispanic	none	none	none	none	none	none	none	none	none	none	none	none	none	WHITE	none	none	none	0	31.299	none	none	none	none	none	none	none	P-0031004-T01-IM6	GIST	Gastrointestinal Stromal Tumor	Gastrointestinal Stromal Tumor	none	none	none	none	none	none	none	Primary	0.24	none	Matched	none	MSKCC	P-0031004	none	none	none	0	none	none	none	0	none	none	none	0	none	none	none	0	none	none	none	0	none	none	none	0	none	none	none	0	none	none	none	0	none	none	none	0	none	none	none	0	none	none	none	0	none	none	none	0	none	none	none	0	none	none	none	0	none	none	none	0	none	none	none	0	none	none	none	0	none	none	none	0	none	none	none	0	none	none	none	0	none	none	none	0	none	none	none	0	none	none	none	none	none	none	none	none	none	none	none	none	none	none	none	none	none	none	none	none	none	none	none	none	none	none	none	none	none	none	none	none	none	none	none	none	none	none	none	none	none	none	MSS	none
P-0031080	none	none	none	none	Female	none	none	none	none	none	Not Hispanic	none	none	none	none	none	none	none	none	none	none	none	none	none	ASIAN-FAR EAST/INDIAN SUBCONT	none	none	none	0	52.373	none	none	none	none	none	none	none	P-0031080-T01-IM6	GIST	Gastrointestinal Stromal Tumor	Gastrointestinal Stromal Tumor	none	none	none	none	none	none	none	Metastasis	0	none	Matched	none	MSKCC	P-0031080	none	none	none	0	none	none	none	0	none	none	none	0	none	none	none	0	none	none	none	0	none	none	none	0	none	none	none	0	none	none	none	0	none	none	none	0	none	none	none	0	none	none	none	0	none	none	none	0	none	none	none	0	none	none	none	0	none	none	none	0	none	none	none	0	none	none	none	0	none	none	none	0	none	none	none	0	none	none	none	0	none	none	none	0	none	none	none	0	none	none	none	none	none	none	none	none	none	none	none	none	none	none	none	none	none	none	none	none	none	none	none	none	none	none	none	none	none	none	none	none	none	none	none	none	none	none	none	none	none	none	MSS	none
P-0031415	none	none	none	none	Female	none	none	none	none	none	Not Hispanic	none	none	none	none	none	none	none	none	none	none	none	none	none	WHITE	none	none	none	1	39.584	none	none	none	none	none	none	none	P-0031415-T02-IM7	GIST	Gastrointestinal Stromal Tumor	Gastrointestinal Stromal Tumor	none	none	none	none	none	none	none	Metastasis	0.71	none	Matched	none	MSKCC	P-0031415	none	none	none	0	none	none	none	0	none	none	none	0	none	none	none	0	none	none	none	0	none	none	none	0	none	none	none	0	none	none	none	0	none	none	none	0	none	none	none	0	none	none	none	0	none	none	none	0	none	none	none	0	none	none	none	0	none	none	none	0	none	none	none	0	none	none	none	0	none	none	none	0	none	none	none	0	none	none	none	0	none	none	none	0	none	none	none	0	none	none	none	none	none	none	none	none	none	none	none	none	none	none	none	none	none	none	none	none	none	none	none	none	none	none	none	none	none	none	none	none	none	none	none	none	none	none	none	none	none	none	MSI	none
P-0031480	none	none	none	none	Male	none	none	none	none	none	Not Hispanic	none	none	none	none	none	none	none	none	none	none	none	none	none	WHITE	none	none	none	0	50.4	none	none	none	none	none	none	none	P-0031480-T01-IM6	GIST	Gastrointestinal Stromal Tumor	Gastrointestinal Stromal Tumor	none	none	none	none	none	none	none	Primary	0.7	none	Matched	none	MSKCC	P-0031480	none	none	none	0	none	none	none	0	none	none	none	0	none	none	none	0	none	none	none	0	none	none	none	0	none	none	none	0	none	none	none	0	none	none	none	0	none	none	none	0	none	none	none	0	none	none	none	0	none	none	none	0	none	none	none	0	none	none	none	0	none	none	none	0	none	none	none	0	none	none	none	0	none	none	none	0	none	none	none	0	none	none	none	0	none	none	none	0	none	none	none	none	none	none	none	none	none	none	none	none	none	none	none	none	none	none	none	none	none	none	none	none	none	none	none	none	none	none	none	none	none	none	none	none	none	none	none	none	none	none	MSI	none
P-0031775	none	none	none	none	Male	none	none	none	none	none	Not Hispanic	none	none	none	none	none	none	none	none	none	none	none	none	none	BLACK OR AFRICAN AMERICAN	none	none	none	0	none	none	none	none	none	none	none	none	P-0031775-T01-IM6	GIST	Gastrointestinal Stromal Tumor	Gastrointestinal Stromal Tumor	none	none	none	none	none	none	none	Metastasis	1.06	none	Matched	none	MSKCC	P-0031775	none	none	none	0	none	none	none	0	none	none	none	0	none	none	none	0	none	none	none	0	none	none	none	0	none	none	none	0	none	none	none	0	none	none	none	0	none	none	none	0	none	none	none	0	none	none	none	0	none	none	none	0	none	none	none	0	none	none	none	0	none	none	none	0	none	none	none	0	none	none	none	0	none	none	none	0	none	none	none	0	none	none	none	0	none	none	none	0	none	none	none	none	none	none	none	none	none	none	none	none	none	none	none	none	none	none	none	none	none	none	none	none	none	none	none	none	none	none	none	none	none	none	none	none	none	none	none	none	none	none	MSI	none
P-0031934	none	none	none	none	Female	none	none	none	none	none	Not Hispanic	none	none	none	none	none	none	none	none	none	none	none	none	none	WHITE	none	none	none	0	50.268	none	none	none	none	none	none	none	P-0031934-T01-IM6	GIST	Gastrointestinal Stromal Tumor	Gastrointestinal Stromal Tumor	none	none	none	none	none	none	none	Primary	0.59	none	Matched	none	MSKCC	P-0031934	none	none	none	0	none	none	none	0	none	none	none	0	none	none	none	0	none	none	none	0	none	none	none	0	none	none	none	0	none	none	none	0	none	none	none	0	none	none	none	0	none	none	none	0	none	none	none	0	none	none	none	0	none	none	none	0	none	none	none	0	none	none	none	0	none	none	none	0	none	none	none	0	none	none	none	0	none	none	none	0	none	none	none	0	none	none	none	0	none	none	none	none	none	none	none	none	none	none	none	none	none	none	none	none	none	none	none	none	none	none	none	none	none	none	none	none	none	none	none	none	none	none	none	none	none	none	none	none	none	none	Indeterminate	none
P-0031969	none	none	none	none	Male	none	none	none	none	none	none	none	none	none	none	none	none	none	none	none	none	none	none	none	ASIAN-FAR EAST/INDIAN SUBCONT	none	none	none	0	49.874	none	none	none	none	none	none	none	P-0031969-T01-IM6	GIST	Gastrointestinal Stromal Tumor	Gastrointestinal Stromal Tumor	none	none	none	none	none	none	none	Primary	0.18	none	Matched	none	MSKCC	P-0031969	none	none	none	0	none	none	none	0	none	none	none	0	none	none	none	0	none	none	none	0	none	none	none	0	none	none	none	0	none	none	none	0	none	none	none	0	none	none	none	0	none	none	none	0	none	none	none	0	none	none	none	0	none	none	none	0	none	none	none	0	none	none	none	0	none	none	none	0	none	none	none	0	none	none	none	0	none	none	none	0	none	none	none	0	none	none	none	0	none	none	none	none	none	none	none	none	none	none	none	none	none	none	none	none	none	none	none	none	none	none	none	none	none	none	none	none	none	none	none	none	none	none	none	none	none	none	none	none	none	none	MSS	none
P-0032213	none	none	none	none	Female	none	none	none	none	none	Not Hispanic	none	none	none	none	none	none	none	none	none	none	none	none	none	WHITE	none	none	none	0	51.057	none	none	none	none	none	none	none	P-0032213-T02-IM6	GIST	Gastrointestinal Stromal Tumor	Gastrointestinal Stromal Tumor	none	none	none	none	none	none	none	Metastasis	0.51	none	Matched	none	MSKCC	P-0032213	none	none	none	0	none	none	none	0	none	none	none	0	none	none	none	0	none	none	none	0	none	none	none	0	none	none	none	0	none	none	none	0	none	none	none	1	Missense_Mutation	p.L1845F	none	0	none	none	none	0	none	none	none	0	none	none	none	0	none	none	none	0	none	none	none	0	none	none	none	0	none	none	none	0	none	none	none	0	none	none	none	0	none	none	none	0	none	none	none	0	none	none	none	0	none	none	none	none	none	none	none	none	none	none	none	none	none	none	none	none	none	none	none	none	none	none	none	none	none	none	none	none	none	none	none	none	none	none	none	none	none	none	none	none	none	none	Indeterminate	none
P-0032319	none	none	none	none	Female	none	none	none	none	none	Not Hispanic	none	none	none	none	none	none	none	none	none	none	none	none	none	ASIAN-FAR EAST/INDIAN SUBCONT	none	none	none	0	none	none	none	none	none	none	none	none	P-0032319-T01-IM6	GIST	Gastrointestinal Stromal Tumor	Gastrointestinal Stromal Tumor	none	none	none	none	none	none	none	Metastasis	1.13	none	Matched	none	Ralph Lauren Center	P-0032319	none	none	none	0	none	none	none	0	none	none	none	0	none	none	none	0	none	none	none	0	none	none	none	0	none	none	none	0	none	none	none	0	none	none	none	0	none	none	none	0	none	none	none	0	none	none	none	0	none	none	none	0	none	none	none	0	none	none	none	0	none	none	none	0	none	none	none	0	none	none	none	0	none	none	none	0	none	none	none	0	none	none	none	0	none	none	none	0	none	none	none	none	none	none	none	none	none	none	none	none	none	none	none	none	none	none	none	none	none	none	none	none	none	none	none	none	none	none	none	none	none	none	none	none	none	none	none	none	none	none	MSI	none
P-0032359	none	none	none	none	Female	none	none	none	none	none	Not Hispanic	none	none	none	none	none	none	none	none	none	none	none	none	none	WHITE	none	none	none	0	48.362	none	none	none	none	none	none	none	P-0032359-T01-IM6	GIST	Gastrointestinal Stromal Tumor	Gastrointestinal Stromal Tumor	none	none	none	none	none	none	none	Primary	0	none	Matched	none	MSKCC	P-0032359	none	none	none	0	none	none	none	0	none	none	none	0	none	none	none	0	none	none	none	0	none	none	none	0	none	none	none	0	none	none	none	0	none	none	none	0	none	none	none	0	none	none	none	0	none	none	none	0	none	none	none	0	none	none	none	0	none	none	none	0	none	none	none	0	none	none	none	0	none	none	none	0	none	none	none	0	none	none	none	0	none	none	none	0	none	none	none	0	none	none	none	none	none	none	none	none	none	none	none	none	none	none	none	none	none	none	none	none	none	none	none	none	none	none	none	none	none	none	none	none	none	none	none	none	none	none	none	none	none	none	MSS	none
P-0032539	none	none	none	none	Female	none	none	none	none	none	none	none	none	none	none	none	none	none	none	none	none	none	none	none	WHITE	none	none	none	0	11.408	none	none	none	none	none	none	none	P-0032539-T01-IM6	GIST	Gastrointestinal Stromal Tumor	Gastrointestinal Stromal Tumor	none	none	none	none	none	none	none	Primary	0	none	Matched	none	MSKCC	P-0032539	none	none	none	0	none	none	none	0	none	none	none	0	none	none	none	0	none	none	none	0	none	none	none	0	none	none	none	0	none	none	none	0	none	none	none	0	none	none	none	0	none	none	none	0	none	none	none	0	none	none	none	0	none	none	none	0	none	none	none	0	none	none	none	0	none	none	none	0	none	none	none	0	none	none	none	0	none	none	none	0	none	none	none	0	none	none	none	0	none	none	none	none	none	none	none	none	none	none	none	none	none	none	none	none	none	none	none	none	none	none	none	none	none	none	none	none	none	none	none	none	none	none	none	none	none	none	none	none	none	none	MSS	none
P-0032594	none	none	none	none	Male	none	none	none	none	none	Not Hispanic	none	none	none	none	none	none	none	none	none	none	none	none	none	WHITE	none	none	none	1	29.162	none	none	none	none	none	none	none	P-0032594-T02-IM6	GIST	Gastrointestinal Stromal Tumor	Gastrointestinal Stromal Tumor	none	none	none	none	none	none	none	Metastasis	0.85	none	Matched	none	MSKCC	P-0032594	none	none	none	0	none	none	none	0	none	none	none	0	none	none	none	0	none	none	none	0	none	none	none	0	none	none	none	0	none	none	none	0	none	none	none	0	none	none	none	0	none	none	none	0	none	none	none	0	none	none	none	0	none	none	none	0	none	none	none	0	none	none	none	0	none	none	none	0	none	none	none	0	none	none	none	0	none	none	none	0	none	none	none	0	none	none	none	0	none	none	none	none	none	none	none	none	none	none	none	none	none	none	none	none	none	none	none	none	none	none	none	none	none	none	none	none	none	none	none	none	none	none	none	none	none	none	none	none	none	none	MSI	none
P-0032636	none	none	none	none	Female	none	none	none	none	none	Not Hispanic	none	none	none	none	none	none	none	none	none	none	none	none	none	WHITE	none	none	none	0	1.085	none	none	none	none	none	none	none	P-0032636-T01-IM6	GIST	Gastrointestinal Stromal Tumor	Gastrointestinal Stromal Tumor	none	none	none	none	none	none	none	Primary	0.16	none	Matched	none	MSKCC	P-0032636	none	none	none	0	none	none	none	0	none	none	none	0	none	none	none	0	none	none	none	0	none	none	none	0	none	none	none	0	none	none	none	0	none	none	none	0	none	none	none	0	none	none	none	0	none	none	none	0	none	none	none	0	none	none	none	0	none	none	none	1	Missense_Mutation	p.E1317K	none	0	none	none	none	0	none	none	none	0	none	none	none	0	none	none	none	0	none	none	none	0	none	none	none	0	none	none	none	none	none	none	none	none	none	none	none	none	none	none	none	none	none	none	none	none	none	none	none	none	none	none	none	none	none	none	none	none	none	none	none	none	none	none	none	none	none	none	MSS	none
P-0032848	none	none	none	none	Female	none	none	none	none	none	Not Hispanic	none	none	none	none	none	none	none	none	none	none	none	none	none	BLACK OR AFRICAN AMERICAN	none	none	none	0	49.611	none	none	none	none	none	none	none	P-0032848-T01-IM6	GIST	Gastrointestinal Stromal Tumor	Gastrointestinal Stromal Tumor	none	none	none	none	none	none	none	Primary	0	none	Matched	none	MSKCC	P-0032848	none	none	none	0	none	none	none	0	none	none	none	0	none	none	none	0	none	none	none	0	none	none	none	0	none	none	none	0	none	none	none	0	none	none	none	0	none	none	none	0	none	none	none	0	none	none	none	0	none	none	none	0	none	none	none	0	none	none	none	0	none	none	none	0	none	none	none	0	none	none	none	0	none	none	none	0	none	none	none	0	none	none	none	0	none	none	none	0	none	none	none	none	none	none	none	none	none	none	none	none	none	none	none	none	none	none	none	none	none	none	none	none	none	none	none	none	none	none	none	none	none	none	none	none	none	none	none	none	none	none	MSS	none
P-0032950	none	none	none	none	Male	none	none	none	none	none	Not Hispanic	none	none	none	none	none	none	none	none	none	none	none	none	none	WHITE	none	none	none	1	21.764	none	none	none	none	none	none	none	P-0032950-T01-IM6	GIST	Gastrointestinal Stromal Tumor	Gastrointestinal Stromal Tumor	none	none	none	none	none	none	none	Metastasis	0.56	none	Matched	none	MSKCC	P-0032950	none	none	none	0	none	none	none	0	none	none	none	0	none	none	none	0	none	none	none	0	none	none	none	0	none	none	none	0	none	none	none	0	none	none	none	0	none	none	none	0	none	none	none	0	none	none	none	0	none	none	none	0	none	none	none	0	none	none	none	0	none	none	none	1	Frame_Shift_Ins	p.Y500Ffs*120	none	0	none	none	none	0	none	none	none	0	none	none	none	0	none	none	none	0	none	none	none	0	none	none	none	none	none	none	none	none	none	none	none	none	none	none	none	none	none	none	none	none	none	none	none	none	none	none	none	none	none	none	none	none	none	none	none	none	none	none	none	none	none	none	Indeterminate	none
P-0033188	none	none	none	none	Male	none	none	none	none	none	Not Hispanic	none	none	none	none	none	none	none	none	none	none	none	none	none	WHITE	none	none	none	1	1.907	none	none	none	none	none	none	none	P-0033188-T01-IM6	GIST	Gastrointestinal Stromal Tumor	Gastrointestinal Stromal Tumor	none	none	none	none	none	none	none	Primary	1.3	none	Matched	none	MSKCC	P-0033188	none	none	none	0	none	none	none	0	none	none	none	0	none	none	none	0	none	none	none	0	none	none	none	0	none	none	none	0	none	none	none	0	none	none	none	0	none	none	none	0	none	none	none	0	none	none	none	0	none	none	none	0	none	none	none	0	none	none	none	0	none	none	none	0	none	none	none	0	none	none	none	0	none	none	none	0	none	none	none	0	none	none	none	0	none	none	none	0	none	none	none	none	none	none	none	none	none	none	none	none	none	none	none	none	none	none	none	none	none	none	none	none	none	none	none	none	none	none	none	none	none	none	none	none	none	none	none	none	none	none	MSI	none
P-0033352	none	none	none	none	Female	none	none	none	none	none	Not Hispanic	none	none	none	none	none	none	none	none	none	none	none	none	none	WHITE	none	none	none	0	none	none	none	none	none	none	none	none	P-0033352-T01-IM6	GIST	Gastrointestinal Stromal Tumor	Gastrointestinal Stromal Tumor	none	none	none	none	none	none	none	Primary	0.31	none	Matched	none	MSKCC	P-0033352	none	none	none	0	none	none	none	0	none	none	none	0	none	none	none	0	none	none	none	0	none	none	none	0	none	none	none	0	none	none	none	0	none	none	none	0	none	none	none	0	none	none	none	0	none	none	none	0	none	none	none	0	none	none	none	0	none	none	none	0	none	none	none	0	none	none	none	0	none	none	none	0	none	none	none	0	none	none	none	0	none	none	none	0	none	none	none	0	none	none	none	none	none	none	none	none	none	none	none	none	none	none	none	none	none	none	none	none	none	none	none	none	none	none	none	none	none	none	none	none	none	none	none	none	none	none	none	none	none	none	MSS	none
P-0033478	none	none	none	none	Male	none	none	none	none	none	Not Hispanic	none	none	none	none	none	none	none	none	none	none	none	none	none	WHITE	none	none	none	0	48.756	none	none	none	none	none	none	none	P-0033478-T01-IM6	GIST	Gastrointestinal Stromal Tumor	Gastrointestinal Stromal Tumor	none	none	none	none	none	none	none	Primary	0	none	Matched	none	MSKCC	P-0033478	none	none	none	0	none	none	none	0	none	none	none	0	none	none	none	0	none	none	none	0	none	none	none	0	none	none	none	0	none	none	none	0	none	none	none	0	none	none	none	0	none	none	none	0	none	none	none	0	none	none	none	0	none	none	none	0	none	none	none	0	none	none	none	0	none	none	none	0	none	none	none	0	none	none	none	0	none	none	none	0	none	none	none	0	none	none	none	0	none	none	none	none	none	none	none	none	none	none	none	none	none	none	none	none	none	none	none	none	none	none	none	none	none	none	none	none	none	none	none	none	none	none	none	none	none	none	none	none	none	none	MSS	none
P-0033833	none	none	none	none	Female	none	none	none	none	none	none	none	none	none	none	none	none	none	none	none	none	none	none	none	ASIAN-FAR EAST/INDIAN SUBCONT	none	none	none	0	24.066	none	none	none	none	none	none	none	P-0033833-T01-IM6	GIST	Gastrointestinal Stromal Tumor	Gastrointestinal Stromal Tumor	none	none	none	none	none	none	none	Metastasis	1.49	none	Matched	none	MSKCC	P-0033833	none	none	none	0	none	none	none	1	Missense_Mutation	p.C141Y	none	0	none	none	none	0	none	none	none	0	none	none	none	0	none	none	none	0	none	none	none	0	none	none	none	0	none	none	none	0	none	none	none	0	none	none	none	0	none	none	none	0	none	none	none	0	none	none	none	0	none	none	none	0	none	none	none	0	none	none	none	0	none	none	none	0	none	none	none	0	none	none	none	0	none	none	none	0	none	none	none	none	none	none	none	none	none	none	none	none	none	none	none	none	none	none	none	none	none	none	none	none	none	none	none	none	none	none	none	none	none	none	none	none	none	none	none	none	none	none	MSI	none
P-0034094	none	none	none	none	Male	none	none	none	none	none	none	none	none	none	none	none	none	none	none	none	none	none	none	none	WHITE	none	none	none	1	19.562	none	none	none	none	none	none	none	P-0034094-T01-IM6	GIST	Gastrointestinal Stromal Tumor	Gastrointestinal Stromal Tumor	none	none	none	none	none	none	none	Primary	1.35	none	Matched	none	MSKCC	P-0034094	none	none	none	0	none	none	none	0	none	none	none	0	none	none	none	0	none	none	none	0	none	none	none	0	none	none	none	0	none	none	none	0	none	none	none	0	none	none	none	0	none	none	none	0	none	none	none	0	none	none	none	0	none	none	none	0	none	none	none	0	none	none	none	0	none	none	none	0	none	none	none	0	none	none	none	0	none	none	none	0	none	none	none	0	none	none	none	0	none	none	none	none	none	none	none	none	none	none	none	none	none	none	none	none	none	none	none	none	none	none	none	none	none	none	none	none	none	none	none	none	none	none	none	none	none	none	none	none	none	none	MSI	none
P-0034112	none	none	none	none	Female	none	none	none	none	none	Not Hispanic	none	none	none	none	none	none	none	none	none	none	none	none	none	WHITE	none	none	none	0	47.868	none	none	none	none	none	none	none	P-0034112-T01-IM6	GIST	Gastrointestinal Stromal Tumor	Gastrointestinal Stromal Tumor	none	none	none	none	none	none	none	Primary	0.23	none	Matched	none	MSKCC	P-0034112	none	none	none	0	none	none	none	0	none	none	none	0	none	none	none	0	none	none	none	0	none	none	none	0	none	none	none	0	none	none	none	0	none	none	none	0	none	none	none	0	none	none	none	0	none	none	none	0	none	none	none	0	none	none	none	0	none	none	none	0	none	none	none	0	none	none	none	0	none	none	none	0	none	none	none	0	none	none	none	0	none	none	none	0	none	none	none	0	none	none	none	none	none	none	none	none	none	none	none	none	none	none	none	none	none	none	none	none	none	none	none	none	none	none	none	none	none	none	none	none	none	none	none	none	none	none	none	none	none	none	MSS	none
P-0034265	none	none	none	none	Female	none	none	none	none	none	Not Hispanic	none	none	none	none	none	none	none	none	none	none	none	none	none	WHITE	none	none	none	0	48.164	none	none	none	none	none	none	none	P-0034265-T01-IM6	GIST	Gastrointestinal Stromal Tumor	Gastrointestinal Stromal Tumor	none	none	none	none	none	none	none	Metastasis	0.86	none	Matched	none	MSKCC	P-0034265	none	none	none	0	none	none	none	0	none	none	none	0	none	none	none	0	none	none	none	0	none	none	none	0	none	none	none	0	none	none	none	0	none	none	none	0	none	none	none	0	none	none	none	0	none	none	none	0	none	none	none	0	none	none	none	0	none	none	none	0	none	none	none	0	none	none	none	0	none	none	none	0	none	none	none	0	none	none	none	0	none	none	none	0	none	none	none	0	none	none	none	none	none	none	none	none	none	none	none	none	none	none	none	none	none	none	none	none	none	none	none	none	none	none	none	none	none	none	none	none	none	none	none	none	none	none	none	none	none	none	MSI	none
P-0034353	none	none	none	none	Female	none	none	none	none	none	Not Hispanic	none	none	none	none	none	none	none	none	none	none	none	none	none	WHITE	none	none	none	0	47.638	none	none	none	none	none	none	none	P-0034353-T01-IM6	GIST	Gastrointestinal Stromal Tumor	Gastrointestinal Stromal Tumor	none	none	none	none	none	none	none	Primary	0.12	none	Matched	none	MSKCC	P-0034353	none	none	none	0	none	none	none	0	none	none	none	0	none	none	none	0	none	none	none	0	none	none	none	0	none	none	none	0	none	none	none	0	none	none	none	0	none	none	none	0	none	none	none	0	none	none	none	0	none	none	none	0	none	none	none	0	none	none	none	0	none	none	none	0	none	none	none	0	none	none	none	0	none	none	none	0	none	none	none	0	none	none	none	0	none	none	none	0	none	none	none	none	none	none	none	none	none	none	none	none	none	none	none	none	none	none	none	none	none	none	none	none	none	none	none	none	none	none	none	none	none	none	none	none	none	none	none	none	none	none	MSS	none
P-0034471	none	none	none	none	Male	none	none	none	none	none	Not Hispanic	none	none	none	none	none	none	none	none	none	none	none	none	none	WHITE	none	none	none	0	13.052	none	none	none	none	none	none	none	P-0034471-T01-IM6	GIST	Gastrointestinal Stromal Tumor	Gastrointestinal Stromal Tumor	none	none	none	none	none	none	none	Primary	0.06	none	Matched	none	MSKCC	P-0034471	none	none	none	0	none	none	none	0	none	none	none	0	none	none	none	0	none	none	none	0	none	none	none	0	none	none	none	0	none	none	none	0	none	none	none	0	none	none	none	0	none	none	none	0	none	none	none	0	none	none	none	0	none	none	none	0	none	none	none	0	none	none	none	0	none	none	none	0	none	none	none	0	none	none	none	0	none	none	none	0	none	none	none	0	none	none	none	0	none	none	none	none	none	none	none	none	none	none	none	none	none	none	none	none	none	none	none	none	none	none	none	none	none	none	none	none	none	none	none	none	none	none	none	none	none	none	none	none	none	none	MSS	none
P-0034755	none	none	none	none	Male	none	none	none	none	none	Not Hispanic	none	none	none	none	none	none	none	none	none	none	none	none	none	WHITE	none	none	none	0	48.23	none	none	none	none	none	none	none	P-0034755-T01-IM6	GIST	Gastrointestinal Stromal Tumor	Gastrointestinal Stromal Tumor	none	none	none	none	none	none	none	Primary	0.51	none	Matched	none	MSKCC	P-0034755	none	none	none	0	none	none	none	0	none	none	none	0	none	none	none	0	none	none	none	0	none	none	none	0	none	none	none	0	none	none	none	0	none	none	none	0	none	none	none	0	none	none	none	0	none	none	none	0	none	none	none	0	none	none	none	0	none	none	none	0	none	none	none	0	none	none	none	0	none	none	none	0	none	none	none	0	none	none	none	0	none	none	none	0	none	none	none	0	none	none	none	none	none	none	none	none	none	none	none	none	none	none	none	none	none	none	none	none	none	none	none	none	none	none	none	none	none	none	none	none	none	none	none	none	none	none	none	none	none	none	Indeterminate	none
P-0034856	none	none	none	none	Female	none	none	none	none	none	Not Hispanic	none	none	none	none	none	none	none	none	none	none	none	none	none	WHITE	none	none	none	0	48.23	none	none	none	none	none	none	none	P-0034856-T01-IM6	GIST	Gastrointestinal Stromal Tumor	Gastrointestinal Stromal Tumor	none	none	none	none	none	none	none	Primary	0	none	Matched	none	MSKCC	P-0034856	none	none	none	0	none	none	none	0	none	none	none	0	none	none	none	0	none	none	none	0	none	none	none	0	none	none	none	0	none	none	none	0	none	none	none	0	none	none	none	0	none	none	none	0	none	none	none	0	none	none	none	0	none	none	none	0	none	none	none	0	none	none	none	0	none	none	none	0	none	none	none	0	none	none	none	0	none	none	none	0	none	none	none	0	none	none	none	0	none	none	none	none	none	none	none	none	none	none	none	none	none	none	none	none	none	none	none	none	none	none	none	none	none	none	none	none	none	none	none	none	none	none	none	none	none	none	none	none	none	none	MSS	none
P-0035022	none	none	none	none	Male	none	none	none	none	none	Not Hispanic	none	none	none	none	none	none	none	none	none	none	none	none	none	WHITE	none	none	none	0	45.501	none	none	none	none	none	none	none	P-0035022-T01-IM6	GIST	Gastrointestinal Stromal Tumor	Gastrointestinal Stromal Tumor	none	none	none	none	none	none	none	Primary	0.48	none	Matched	none	MSKCC	P-0035022	none	none	none	0	none	none	none	0	none	none	none	0	none	none	none	0	none	none	none	0	none	none	none	0	none	none	none	0	none	none	none	0	none	none	none	0	none	none	none	0	none	none	none	0	none	none	none	0	none	none	none	0	none	none	none	0	none	none	none	0	none	none	none	0	none	none	none	0	none	none	none	0	none	none	none	0	none	none	none	0	none	none	none	0	none	none	none	0	none	none	none	none	none	none	none	none	none	none	none	none	none	none	none	none	none	none	none	none	none	none	none	none	none	none	none	none	none	none	none	none	none	none	none	none	none	none	none	none	none	none	Indeterminate	none
P-0035148	none	none	none	none	Male	none	none	none	none	none	Hispanic	none	none	none	none	none	none	none	none	none	none	none	none	none	WHITE	none	none	none	1	7.726	none	none	none	none	none	none	none	P-0035148-T01-IM6	GIST	Gastrointestinal Stromal Tumor	Gastrointestinal Stromal Tumor	none	none	none	none	none	none	none	Metastasis	0.29	none	Matched	none	none	P-0035148	none	none	none	0	none	none	none	0	none	none	none	0	none	none	none	0	none	none	none	0	none	none	none	0	none	none	none	0	none	none	none	0	none	none	none	0	none	none	none	0	none	none	none	0	none	none	none	0	none	none	none	0	none	none	none	0	none	none	none	0	none	none	none	0	none	none	none	0	none	none	none	0	none	none	none	0	none	none	none	0	none	none	none	0	none	none	none	0	none	none	none	none	none	none	none	none	none	none	none	none	none	none	none	none	none	none	none	none	none	none	none	none	none	none	none	none	none	none	none	none	none	none	none	none	none	none	none	none	none	none	MSS	none
P-0035173	none	none	none	none	Female	none	none	none	none	none	Not Hispanic	none	none	none	none	none	none	none	none	none	none	none	none	none	ASIAN-FAR EAST/INDIAN SUBCONT	none	none	none	0	47.474	none	none	none	none	none	none	none	P-0035173-T01-IM6	GIST	Gastrointestinal Stromal Tumor	Gastrointestinal Stromal Tumor	none	none	none	none	none	none	none	Primary	0.74	none	Matched	none	MSKCC	P-0035173	none	none	none	0	none	none	none	0	none	none	none	0	none	none	none	0	none	none	none	0	none	none	none	0	none	none	none	0	none	none	none	0	none	none	none	0	none	none	none	0	none	none	none	0	none	none	none	0	none	none	none	0	none	none	none	0	none	none	none	0	none	none	none	0	none	none	none	0	none	none	none	0	none	none	none	0	none	none	none	0	none	none	none	0	none	none	none	0	none	none	none	none	none	none	none	none	none	none	none	none	none	none	none	none	none	none	none	none	none	none	none	none	none	none	none	none	none	none	none	none	none	none	none	none	none	none	none	none	none	none	MSI	none
P-0035271	none	none	none	none	Female	none	none	none	none	none	none	none	none	none	none	none	none	none	none	none	none	none	none	none	WHITE	none	none	none	0	37.052	none	none	none	none	none	none	none	P-0035271-T01-IM6	GIST	Gastrointestinal Stromal Tumor	Gastrointestinal Stromal Tumor	none	none	none	none	none	none	none	Primary	0	none	Matched	none	MSKCC	P-0035271	none	none	none	0	none	none	none	0	none	none	none	0	none	none	none	0	none	none	none	0	none	none	none	0	none	none	none	0	none	none	none	0	none	none	none	0	none	none	none	0	none	none	none	0	none	none	none	0	none	none	none	0	none	none	none	0	none	none	none	0	none	none	none	0	none	none	none	0	none	none	none	0	none	none	none	0	none	none	none	0	none	none	none	0	none	none	none	0	none	none	none	none	none	none	none	none	none	none	none	none	none	none	none	none	none	none	none	none	none	none	none	none	none	none	none	none	none	none	none	none	none	none	none	none	none	none	none	none	none	none	MSS	none
P-0035321	none	none	none	none	Female	none	none	none	none	none	Not Hispanic	none	none	none	none	none	none	none	none	none	none	none	none	none	WHITE	none	none	none	0	2.597	none	none	none	none	none	none	none	P-0035321-T01-IM6	GIST	Gastrointestinal Stromal Tumor	Gastrointestinal Stromal Tumor	none	none	none	none	none	none	none	Primary	0	none	Matched	none	MSKCC	P-0035321	none	none	none	0	none	none	none	0	none	none	none	0	none	none	none	0	none	none	none	0	none	none	none	0	none	none	none	0	none	none	none	0	none	none	none	0	none	none	none	0	none	none	none	0	none	none	none	0	none	none	none	0	none	none	none	0	none	none	none	0	none	none	none	0	none	none	none	0	none	none	none	0	none	none	none	0	none	none	none	0	none	none	none	0	none	none	none	0	none	none	none	none	none	none	none	none	none	none	none	none	none	none	none	none	none	none	none	none	none	none	none	none	none	none	none	none	none	none	none	none	none	none	none	none	none	none	none	none	none	none	MSS	none
P-0035334	none	none	none	none	Male	none	none	none	none	none	Not Hispanic	none	none	none	none	none	none	none	none	none	none	none	none	none	WHITE	none	none	none	0	42.247	none	none	none	none	none	none	none	P-0035334-T01-IM6	GIST	Gastrointestinal Stromal Tumor	Gastrointestinal Stromal Tumor	none	none	none	none	none	none	none	Primary	0.9	none	Matched	none	MSKCC	P-0035334	none	none	none	0	none	none	none	0	none	none	none	0	none	none	none	0	none	none	none	0	none	none	none	0	none	none	none	0	none	none	none	0	none	none	none	0	none	none	none	0	none	none	none	0	none	none	none	0	none	none	none	0	none	none	none	0	none	none	none	0	none	none	none	0	none	none	none	0	none	none	none	0	none	none	none	0	none	none	none	0	none	none	none	0	none	none	none	0	none	none	none	none	none	none	none	none	none	none	none	none	none	none	none	none	none	none	none	none	none	none	none	none	none	none	none	none	none	none	none	none	none	none	none	none	none	none	none	none	none	none	MSI	none
P-0035576	none	none	none	none	Male	none	none	none	none	none	Not Hispanic	none	none	none	none	none	none	none	none	none	none	none	none	none	WHITE	none	none	none	1	44.877	none	none	none	none	none	none	none	P-0035576-T01-IM6	GIST	Gastrointestinal Stromal Tumor	Gastrointestinal Stromal Tumor	none	none	none	none	none	none	none	Metastasis	0.17	none	Matched	none	MSKCC	P-0035576	none	none	none	0	none	none	none	0	none	none	none	0	none	none	none	0	none	none	none	0	none	none	none	0	none	none	none	0	none	none	none	0	none	none	none	0	none	none	none	0	none	none	none	0	none	none	none	0	none	none	none	0	none	none	none	0	none	none	none	0	none	none	none	0	none	none	none	0	none	none	none	0	none	none	none	0	none	none	none	0	none	none	none	0	none	none	none	0	none	none	none	none	none	none	none	none	none	none	none	none	none	none	none	none	none	none	none	none	none	none	none	none	none	none	none	none	none	none	none	none	none	none	none	none	none	none	none	none	none	none	MSS	none
P-0035634	none	none	none	none	Female	none	none	none	none	none	Not Hispanic	none	none	none	none	none	none	none	none	none	none	none	none	none	WHITE	none	none	none	0	47.178	none	none	none	none	none	none	none	P-0035634-T01-IM6	GIST	Gastrointestinal Stromal Tumor	Gastrointestinal Stromal Tumor	none	none	none	none	none	none	none	Primary	1.27	none	Matched	none	MSKCC	P-0035634	none	none	none	0	none	none	none	0	none	none	none	0	none	none	none	0	none	none	none	0	none	none	none	0	none	none	none	0	none	none	none	0	none	none	none	0	none	none	none	0	none	none	none	0	none	none	none	0	none	none	none	0	none	none	none	0	none	none	none	0	none	none	none	0	none	none	none	0	none	none	none	0	none	none	none	0	none	none	none	0	none	none	none	0	none	none	none	0	none	none	none	none	none	none	none	none	none	none	none	none	none	none	none	none	none	none	none	none	none	none	none	none	none	none	none	none	none	none	none	none	none	none	none	none	none	none	none	none	none	none	MSI	none
P-0035698	none	none	none	none	Female	none	none	none	none	none	none	none	none	none	none	none	none	none	none	none	none	none	none	none	UNKNOWN	none	none	none	0	8.219	none	none	none	none	none	none	none	P-0035698-T02-IM6	GIST	Gastrointestinal Stromal Tumor	Gastrointestinal Stromal Tumor	none	none	none	none	none	none	none	Primary	0	none	Matched	none	MSKCC	P-0035698	none	none	none	0	none	none	none	0	none	none	none	0	none	none	none	0	none	none	none	0	none	none	none	0	none	none	none	0	none	none	none	0	none	none	none	0	none	none	none	0	none	none	none	0	none	none	none	0	none	none	none	0	none	none	none	0	none	none	none	0	none	none	none	0	none	none	none	0	none	none	none	0	none	none	none	0	none	none	none	0	none	none	none	0	none	none	none	0	none	none	none	none	none	none	none	none	none	none	none	none	none	none	none	none	none	none	none	none	none	none	none	none	none	none	none	none	none	none	none	none	none	none	none	none	none	none	none	none	none	none	MSS	none
P-0035810	none	none	none	none	Female	none	none	none	none	none	Not Hispanic	none	none	none	none	none	none	none	none	none	none	none	none	none	BLACK OR AFRICAN AMERICAN	none	none	none	0	43.825	none	none	none	none	none	none	none	P-0035810-T01-IM6	GIST	Gastrointestinal Stromal Tumor	Gastrointestinal Stromal Tumor	none	none	none	none	none	none	none	Primary	0.3	none	Matched	none	MSKCC	P-0035810	none	none	none	0	none	none	none	0	none	none	none	0	none	none	none	0	none	none	none	0	none	none	none	0	none	none	none	0	none	none	none	0	none	none	none	0	none	none	none	0	none	none	none	0	none	none	none	0	none	none	none	0	none	none	none	0	none	none	none	0	none	none	none	0	none	none	none	0	none	none	none	0	none	none	none	0	none	none	none	0	none	none	none	0	none	none	none	0	none	none	none	none	none	none	none	none	none	none	none	none	none	none	none	none	none	none	none	none	none	none	none	none	none	none	none	none	none	none	none	none	none	none	none	none	none	none	none	none	none	none	MSS	none
P-0036124	none	none	none	none	Female	none	none	none	none	none	none	none	none	none	none	none	none	none	none	none	none	none	none	none	WHITE	none	none	none	1	33.797	none	none	none	none	none	none	none	P-0036124-T01-IM6	GIST	Gastrointestinal Stromal Tumor	Gastrointestinal Stromal Tumor	none	none	none	none	none	none	none	Primary	0.75	none	Matched	none	MSKCC	P-0036124	none	none	none	0	none	none	none	0	none	none	none	0	none	none	none	0	none	none	none	0	none	none	none	0	none	none	none	0	none	none	none	0	none	none	none	0	none	none	none	0	none	none	none	0	none	none	none	0	none	none	none	0	none	none	none	0	none	none	none	0	none	none	none	0	none	none	none	0	none	none	none	0	none	none	none	0	none	none	none	0	none	none	none	0	none	none	none	0	none	none	none	none	none	none	none	none	none	none	none	none	none	none	none	none	none	none	none	none	none	none	none	none	none	none	none	none	none	none	none	none	none	none	none	none	none	none	none	none	none	none	MSI	none
P-0036219	none	none	none	none	Female	none	none	none	none	none	Not Hispanic	none	none	none	none	none	none	none	none	none	none	none	none	none	WHITE	none	none	none	0	41.457	none	none	none	none	none	none	none	P-0036219-T01-IM6	GIST	Gastrointestinal Stromal Tumor	Gastrointestinal Stromal Tumor	none	none	none	none	none	none	none	Primary	2.4	none	Matched	none	MSKCC	P-0036219	none	none	none	0	none	none	none	0	none	none	none	0	none	none	none	0	none	none	none	0	none	none	none	0	none	none	none	0	none	none	none	0	none	none	none	0	none	none	none	0	none	none	none	0	none	none	none	0	none	none	none	0	none	none	none	0	none	none	none	0	none	none	none	0	none	none	none	0	none	none	none	0	none	none	none	0	none	none	none	0	none	none	none	0	none	none	none	0	none	none	none	none	none	none	none	none	none	none	none	none	none	none	none	none	none	none	none	none	none	none	none	none	none	none	none	none	none	none	none	none	none	none	none	none	none	none	none	none	none	none	MSI	none
P-0036220	none	none	none	none	Female	none	none	none	none	none	Not Hispanic	none	none	none	none	none	none	none	none	none	none	none	none	none	WHITE	none	none	none	0	43.529	none	none	none	none	none	none	none	P-0036220-T01-IM6	GIST	Gastrointestinal Stromal Tumor	Gastrointestinal Stromal Tumor	none	none	none	none	none	none	none	Primary	0	none	Matched	none	MSKCC	P-0036220	none	none	none	0	none	none	none	0	none	none	none	1	Missense_Mutation	p.T58I	none	0	none	none	none	0	none	none	none	0	none	none	none	0	none	none	none	0	none	none	none	0	none	none	none	0	none	none	none	0	none	none	none	0	none	none	none	0	none	none	none	0	none	none	none	0	none	none	none	0	none	none	none	0	none	none	none	0	none	none	none	0	none	none	none	0	none	none	none	0	none	none	none	0	none	none	none	none	none	none	none	none	none	none	none	none	none	none	none	none	none	none	none	none	none	none	none	none	none	none	none	none	none	none	none	none	none	none	none	none	none	none	none	none	none	none	MSS	none
P-0036620	none	none	none	none	Female	none	none	none	none	none	Not Hispanic	none	none	none	none	none	none	none	none	none	none	none	none	none	WHITE	none	none	none	0	45.501	none	none	none	none	none	none	none	P-0036620-T01-IM6	GIST	Gastrointestinal Stromal Tumor	Gastrointestinal Stromal Tumor	none	none	none	none	none	none	none	Primary	0.28	none	Matched	none	MSKCC	P-0036620	none	none	none	0	none	none	none	0	none	none	none	0	none	none	none	0	none	none	none	0	none	none	none	0	none	none	none	0	none	none	none	0	none	none	none	0	none	none	none	0	none	none	none	0	none	none	none	0	none	none	none	0	none	none	none	0	none	none	none	0	none	none	none	0	none	none	none	0	none	none	none	0	none	none	none	0	none	none	none	0	none	none	none	0	none	none	none	0	none	none	none	none	none	none	none	none	none	none	none	none	none	none	none	none	none	none	none	none	none	none	none	none	none	none	none	none	none	none	none	none	none	none	none	none	none	none	none	none	none	none	MSS	none
P-0037004	none	none	none	none	Male	none	none	none	none	none	Not Hispanic	none	none	none	none	none	none	none	none	none	none	none	none	none	WHITE	none	none	none	0	42.805	none	none	none	none	none	none	none	P-0037004-T01-IM6	GIST	Gastrointestinal Stromal Tumor	Gastrointestinal Stromal Tumor	none	none	none	none	none	none	none	Primary	0.18	none	Matched	none	MSKCC	P-0037004	none	none	none	0	none	none	none	0	none	none	none	0	none	none	none	0	none	none	none	0	none	none	none	0	none	none	none	0	none	none	none	0	none	none	none	0	none	none	none	0	none	none	none	0	none	none	none	0	none	none	none	0	none	none	none	0	none	none	none	0	none	none	none	0	none	none	none	0	none	none	none	0	none	none	none	0	none	none	none	0	none	none	none	0	none	none	none	0	none	none	none	none	none	none	none	none	none	none	none	none	none	none	none	none	none	none	none	none	none	none	none	none	none	none	none	none	none	none	none	none	none	none	none	none	none	none	none	none	none	none	MSS	none
P-0037156	none	none	none	none	Male	none	none	none	none	none	Not Hispanic	none	none	none	none	none	none	none	none	none	none	none	none	none	WHITE	none	none	none	0	45.074	none	none	none	none	none	none	none	P-0037156-T01-IM6	GIST	Gastrointestinal Stromal Tumor	Gastrointestinal Stromal Tumor	none	none	none	none	none	none	none	Metastasis	2.15	none	Matched	none	MSKCC	P-0037156	none	none	none	0	none	none	none	0	none	none	none	0	none	none	none	0	none	none	none	0	none	none	none	0	none	none	none	0	none	none	none	0	none	none	none	0	none	none	none	0	none	none	none	0	none	none	none	0	none	none	none	0	none	none	none	0	none	none	none	0	none	none	none	0	none	none	none	0	none	none	none	0	none	none	none	0	none	none	none	0	none	none	none	0	none	none	none	0	none	none	none	none	none	none	none	none	none	none	none	none	none	none	none	none	none	none	none	none	none	none	none	none	none	none	none	none	none	none	none	none	none	none	none	none	none	none	none	none	none	none	MSI	none
P-0037280	none	none	none	none	Male	none	none	none	none	none	Not Hispanic	none	none	none	none	none	none	none	none	none	none	none	none	none	OTHER	none	none	none	1	20.942	none	none	none	none	none	none	none	P-0037280-T02-IM6	GIST	Gastrointestinal Stromal Tumor	Gastrointestinal Stromal Tumor	none	none	none	none	none	none	none	Primary	2.05	none	Matched	none	MSKCC	P-0037280	none	none	none	0	none	none	none	0	none	none	none	0	none	none	none	0	none	none	none	0	none	none	none	0	none	none	none	0	none	none	none	0	none	none	none	0	none	none	none	0	none	none	none	0	none	none	none	0	none	none	none	0	none	none	none	0	none	none	none	0	none	none	none	0	none	none	none	0	none	none	none	0	none	none	none	0	none	none	none	0	none	none	none	0	none	none	none	0	none	none	none	none	none	none	none	none	none	none	none	none	none	none	none	none	none	none	none	none	none	none	none	none	none	none	none	none	none	none	none	none	none	none	none	none	none	none	none	none	none	none	MSI	none
P-0037282	none	none	none	none	Female	none	none	none	none	none	Not Hispanic	none	none	none	none	none	none	none	none	none	none	none	none	none	WHITE	none	none	none	0	42.247	none	none	none	none	none	none	none	P-0037282-T01-IM6	GIST	Gastrointestinal Stromal Tumor	Gastrointestinal Stromal Tumor	none	none	none	none	none	none	none	Primary	0	none	Matched	none	Other Institute	P-0037282	none	none	none	0	none	none	none	0	none	none	none	0	none	none	none	0	none	none	none	0	none	none	none	0	none	none	none	0	none	none	none	0	none	none	none	0	none	none	none	0	none	none	none	0	none	none	none	0	none	none	none	0	none	none	none	0	none	none	none	0	none	none	none	0	none	none	none	0	none	none	none	0	none	none	none	0	none	none	none	0	none	none	none	0	none	none	none	0	none	none	none	none	none	none	none	none	none	none	none	none	none	none	none	none	none	none	none	none	none	none	none	none	none	none	none	none	none	none	none	none	none	none	none	none	none	none	none	none	none	none	MSS	none
P-0037285	none	none	none	none	Female	none	none	none	none	none	Not Hispanic	none	none	none	none	none	none	none	none	none	none	none	none	none	BLACK OR AFRICAN AMERICAN	none	none	none	0	45.37	none	none	none	none	none	none	none	P-0037285-T01-IM6	GIST	Gastrointestinal Stromal Tumor	Gastrointestinal Stromal Tumor	none	none	none	none	none	none	none	Primary	0.27	none	Matched	none	Other Institute	P-0037285	none	none	none	0	none	none	none	0	none	none	none	0	none	none	none	0	none	none	none	0	none	none	none	0	none	none	none	0	none	none	none	0	none	none	none	0	none	none	none	0	none	none	none	0	none	none	none	0	none	none	none	0	none	none	none	0	none	none	none	0	none	none	none	0	none	none	none	0	none	none	none	0	none	none	none	0	none	none	none	0	none	none	none	0	none	none	none	0	none	none	none	none	none	none	none	none	none	none	none	none	none	none	none	none	none	none	none	none	none	none	none	none	none	none	none	none	none	none	none	none	none	none	none	none	none	none	none	none	none	none	MSS	none
P-0037522	none	none	none	none	Male	none	none	none	none	none	Not Hispanic	none	none	none	none	none	none	none	none	none	none	none	none	none	WHITE	none	none	none	0	44.088	none	none	none	none	none	none	none	P-0037522-T01-IM6	GIST	Gastrointestinal Stromal Tumor	Gastrointestinal Stromal Tumor	none	none	none	none	none	none	none	Primary	0	none	Matched	none	Other Institute	P-0037522	none	none	none	0	none	none	none	0	none	none	none	0	none	none	none	0	none	none	none	0	none	none	none	0	none	none	none	0	none	none	none	0	none	none	none	0	none	none	none	0	none	none	none	0	none	none	none	0	none	none	none	0	none	none	none	0	none	none	none	0	none	none	none	0	none	none	none	0	none	none	none	0	none	none	none	0	none	none	none	0	none	none	none	0	none	none	none	0	none	none	none	none	none	none	none	none	none	none	none	none	none	none	none	none	none	none	none	none	none	none	none	none	none	none	none	none	none	none	none	none	none	none	none	none	none	none	none	none	none	none	MSS	none
P-0037672	none	none	none	none	Male	none	none	none	none	none	Not Hispanic	none	none	none	none	none	none	none	none	none	none	none	none	none	BLACK OR AFRICAN AMERICAN	none	none	none	0	45.337	none	none	none	none	none	none	none	P-0037672-T01-IM6	GIST	Gastrointestinal Stromal Tumor	Gastrointestinal Stromal Tumor	none	none	none	none	none	none	none	Primary	0	none	Matched	none	Other Institute	P-0037672	none	none	none	0	none	none	none	0	none	none	none	0	none	none	none	0	none	none	none	0	none	none	none	0	none	none	none	0	none	none	none	0	none	none	none	0	none	none	none	0	none	none	none	0	none	none	none	0	none	none	none	0	none	none	none	0	none	none	none	0	none	none	none	0	none	none	none	0	none	none	none	0	none	none	none	0	none	none	none	0	none	none	none	0	none	none	none	0	none	none	none	none	none	none	none	none	none	none	none	none	none	none	none	none	none	none	none	none	none	none	none	none	none	none	none	none	none	none	none	none	none	none	none	none	none	none	none	none	none	none	MSS	none
P-0037697	none	none	none	none	Male	none	none	none	none	none	Not Hispanic	none	none	none	none	none	none	none	none	none	none	none	none	none	BLACK OR AFRICAN AMERICAN	none	none	none	0	39.616	none	none	none	none	none	none	none	P-0037697-T01-IM6	GIST	Gastrointestinal Stromal Tumor	Gastrointestinal Stromal Tumor	none	none	none	none	none	none	none	Primary	0	none	Matched	none	MSKCC	P-0037697	none	none	none	0	none	none	none	0	none	none	none	0	none	none	none	0	none	none	none	0	none	none	none	0	none	none	none	0	none	none	none	0	none	none	none	0	none	none	none	0	none	none	none	0	none	none	none	0	none	none	none	0	none	none	none	0	none	none	none	0	none	none	none	0	none	none	none	0	none	none	none	0	none	none	none	0	none	none	none	0	none	none	none	0	none	none	none	0	none	none	none	none	none	none	none	none	none	none	none	none	none	none	none	none	none	none	none	none	none	none	none	none	none	none	none	none	none	none	none	none	none	none	none	none	none	none	none	none	none	none	MSS	none
P-0037727	none	none	none	none	Female	none	none	none	none	none	Not Hispanic	none	none	none	none	none	none	none	none	none	none	none	none	none	WHITE	none	none	none	0	42.641	none	none	none	none	none	none	none	P-0037727-T01-IM6	GIST	Gastrointestinal Stromal Tumor	Gastrointestinal Stromal Tumor	none	none	none	none	none	none	none	Metastasis	0.35	none	Matched	none	MSKCC	P-0037727	none	none	none	0	none	none	none	0	none	none	none	0	none	none	none	0	none	none	none	0	none	none	none	0	none	none	none	0	none	none	none	0	none	none	none	0	none	none	none	0	none	none	none	0	none	none	none	0	none	none	none	0	none	none	none	0	none	none	none	0	none	none	none	0	none	none	none	0	none	none	none	0	none	none	none	0	none	none	none	0	none	none	none	0	none	none	none	0	none	none	none	none	none	none	none	none	none	none	none	none	none	none	none	none	none	none	none	none	none	none	none	none	none	none	none	none	none	none	none	none	none	none	none	none	none	none	none	none	none	none	MSS	none
P-0037918	none	none	none	none	Female	none	none	none	none	none	Not Hispanic	none	none	none	none	none	none	none	none	none	none	none	none	none	BLACK OR AFRICAN AMERICAN	none	none	none	0	39.715	none	none	none	none	none	none	none	P-0037918-T01-IM6	GIST	Gastrointestinal Stromal Tumor	Gastrointestinal Stromal Tumor	none	none	none	none	none	none	none	Metastasis	0.19	none	Matched	none	none	P-0037918	none	none	none	0	none	none	none	0	none	none	none	0	none	none	none	0	none	none	none	0	none	none	none	0	none	none	none	0	none	none	none	0	none	none	none	0	none	none	none	0	none	none	none	0	none	none	none	0	none	none	none	0	none	none	none	0	none	none	none	0	none	none	none	0	none	none	none	0	none	none	none	0	none	none	none	0	none	none	none	0	none	none	none	0	none	none	none	0	none	none	none	none	none	none	none	none	none	none	none	none	none	none	none	none	none	none	none	none	none	none	none	none	none	none	none	none	none	none	none	none	none	none	none	none	none	none	none	none	none	none	MSS	none
P-0038101	none	none	none	none	Male	none	none	none	none	none	Not Hispanic	none	none	none	none	none	none	none	none	none	none	none	none	none	WHITE	none	none	none	0	44.778	none	none	none	none	none	none	none	P-0038101-T01-IM6	GIST	Gastrointestinal Stromal Tumor	Gastrointestinal Stromal Tumor	none	none	none	none	none	none	none	Metastasis	0.26	none	Matched	none	MSKCC	P-0038101	none	none	none	0	none	none	none	0	none	none	none	0	none	none	none	0	none	none	none	0	none	none	none	0	none	none	none	0	none	none	none	0	none	none	none	0	none	none	none	0	none	none	none	0	none	none	none	0	none	none	none	0	none	none	none	0	none	none	none	0	none	none	none	0	none	none	none	0	none	none	none	0	none	none	none	0	none	none	none	0	none	none	none	0	none	none	none	0	none	none	none	none	none	none	none	none	none	none	none	none	none	none	none	none	none	none	none	none	none	none	none	none	none	none	none	none	none	none	none	none	none	none	none	none	none	none	none	none	none	none	MSS	none
P-0038341	none	none	none	none	Female	none	none	none	none	none	Not Hispanic	none	none	none	none	none	none	none	none	none	none	none	none	none	WHITE	none	none	none	1	22.389	none	none	none	none	none	none	none	P-0038341-T01-IM6	GIST	Gastrointestinal Stromal Tumor	Gastrointestinal Stromal Tumor	none	none	none	none	none	none	none	Metastasis	1.9	none	Matched	none	MSKCC	P-0038341	none	none	none	0	none	none	none	0	none	none	none	0	none	none	none	0	none	none	none	0	none	none	none	0	none	none	none	0	none	none	none	0	none	none	none	0	none	none	none	0	none	none	none	0	none	none	none	0	none	none	none	0	none	none	none	0	none	none	none	0	none	none	none	0	none	none	none	0	none	none	none	0	none	none	none	0	none	none	none	0	none	none	none	0	none	none	none	0	none	none	none	none	none	none	none	none	none	none	none	none	none	none	none	none	none	none	none	none	none	none	none	none	none	none	none	none	none	none	none	none	none	none	none	none	none	none	none	none	none	none	MSI	none
P-0038595	none	none	none	none	Male	none	none	none	none	none	Not Hispanic	none	none	none	none	none	none	none	none	none	none	none	none	none	WHITE	none	none	none	0	40.373	none	none	none	none	none	none	none	P-0038595-T01-IM6	GIST	Gastrointestinal Stromal Tumor	Gastrointestinal Stromal Tumor	none	none	none	none	none	none	none	Primary	0.34	none	Matched	none	MSKCC	P-0038595	none	none	none	0	none	none	none	0	none	none	none	0	none	none	none	0	none	none	none	0	none	none	none	0	none	none	none	0	none	none	none	0	none	none	none	0	none	none	none	0	none	none	none	0	none	none	none	0	none	none	none	0	none	none	none	0	none	none	none	0	none	none	none	0	none	none	none	0	none	none	none	0	none	none	none	0	none	none	none	0	none	none	none	0	none	none	none	0	none	none	none	none	none	none	none	none	none	none	none	none	none	none	none	none	none	none	none	none	none	none	none	none	none	none	none	none	none	none	none	none	none	none	none	none	none	none	none	none	none	none	MSS	none
P-0038669	none	none	none	none	Female	none	none	none	none	none	Hispanic	none	none	none	none	none	none	none	none	none	none	none	none	none	WHITE	none	none	none	0	none	none	none	none	none	none	none	none	P-0038669-T01-IM6	GIST	Gastrointestinal Stromal Tumor	Gastrointestinal Stromal Tumor	none	none	none	none	none	none	none	Primary	0.06	none	Matched	none	MSKCC	P-0038669	none	none	none	0	none	none	none	0	none	none	none	0	none	none	none	0	none	none	none	0	none	none	none	0	none	none	none	0	none	none	none	0	none	none	none	0	none	none	none	0	none	none	none	0	none	none	none	0	none	none	none	0	none	none	none	0	none	none	none	0	none	none	none	0	none	none	none	0	none	none	none	0	none	none	none	0	none	none	none	0	none	none	none	0	none	none	none	0	none	none	none	none	none	none	none	none	none	none	none	none	none	none	none	none	none	none	none	none	none	none	none	none	none	none	none	none	none	none	none	none	none	none	none	none	none	none	none	none	none	none	MSS	none
P-0038762	none	none	none	none	Male	none	none	none	none	none	Not Hispanic	none	none	none	none	none	none	none	none	none	none	none	none	none	WHITE	none	none	none	0	38.63	none	none	none	none	none	none	none	P-0038762-T02-IM6	GIST	Gastrointestinal Stromal Tumor	Gastrointestinal Stromal Tumor	none	none	none	none	none	none	none	Primary	0	none	Matched	none	none	P-0038762	none	none	none	0	none	none	none	0	none	none	none	0	none	none	none	0	none	none	none	0	none	none	none	0	none	none	none	0	none	none	none	0	none	none	none	0	none	none	none	0	none	none	none	0	none	none	none	0	none	none	none	0	none	none	none	0	none	none	none	0	none	none	none	0	none	none	none	0	none	none	none	0	none	none	none	0	none	none	none	0	none	none	none	0	none	none	none	0	none	none	none	none	none	none	none	none	none	none	none	none	none	none	none	none	none	none	none	none	none	none	none	none	none	none	none	none	none	none	none	none	none	none	none	none	none	none	none	none	none	none	MSS	none
P-0038910	none	none	none	none	Female	none	none	none	none	none	none	none	none	none	none	none	none	none	none	none	none	none	none	none	WHITE	none	none	none	0	43.989	none	none	none	none	none	none	none	P-0038910-T01-IM6	GIST	Gastrointestinal Stromal Tumor	Gastrointestinal Stromal Tumor	none	none	none	none	none	none	none	Primary	0	none	Matched	none	MSKCC	P-0038910	none	none	none	0	none	none	none	0	none	none	none	0	none	none	none	0	none	none	none	0	none	none	none	0	none	none	none	0	none	none	none	0	none	none	none	0	none	none	none	0	none	none	none	0	none	none	none	0	none	none	none	0	none	none	none	0	none	none	none	0	none	none	none	0	none	none	none	0	none	none	none	0	none	none	none	0	none	none	none	0	none	none	none	0	none	none	none	0	none	none	none	none	none	none	none	none	none	none	none	none	none	none	none	none	none	none	none	none	none	none	none	none	none	none	none	none	none	none	none	none	none	none	none	none	none	none	none	none	none	none	MSS	none
P-0038980	none	none	none	none	Male	none	none	none	none	none	Not Hispanic	none	none	none	none	none	none	none	none	none	none	none	none	none	WHITE	none	none	none	0	39.879	none	none	none	none	none	none	none	P-0038980-T01-IM6	GIST	Gastrointestinal Stromal Tumor	Gastrointestinal Stromal Tumor	none	none	none	none	none	none	none	Primary	0.06	none	Matched	none	MSKCC	P-0038980	none	none	none	0	none	none	none	0	none	none	none	0	none	none	none	0	none	none	none	0	none	none	none	0	none	none	none	0	none	none	none	0	none	none	none	0	none	none	none	0	none	none	none	0	none	none	none	0	none	none	none	0	none	none	none	0	none	none	none	0	none	none	none	0	none	none	none	0	none	none	none	0	none	none	none	0	none	none	none	0	none	none	none	0	none	none	none	0	none	none	none	none	none	none	none	none	none	none	none	none	none	none	none	none	none	none	none	none	none	none	none	none	none	none	none	none	none	none	none	none	none	none	none	none	none	none	none	none	none	none	MSS	none
P-0039196	none	none	none	none	Male	none	none	none	none	none	Hispanic	none	none	none	none	none	none	none	none	none	none	none	none	none	WHITE	none	none	none	0	43.825	none	none	none	none	none	none	none	P-0039196-T01-IM6	GIST	Gastrointestinal Stromal Tumor	Gastrointestinal Stromal Tumor	none	none	none	none	none	none	none	Primary	0.77	none	Matched	none	MSKCC	P-0039196	none	none	none	0	none	none	none	0	none	none	none	0	none	none	none	0	none	none	none	0	none	none	none	0	none	none	none	0	none	none	none	0	none	none	none	0	none	none	none	0	none	none	none	0	none	none	none	0	none	none	none	0	none	none	none	0	none	none	none	0	none	none	none	0	none	none	none	0	none	none	none	0	none	none	none	0	none	none	none	0	none	none	none	0	none	none	none	0	none	none	none	none	none	none	none	none	none	none	none	none	none	none	none	none	none	none	none	none	none	none	none	none	none	none	none	none	none	none	none	none	none	none	none	none	none	none	none	none	none	none	MSI	none
P-0039414	none	none	none	none	Male	none	none	none	none	none	Hispanic	none	none	none	none	none	none	none	none	none	none	none	none	none	WHITE	none	none	none	0	27.288	none	none	none	none	none	none	none	P-0039414-T01-IM6	GIST	Gastrointestinal Stromal Tumor	Gastrointestinal Stromal Tumor	none	none	none	none	none	none	none	Primary	0.36	none	Matched	none	Other Institute	P-0039414	none	none	none	0	none	none	none	1	Nonsense_Mutation	p.R342*	none	0	none	none	none	0	none	none	none	0	none	none	none	0	none	none	none	0	none	none	none	0	none	none	none	0	none	none	none	0	none	none	none	0	none	none	none	0	none	none	none	0	none	none	none	0	none	none	none	0	none	none	none	0	none	none	none	0	none	none	none	0	none	none	none	0	none	none	none	0	none	none	none	0	none	none	none	0	none	none	none	none	none	none	none	none	none	none	none	none	none	none	none	none	none	none	none	none	none	none	none	none	none	none	none	none	none	none	none	none	none	none	none	none	none	none	none	none	none	none	MSS	none
P-0039417	none	none	none	none	Male	none	none	none	none	none	Not Hispanic	none	none	none	none	none	none	none	none	none	none	none	none	none	WHITE	none	none	none	0	43.66	none	none	none	none	none	none	none	P-0039417-T01-IM6	GIST	Gastrointestinal Stromal Tumor	Gastrointestinal Stromal Tumor	none	none	none	none	none	none	none	Primary	0	none	Matched	none	MSKCC	P-0039417	none	none	none	0	none	none	none	0	none	none	none	0	none	none	none	0	none	none	none	0	none	none	none	0	none	none	none	0	none	none	none	0	none	none	none	0	none	none	none	0	none	none	none	0	none	none	none	0	none	none	none	0	none	none	none	0	none	none	none	0	none	none	none	0	none	none	none	0	none	none	none	0	none	none	none	0	none	none	none	0	none	none	none	0	none	none	none	0	none	none	none	none	none	none	none	none	none	none	none	none	none	none	none	none	none	none	none	none	none	none	none	none	none	none	none	none	none	none	none	none	none	none	none	none	none	none	none	none	none	none	MSS	none
P-0039613	none	none	none	none	Female	none	none	none	none	none	Not Hispanic	none	none	none	none	none	none	none	none	none	none	none	none	none	WHITE	none	none	none	0	41.918	none	none	none	none	none	none	none	P-0039613-T01-IM6	GIST	Gastrointestinal Stromal Tumor	Gastrointestinal Stromal Tumor	none	none	none	none	none	none	none	Primary	0.59	none	Matched	none	MSKCC	P-0039613	none	none	none	0	none	none	none	0	none	none	none	0	none	none	none	0	none	none	none	0	none	none	none	0	none	none	none	0	none	none	none	0	none	none	none	0	none	none	none	0	none	none	none	0	none	none	none	0	none	none	none	0	none	none	none	0	none	none	none	0	none	none	none	0	none	none	none	0	none	none	none	0	none	none	none	0	none	none	none	0	none	none	none	0	none	none	none	0	none	none	none	none	none	none	none	none	none	none	none	none	none	none	none	none	none	none	none	none	none	none	none	none	none	none	none	none	none	none	none	none	none	none	none	none	none	none	none	none	none	none	Indeterminate	none
P-0039747	none	none	none	none	Female	none	none	none	none	none	none	none	none	none	none	none	none	none	none	none	none	none	none	none	WHITE	none	none	none	0	42.97	none	none	none	none	none	none	none	P-0039747-T01-IM6	GIST	Gastrointestinal Stromal Tumor	Gastrointestinal Stromal Tumor	none	none	none	none	none	none	none	Primary	0	none	Matched	none	MSKCC	P-0039747	none	none	none	0	none	none	none	0	none	none	none	0	none	none	none	0	none	none	none	0	none	none	none	0	none	none	none	0	none	none	none	0	none	none	none	0	none	none	none	0	none	none	none	0	none	none	none	0	none	none	none	0	none	none	none	0	none	none	none	0	none	none	none	0	none	none	none	0	none	none	none	0	none	none	none	0	none	none	none	0	none	none	none	0	none	none	none	0	none	none	none	none	none	none	none	none	none	none	none	none	none	none	none	none	none	none	none	none	none	none	none	none	none	none	none	none	none	none	none	none	none	none	none	none	none	none	none	none	none	none	MSS	none
P-0039788	none	none	none	none	Female	none	none	none	none	none	Not Hispanic	none	none	none	none	none	none	none	none	none	none	none	none	none	BLACK OR AFRICAN AMERICAN	none	none	none	1	14.531	none	none	none	none	none	none	none	P-0039788-T01-IM6	GIST	Gastrointestinal Stromal Tumor	Gastrointestinal Stromal Tumor	none	none	none	none	none	none	none	Primary	0.69	none	Matched	none	Other Institute	P-0039788	none	none	none	0	none	none	none	0	none	none	none	0	none	none	none	0	none	none	none	0	none	none	none	0	none	none	none	0	none	none	none	0	none	none	none	0	none	none	none	0	none	none	none	0	none	none	none	0	none	none	none	0	none	none	none	0	none	none	none	0	none	none	none	1	Frame_Shift_Ins	p.D1850Gfs*4	none	0	none	none	none	0	none	none	none	0	none	none	none	0	none	none	none	0	none	none	none	0	none	none	none	none	none	none	none	none	none	none	none	none	none	none	none	none	none	none	none	none	none	none	none	none	none	none	none	none	none	none	none	none	none	none	none	none	none	none	none	none	none	none	MSI	none
P-0040191	none	none	none	none	Female	none	none	none	none	none	Not Hispanic	none	none	none	none	none	none	none	none	none	none	none	none	none	WHITE	none	none	none	0	42.312	none	none	none	none	none	none	none	P-0040191-T01-IM6	GIST	Gastrointestinal Stromal Tumor	Gastrointestinal Stromal Tumor	none	none	none	none	none	none	none	Primary	0	none	Matched	none	MSKCC	P-0040191	none	none	none	0	none	none	none	0	none	none	none	0	none	none	none	0	none	none	none	0	none	none	none	0	none	none	none	0	none	none	none	0	none	none	none	0	none	none	none	0	none	none	none	0	none	none	none	0	none	none	none	0	none	none	none	0	none	none	none	0	none	none	none	0	none	none	none	0	none	none	none	0	none	none	none	0	none	none	none	0	none	none	none	0	none	none	none	0	none	none	none	none	none	none	none	none	none	none	none	none	none	none	none	none	none	none	none	none	none	none	none	none	none	none	none	none	none	none	none	none	none	none	none	none	none	none	none	none	none	none	MSS	none
P-0040351	none	none	none	none	Male	none	none	none	none	none	Not Hispanic	none	none	none	none	none	none	none	none	none	none	none	none	none	WHITE	none	none	none	0	25.315	none	none	none	none	none	none	none	P-0040351-T02-IM6	GIST	Gastrointestinal Stromal Tumor	Gastrointestinal Stromal Tumor	none	none	none	none	none	none	none	Primary	0	none	Matched	none	MSKCC	P-0040351	none	none	none	0	none	none	none	0	none	none	none	0	none	none	none	0	none	none	none	0	none	none	none	0	none	none	none	0	none	none	none	0	none	none	none	0	none	none	none	0	none	none	none	0	none	none	none	0	none	none	none	0	none	none	none	0	none	none	none	0	none	none	none	0	none	none	none	0	none	none	none	0	none	none	none	0	none	none	none	0	none	none	none	0	none	none	none	0	none	none	none	none	none	none	none	none	none	none	none	none	none	none	none	none	none	none	none	none	none	none	none	none	none	none	none	none	none	none	none	none	none	none	none	none	none	none	none	none	none	none	MSS	none
P-0040359	none	none	none	none	Female	none	none	none	none	none	Not Hispanic	none	none	none	none	none	none	none	none	none	none	none	none	none	WHITE	none	none	none	0	37.611	none	none	none	none	none	none	none	P-0040359-T01-IM6	GIST	Gastrointestinal Stromal Tumor	Gastrointestinal Stromal Tumor	none	none	none	none	none	none	none	Primary	0.36	none	Matched	none	MSKCC	P-0040359	none	none	none	0	none	none	none	0	none	none	none	0	none	none	none	0	none	none	none	0	none	none	none	0	none	none	none	0	none	none	none	0	none	none	none	0	none	none	none	0	none	none	none	0	none	none	none	0	none	none	none	0	none	none	none	0	none	none	none	0	none	none	none	0	none	none	none	0	none	none	none	0	none	none	none	0	none	none	none	0	none	none	none	0	none	none	none	0	none	none	none	none	none	none	none	none	none	none	none	none	none	none	none	none	none	none	none	none	none	none	none	none	none	none	none	none	none	none	none	none	none	none	none	none	none	none	none	none	none	none	MSS	none
P-0040551	none	none	none	none	Female	none	none	none	none	none	Not Hispanic	none	none	none	none	none	none	none	none	none	none	none	none	none	WHITE	none	none	none	0	35.836	none	none	none	none	none	none	none	P-0040551-T01-IM6	GIST	Gastrointestinal Stromal Tumor	Gastrointestinal Stromal Tumor	none	none	none	none	none	none	none	Primary	0	none	Matched	none	MSKCC	P-0040551	none	none	none	0	none	none	none	0	none	none	none	0	none	none	none	0	none	none	none	0	none	none	none	0	none	none	none	0	none	none	none	0	none	none	none	0	none	none	none	0	none	none	none	0	none	none	none	0	none	none	none	0	none	none	none	0	none	none	none	0	none	none	none	0	none	none	none	0	none	none	none	0	none	none	none	0	none	none	none	0	none	none	none	0	none	none	none	0	none	none	none	none	none	none	none	none	none	none	none	none	none	none	none	none	none	none	none	none	none	none	none	none	none	none	none	none	none	none	none	none	none	none	none	none	none	none	none	none	none	none	MSS	none
P-0040924	none	none	none	none	Female	none	none	none	none	none	Hispanic	none	none	none	none	none	none	none	none	none	none	none	none	none	WHITE	none	none	none	0	40.833	none	none	none	none	none	none	none	P-0040924-T01-IM6	GIST	Gastrointestinal Stromal Tumor	Gastrointestinal Stromal Tumor	none	none	none	none	none	none	none	Primary	0.29	none	Matched	none	none	P-0040924	none	none	none	0	none	none	none	0	none	none	none	0	none	none	none	0	none	none	none	0	none	none	none	0	none	none	none	0	none	none	none	0	none	none	none	0	none	none	none	0	none	none	none	0	none	none	none	0	none	none	none	0	none	none	none	0	none	none	none	0	none	none	none	0	none	none	none	0	none	none	none	0	none	none	none	0	none	none	none	0	none	none	none	0	none	none	none	0	none	none	none	none	none	none	none	none	none	none	none	none	none	none	none	none	none	none	none	none	none	none	none	none	none	none	none	none	none	none	none	none	none	none	none	none	none	none	none	none	none	none	MSS	none
P-0041718	none	none	none	none	Female	none	none	none	none	none	Not Hispanic	none	none	none	none	none	none	none	none	none	none	none	none	none	WHITE	none	none	none	0	40.636	none	none	none	none	none	none	none	P-0041718-T01-IM6	GIST	Gastrointestinal Stromal Tumor	Gastrointestinal Stromal Tumor	none	none	none	none	none	none	none	Primary	0.23	none	Matched	none	MSKCC	P-0041718	none	none	none	0	none	none	none	0	none	none	none	0	none	none	none	0	none	none	none	0	none	none	none	0	none	none	none	0	none	none	none	0	none	none	none	0	none	none	none	0	none	none	none	0	none	none	none	0	none	none	none	0	none	none	none	0	none	none	none	0	none	none	none	0	none	none	none	0	none	none	none	0	none	none	none	0	none	none	none	0	none	none	none	0	none	none	none	0	none	none	none	none	none	none	none	none	none	none	none	none	none	none	none	none	none	none	none	none	none	none	none	none	none	none	none	none	none	none	none	none	none	none	none	none	none	none	none	none	none	none	MSS	none
P-0042260	none	none	none	none	Female	none	none	none	none	none	Not Hispanic	none	none	none	none	none	none	none	none	none	none	none	none	none	WHITE	none	none	none	0	31.068	none	none	none	none	none	none	none	P-0042260-T02-IM6	GIST	Gastrointestinal Stromal Tumor	Gastrointestinal Stromal Tumor	none	none	none	none	none	none	none	Primary	0.05	none	Matched	none	MSKCC	P-0042260	none	none	none	0	none	none	none	0	none	none	none	0	none	none	none	0	none	none	none	0	none	none	none	0	none	none	none	0	none	none	none	0	none	none	none	0	none	none	none	0	none	none	none	0	none	none	none	0	none	none	none	0	none	none	none	0	none	none	none	0	none	none	none	0	none	none	none	0	none	none	none	0	none	none	none	0	none	none	none	0	none	none	none	0	none	none	none	0	none	none	none	none	none	none	none	none	none	none	none	none	none	none	none	none	none	none	none	none	none	none	none	none	none	none	none	none	none	none	none	none	none	none	none	none	none	none	none	none	none	none	MSS	none
P-0042437	none	none	none	none	Male	none	none	none	none	none	Not Hispanic	none	none	none	none	none	none	none	none	none	none	none	none	none	WHITE	none	none	none	0	36.657	none	none	none	none	none	none	none	P-0042437-T01-IM6	GIST	Gastrointestinal Stromal Tumor	Gastrointestinal Stromal Tumor	none	none	none	none	none	none	none	Primary	0.11	none	Matched	none	none	P-0042437	none	none	none	0	none	none	none	0	none	none	none	0	none	none	none	0	none	none	none	0	none	none	none	0	none	none	none	0	none	none	none	0	none	none	none	0	none	none	none	0	none	none	none	0	none	none	none	0	none	none	none	0	none	none	none	0	none	none	none	0	none	none	none	0	none	none	none	0	none	none	none	0	none	none	none	0	none	none	none	0	none	none	none	0	none	none	none	0	none	none	none	none	none	none	none	none	none	none	none	none	none	none	none	none	none	none	none	none	none	none	none	none	none	none	none	none	none	none	none	none	none	none	none	none	none	none	none	none	none	none	MSS	none
P-0042490	none	none	none	none	Female	none	none	none	none	none	Not Hispanic	none	none	none	none	none	none	none	none	none	none	none	none	none	BLACK OR AFRICAN AMERICAN	none	none	none	0	none	none	none	none	none	none	none	none	P-0042490-T01-IM6	GIST	Gastrointestinal Stromal Tumor	Gastrointestinal Stromal Tumor	none	none	none	none	none	none	none	Primary	0.97	none	Matched	none	MSKCC	P-0042490	none	none	none	0	none	none	none	0	none	none	none	0	none	none	none	1	Missense_Mutation	p.D743E	none	0	none	none	none	0	none	none	none	0	none	none	none	0	none	none	none	0	none	none	none	0	none	none	none	0	none	none	none	0	none	none	none	0	none	none	none	0	none	none	none	0	none	none	none	0	none	none	none	0	none	none	none	0	none	none	none	0	none	none	none	0	none	none	none	0	none	none	none	0	none	none	none	none	none	none	none	none	none	none	none	none	none	none	none	none	none	none	none	none	none	none	none	none	none	none	none	none	none	none	none	none	none	none	none	none	none	none	none	none	none	none	MSI	none
P-0042544	none	none	none	none	Male	none	none	none	none	none	none	none	none	none	none	none	none	none	none	none	none	none	none	none	BLACK OR AFRICAN AMERICAN	none	none	none	0	none	none	none	none	none	none	none	none	P-0042544-T01-IM6	GIST	Gastrointestinal Stromal Tumor	Gastrointestinal Stromal Tumor	none	none	none	none	none	none	none	Primary	0.48	none	Matched	none	Other Institute	P-0042544	none	none	none	0	none	none	none	0	none	none	none	0	none	none	none	0	none	none	none	0	none	none	none	0	none	none	none	0	none	none	none	0	none	none	none	0	none	none	none	0	none	none	none	0	none	none	none	0	none	none	none	0	none	none	none	0	none	none	none	0	none	none	none	0	none	none	none	0	none	none	none	0	none	none	none	0	none	none	none	0	none	none	none	0	none	none	none	0	none	none	none	none	none	none	none	none	none	none	none	none	none	none	none	none	none	none	none	none	none	none	none	none	none	none	none	none	none	none	none	none	none	none	none	none	none	none	none	none	none	none	Indeterminate	none
P-0042549	none	none	none	none	Male	none	none	none	none	none	Not Hispanic	none	none	none	none	none	none	none	none	none	none	none	none	none	WHITE	none	none	none	1	11.079	none	none	none	none	none	none	none	P-0042549-T01-IM6	GIST	Gastrointestinal Stromal Tumor	Gastrointestinal Stromal Tumor	none	none	none	none	none	none	none	Primary	0	none	Matched	none	none	P-0042549	none	none	none	0	none	none	none	0	none	none	none	0	none	none	none	0	none	none	none	0	none	none	none	0	none	none	none	0	none	none	none	0	none	none	none	0	none	none	none	0	none	none	none	0	none	none	none	0	none	none	none	0	none	none	none	0	none	none	none	0	none	none	none	0	none	none	none	0	none	none	none	0	none	none	none	0	none	none	none	0	none	none	none	0	none	none	none	0	none	none	none	none	none	none	none	none	none	none	none	none	none	none	none	none	none	none	none	none	none	none	none	none	none	none	none	none	none	none	none	none	none	none	none	none	none	none	none	none	none	none	MSS	none
P-0042761	none	none	none	none	Female	none	none	none	none	none	Not Hispanic	none	none	none	none	none	none	none	none	none	none	none	none	none	BLACK OR AFRICAN AMERICAN	none	none	none	0	40.373	none	none	none	none	none	none	none	P-0042761-T01-IM6	GIST	Gastrointestinal Stromal Tumor	Gastrointestinal Stromal Tumor	none	none	none	none	none	none	none	Primary	0.47	none	Matched	none	Other Institute	P-0042761	none	none	none	0	none	none	none	0	none	none	none	0	none	none	none	0	none	none	none	0	none	none	none	0	none	none	none	0	none	none	none	0	none	none	none	0	none	none	none	0	none	none	none	0	none	none	none	0	none	none	none	0	none	none	none	0	none	none	none	0	none	none	none	0	none	none	none	0	none	none	none	0	none	none	none	0	none	none	none	0	none	none	none	0	none	none	none	0	none	none	none	none	none	none	none	none	none	none	none	none	none	none	none	none	none	none	none	none	none	none	none	none	none	none	none	none	none	none	none	none	none	none	none	none	none	none	none	none	none	none	Indeterminate	none
P-0043117	none	none	none	none	Female	none	none	none	none	none	Not Hispanic	none	none	none	none	none	none	none	none	none	none	none	none	none	WHITE	none	none	none	0	40.504	none	none	none	none	none	none	none	P-0043117-T01-IM6	GIST	Gastrointestinal Stromal Tumor	Gastrointestinal Stromal Tumor	none	none	none	none	none	none	none	Metastasis	0.65	none	Matched	none	none	P-0043117	none	none	none	0	none	none	none	0	none	none	none	0	none	none	none	0	none	none	none	0	none	none	none	0	none	none	none	0	none	none	none	0	none	none	none	0	none	none	none	0	none	none	none	0	none	none	none	0	none	none	none	0	none	none	none	0	none	none	none	0	none	none	none	0	none	none	none	0	none	none	none	0	none	none	none	0	none	none	none	0	none	none	none	0	none	none	none	0	none	none	none	none	none	none	none	none	none	none	none	none	none	none	none	none	none	none	none	none	none	none	none	none	none	none	none	none	none	none	none	none	none	none	none	none	none	none	none	none	none	none	MSI	none
P-0043343	none	none	none	none	Female	none	none	none	none	none	Not Hispanic	none	none	none	none	none	none	none	none	none	none	none	none	none	BLACK OR AFRICAN AMERICAN	none	none	none	0	38.827	none	none	none	none	none	none	none	P-0043343-T01-IM6	GIST	Gastrointestinal Stromal Tumor	Gastrointestinal Stromal Tumor	none	none	none	none	none	none	none	Primary	0.17	none	Matched	none	MSKCC	P-0043343	none	none	none	0	none	none	none	0	none	none	none	0	none	none	none	0	none	none	none	0	none	none	none	0	none	none	none	0	none	none	none	0	none	none	none	0	none	none	none	0	none	none	none	0	none	none	none	0	none	none	none	0	none	none	none	0	none	none	none	0	none	none	none	0	none	none	none	0	none	none	none	0	none	none	none	0	none	none	none	0	none	none	none	0	none	none	none	0	none	none	none	none	none	none	none	none	none	none	none	none	none	none	none	none	none	none	none	none	none	none	none	none	none	none	none	none	none	none	none	none	none	none	none	none	none	none	none	none	none	none	MSS	none
P-0043409	none	none	none	none	Female	none	none	none	none	none	Not Hispanic	none	none	none	none	none	none	none	none	none	none	none	none	none	WHITE	none	none	none	0	39.814	none	none	none	none	none	none	none	P-0043409-T01-IM6	GIST	Gastrointestinal Stromal Tumor	Gastrointestinal Stromal Tumor	none	none	none	none	none	none	none	Metastasis	0.84	none	Matched	none	MSKCC	P-0043409	none	none	none	0	none	none	none	0	none	none	none	0	none	none	none	0	none	none	none	0	none	none	none	0	none	none	none	0	none	none	none	0	none	none	none	0	none	none	none	0	none	none	none	0	none	none	none	0	none	none	none	0	none	none	none	0	none	none	none	0	none	none	none	0	none	none	none	0	none	none	none	0	none	none	none	0	none	none	none	0	none	none	none	0	none	none	none	0	none	none	none	none	none	none	none	none	none	none	none	none	none	none	none	none	none	none	none	none	none	none	none	none	none	none	none	none	none	none	none	none	none	none	none	none	none	none	none	none	none	none	MSI	none
P-0043479	none	none	none	none	Male	none	none	none	none	none	Not Hispanic	none	none	none	none	none	none	none	none	none	none	none	none	none	WHITE	none	none	none	0	37.644	none	none	none	none	none	none	none	P-0043479-T01-IM6	GIST	Gastrointestinal Stromal Tumor	Gastrointestinal Stromal Tumor	none	none	none	none	none	none	none	Primary	1.13	none	Matched	none	none	P-0043479	none	none	none	0	none	none	none	0	none	none	none	0	none	none	none	0	none	none	none	0	none	none	none	0	none	none	none	0	none	none	none	0	none	none	none	0	none	none	none	0	none	none	none	0	none	none	none	0	none	none	none	0	none	none	none	0	none	none	none	0	none	none	none	0	none	none	none	0	none	none	none	0	none	none	none	0	none	none	none	0	none	none	none	0	none	none	none	0	none	none	none	none	none	none	none	none	none	none	none	none	none	none	none	none	none	none	none	none	none	none	none	none	none	none	none	none	none	none	none	none	none	none	none	none	none	none	none	none	none	none	MSI	none
P-0043673	none	none	none	none	Male	none	none	none	none	none	Not Hispanic	none	none	none	none	none	none	none	none	none	none	none	none	none	WHITE	none	none	none	0	37.973	none	none	none	none	none	none	none	P-0043673-T01-IM6	GIST	Gastrointestinal Stromal Tumor	Gastrointestinal Stromal Tumor	none	none	none	none	none	none	none	Primary	0.18	none	Matched	none	MSKCC	P-0043673	none	none	none	0	none	none	none	0	none	none	none	0	none	none	none	0	none	none	none	0	none	none	none	0	none	none	none	0	none	none	none	0	none	none	none	0	none	none	none	0	none	none	none	0	none	none	none	0	none	none	none	0	none	none	none	0	none	none	none	0	none	none	none	0	none	none	none	0	none	none	none	0	none	none	none	0	none	none	none	0	none	none	none	0	none	none	none	0	none	none	none	none	none	none	none	none	none	none	none	none	none	none	none	none	none	none	none	none	none	none	none	none	none	none	none	none	none	none	none	none	none	none	none	none	none	none	none	none	none	none	MSS	none
P-0043796	none	none	none	none	Male	none	none	none	none	none	Not Hispanic	none	none	none	none	none	none	none	none	none	none	none	none	none	WHITE	none	none	none	0	39.978	none	none	none	none	none	none	none	P-0043796-T01-IM6	GIST	Gastrointestinal Stromal Tumor	Gastrointestinal Stromal Tumor	none	none	none	none	none	none	none	Primary	0.12	none	Matched	none	MSKCC	P-0043796	none	none	none	0	none	none	none	0	none	none	none	0	none	none	none	0	none	none	none	0	none	none	none	0	none	none	none	0	none	none	none	0	none	none	none	0	none	none	none	0	none	none	none	0	none	none	none	0	none	none	none	0	none	none	none	0	none	none	none	0	none	none	none	0	none	none	none	0	none	none	none	0	none	none	none	0	none	none	none	0	none	none	none	0	none	none	none	0	none	none	none	none	none	none	none	none	none	none	none	none	none	none	none	none	none	none	none	none	none	none	none	none	none	none	none	none	none	none	none	none	none	none	none	none	none	none	none	none	none	none	MSS	none
P-0044022	none	none	none	none	Female	none	none	none	none	none	Not Hispanic	none	none	none	none	none	none	none	none	none	none	none	none	none	WHITE	none	none	none	0	1.644	none	none	none	none	none	none	none	P-0044022-T01-IM6	GIST	Gastrointestinal Stromal Tumor	Gastrointestinal Stromal Tumor	none	none	none	none	none	none	none	Metastasis	2.15	none	Matched	none	MSKCC	P-0044022	none	none	none	0	none	none	none	0	none	none	none	0	none	none	none	0	none	none	none	0	none	none	none	0	none	none	none	0	none	none	none	0	none	none	none	0	none	none	none	0	none	none	none	0	none	none	none	0	none	none	none	0	none	none	none	0	none	none	none	0	none	none	none	0	none	none	none	0	none	none	none	0	none	none	none	0	none	none	none	0	none	none	none	0	none	none	none	0	none	none	none	none	none	none	none	none	none	none	none	none	none	none	none	none	none	none	none	none	none	none	none	none	none	none	none	none	none	none	none	none	none	none	none	none	none	none	none	none	none	none	MSI	none
P-0044039	none	none	none	none	Male	none	none	none	none	none	Not Hispanic	none	none	none	none	none	none	none	none	none	none	none	none	none	WHITE	none	none	none	0	38.301	none	none	none	none	none	none	none	P-0044039-T01-IM6	GIST	Gastrointestinal Stromal Tumor	Gastrointestinal Stromal Tumor	none	none	none	none	none	none	none	Primary	none	none	Matched	none	MSKCC	P-0044039	none	none	none	0	none	none	none	0	none	none	none	0	none	none	none	0	none	none	none	0	none	none	none	0	none	none	none	0	none	none	none	0	none	none	none	0	none	none	none	0	none	none	none	0	none	none	none	0	none	none	none	0	none	none	none	0	none	none	none	0	none	none	none	0	none	none	none	0	none	none	none	0	none	none	none	0	none	none	none	0	none	none	none	0	none	none	none	0	none	none	none	none	none	none	none	none	none	none	none	none	none	none	none	none	none	none	none	none	none	none	none	none	none	none	none	none	none	none	none	none	none	none	none	none	none	none	none	none	none	none	none	none
P-0044076	none	none	none	none	Male	none	none	none	none	none	Not Hispanic	none	none	none	none	none	none	none	none	none	none	none	none	none	WHITE	none	none	none	0	9.271	none	none	none	none	none	none	none	P-0044076-T01-IM6	GIST	Gastrointestinal Stromal Tumor	Gastrointestinal Stromal Tumor	none	none	none	none	none	none	none	Metastasis	0.45	none	Matched	none	Other Institute	P-0044076	none	none	none	0	none	none	none	0	none	none	none	0	none	none	none	0	none	none	none	0	none	none	none	0	none	none	none	0	none	none	none	0	none	none	none	0	none	none	none	0	none	none	none	0	none	none	none	0	none	none	none	0	none	none	none	0	none	none	none	0	none	none	none	0	none	none	none	0	none	none	none	0	none	none	none	0	none	none	none	0	none	none	none	0	none	none	none	0	none	none	none	none	none	none	none	none	none	none	none	none	none	none	none	none	none	none	none	none	none	none	none	none	none	none	none	none	none	none	none	none	none	none	none	none	none	none	none	none	none	none	Indeterminate	none
P-0044291	none	none	none	none	Male	none	none	none	none	none	Not Hispanic	none	none	none	none	none	none	none	none	none	none	none	none	none	BLACK OR AFRICAN AMERICAN	none	none	none	0	38.696	none	none	none	none	none	none	none	P-0044291-T01-IM6	GIST	Gastrointestinal Stromal Tumor	Gastrointestinal Stromal Tumor	none	none	none	none	none	none	none	Primary	0.19	none	Matched	none	Other Institute	P-0044291	none	none	none	0	none	none	none	0	none	none	none	0	none	none	none	0	none	none	none	0	none	none	none	0	none	none	none	0	none	none	none	0	none	none	none	0	none	none	none	0	none	none	none	0	none	none	none	0	none	none	none	0	none	none	none	0	none	none	none	0	none	none	none	0	none	none	none	0	none	none	none	0	none	none	none	0	none	none	none	0	none	none	none	0	none	none	none	0	none	none	none	none	none	none	none	none	none	none	none	none	none	none	none	none	none	none	none	none	none	none	none	none	none	none	none	none	none	none	none	none	none	none	none	none	none	none	none	none	none	none	MSS	none
P-0044303	none	none	none	none	Male	none	none	none	none	none	Not Hispanic	none	none	none	none	none	none	none	none	none	none	none	none	none	WHITE	none	none	none	0	37.677	none	none	none	none	none	none	none	P-0044303-T02-IM7	GIST	Gastrointestinal Stromal Tumor	Gastrointestinal Stromal Tumor	none	none	none	none	none	none	none	Primary	3.81	none	Matched	none	MSKCC	P-0044303	none	none	none	0	none	none	none	0	none	none	none	0	none	none	none	0	none	none	none	0	none	none	none	0	none	none	none	0	none	none	none	0	none	none	none	0	none	none	none	0	none	none	none	0	none	none	none	0	none	none	none	0	none	none	none	0	none	none	none	1	Frame_Shift_Ins	p.T176Dfs*8	none	0	none	none	none	0	none	none	none	0	none	none	none	0	none	none	none	0	none	none	none	0	none	none	none	0	none	none	none	none	none	none	none	none	none	none	none	none	none	none	none	none	none	none	none	none	none	none	none	none	none	none	none	none	none	none	none	none	none	none	none	none	none	none	none	none	none	none	MSI	none
P-0044370	none	none	none	none	Female	none	none	none	none	none	Not Hispanic	none	none	none	none	none	none	none	none	none	none	none	none	none	WHITE	none	none	none	0	35.638	none	none	none	none	none	none	none	P-0044370-T01-IM6	GIST	Gastrointestinal Stromal Tumor	Gastrointestinal Stromal Tumor	none	none	none	none	none	none	none	Primary	0.3	none	Matched	none	MSKCC	P-0044370	none	none	none	0	none	none	none	0	none	none	none	0	none	none	none	0	none	none	none	0	none	none	none	0	none	none	none	0	none	none	none	0	none	none	none	0	none	none	none	0	none	none	none	0	none	none	none	0	none	none	none	0	none	none	none	0	none	none	none	0	none	none	none	0	none	none	none	0	none	none	none	0	none	none	none	0	none	none	none	0	none	none	none	0	none	none	none	0	none	none	none	none	none	none	none	none	none	none	none	none	none	none	none	none	none	none	none	none	none	none	none	none	none	none	none	none	none	none	none	none	none	none	none	none	none	none	none	none	none	none	MSS	none
P-0044481	none	none	none	none	Male	none	none	none	none	none	Not Hispanic	none	none	none	none	none	none	none	none	none	none	none	none	none	WHITE	none	none	none	0	none	none	none	none	none	none	none	none	P-0044481-T01-IM6	GIST	Gastrointestinal Stromal Tumor	Gastrointestinal Stromal Tumor	none	none	none	none	none	none	none	Primary	0.14	none	Matched	none	Other Institute	P-0044481	none	none	none	0	none	none	none	0	none	none	none	0	none	none	none	0	none	none	none	0	none	none	none	0	none	none	none	0	none	none	none	0	none	none	none	0	none	none	none	0	none	none	none	0	none	none	none	0	none	none	none	0	none	none	none	0	none	none	none	0	none	none	none	0	none	none	none	0	none	none	none	0	none	none	none	1	Missense_Mutation	p.Y3195C	none	0	none	none	none	0	none	none	none	0	none	none	none	none	none	none	none	none	none	none	none	none	none	none	none	none	none	none	none	none	none	none	none	none	none	none	none	none	none	none	none	none	none	none	none	none	none	none	none	none	none	none	MSS	none
P-0044681	none	none	none	none	Female	none	none	none	none	none	Not Hispanic	none	none	none	none	none	none	none	none	none	none	none	none	none	BLACK OR AFRICAN AMERICAN	none	none	none	1	10.258	none	none	none	none	none	none	none	P-0044681-T05-IM6	GIST	Gastrointestinal Stromal Tumor	Gastrointestinal Stromal Tumor	none	none	none	none	none	none	none	Primary	0	none	Matched	none	MSKCC	P-0044681	none	none	none	0	none	none	none	0	none	none	none	0	none	none	none	0	none	none	none	0	none	none	none	0	none	none	none	0	none	none	none	0	none	none	none	0	none	none	none	0	none	none	none	0	none	none	none	0	none	none	none	0	none	none	none	0	none	none	none	0	none	none	none	0	none	none	none	0	none	none	none	0	none	none	none	0	none	none	none	0	none	none	none	0	none	none	none	0	none	none	none	none	none	none	none	none	none	none	none	none	none	none	none	none	none	none	none	none	none	none	none	none	none	none	none	none	none	none	none	none	none	none	none	none	none	none	none	none	none	none	MSS	none
P-0045138	none	none	none	none	Male	none	none	none	none	none	Not Hispanic	none	none	none	none	none	none	none	none	none	none	none	none	none	WHITE	none	none	none	0	38.597	none	none	none	none	none	none	none	P-0045138-T01-IM6	GIST	Gastrointestinal Stromal Tumor	Gastrointestinal Stromal Tumor	none	none	none	none	none	none	none	Primary	1.08	none	Matched	none	MSKCC	P-0045138	none	none	none	0	none	none	none	0	none	none	none	0	none	none	none	0	none	none	none	0	none	none	none	0	none	none	none	0	none	none	none	0	none	none	none	0	none	none	none	0	none	none	none	0	none	none	none	0	none	none	none	0	none	none	none	0	none	none	none	0	none	none	none	0	none	none	none	0	none	none	none	0	none	none	none	0	none	none	none	0	none	none	none	0	none	none	none	0	none	none	none	none	none	none	none	none	none	none	none	none	none	none	none	none	none	none	none	none	none	none	none	none	none	none	none	none	none	none	none	none	none	none	none	none	none	none	none	none	none	none	MSI	none
P-0045145	none	none	none	none	Male	none	none	none	none	none	Not Hispanic	none	none	none	none	none	none	none	none	none	none	none	none	none	BLACK OR AFRICAN AMERICAN	none	none	none	1	36.197	none	none	none	none	none	none	none	P-0045145-T02-IM7	GIST	Gastrointestinal Stromal Tumor	Gastrointestinal Stromal Tumor	none	none	none	none	none	none	none	Metastasis	1.43	none	Matched	none	MSKCC	P-0045145	none	none	none	0	none	none	none	0	none	none	none	0	none	none	none	0	none	none	none	0	none	none	none	0	none	none	none	0	none	none	none	0	none	none	none	0	none	none	none	0	none	none	none	0	none	none	none	0	none	none	none	0	none	none	none	0	none	none	none	0	none	none	none	0	none	none	none	0	none	none	none	0	none	none	none	0	none	none	none	0	none	none	none	0	none	none	none	0	none	none	none	none	none	none	none	none	none	none	none	none	none	none	none	none	none	none	none	none	none	none	none	none	none	none	none	none	none	none	none	none	none	none	none	none	none	none	none	none	none	none	MSI	none
P-0045178	none	none	none	none	Male	none	none	none	none	none	Not Hispanic	none	none	none	none	none	none	none	none	none	none	none	none	none	WHITE	none	none	none	0	29.359	none	none	none	none	none	none	none	P-0045178-T01-IM6	GIST	Gastrointestinal Stromal Tumor	Gastrointestinal Stromal Tumor	none	none	none	none	none	none	none	Primary	0.32	none	Matched	none	MSKCC	P-0045178	none	none	none	0	none	none	none	0	none	none	none	0	none	none	none	0	none	none	none	0	none	none	none	0	none	none	none	0	none	none	none	0	none	none	none	0	none	none	none	0	none	none	none	0	none	none	none	0	none	none	none	0	none	none	none	0	none	none	none	0	none	none	none	0	none	none	none	0	none	none	none	0	none	none	none	0	none	none	none	0	none	none	none	0	none	none	none	0	none	none	none	none	none	none	none	none	none	none	none	none	none	none	none	none	none	none	none	none	none	none	none	none	none	none	none	none	none	none	none	none	none	none	none	none	none	none	none	none	none	none	MSS	none
P-0045947	none	none	none	none	Female	none	none	none	none	none	Not Hispanic	none	none	none	none	none	none	none	none	none	none	none	none	none	WHITE	none	none	none	0	37.874	none	none	none	none	none	none	none	P-0045947-T02-IM6	GIST	Gastrointestinal Stromal Tumor	Gastrointestinal Stromal Tumor	none	none	none	none	none	none	none	Metastasis	0.71	none	Matched	none	MSKCC	P-0045947	none	none	none	0	none	none	none	0	none	none	none	0	none	none	none	0	none	none	none	0	none	none	none	0	none	none	none	0	none	none	none	0	none	none	none	0	none	none	none	0	none	none	none	0	none	none	none	0	none	none	none	0	none	none	none	0	none	none	none	0	none	none	none	0	none	none	none	0	none	none	none	0	none	none	none	0	none	none	none	0	none	none	none	0	none	none	none	0	none	none	none	none	none	none	none	none	none	none	none	none	none	none	none	none	none	none	none	none	none	none	none	none	none	none	none	none	none	none	none	none	none	none	none	none	none	none	none	none	none	none	MSI	none
P-0045969	none	none	none	none	Female	none	none	none	none	none	Not Hispanic	none	none	none	none	none	none	none	none	none	none	none	none	none	WHITE	none	none	none	0	35.145	none	none	none	none	none	none	none	P-0045969-T02-IM7	GIST	Gastrointestinal Stromal Tumor	Gastrointestinal Stromal Tumor	none	none	none	none	none	none	none	Primary	0.66	none	Matched	none	MSKCC	P-0045969	none	none	none	0	none	none	none	0	none	none	none	0	none	none	none	0	none	none	none	0	none	none	none	0	none	none	none	0	none	none	none	0	none	none	none	0	none	none	none	0	none	none	none	0	none	none	none	0	none	none	none	0	none	none	none	0	none	none	none	0	none	none	none	0	none	none	none	0	none	none	none	0	none	none	none	0	none	none	none	0	none	none	none	0	none	none	none	0	none	none	none	none	none	none	none	none	none	none	none	none	none	none	none	none	none	none	none	none	none	none	none	none	none	none	none	none	none	none	none	none	none	none	none	none	none	none	none	none	none	none	MSI	none
P-0046006	none	none	none	none	Female	none	none	none	none	none	Not Hispanic	none	none	none	none	none	none	none	none	none	none	none	none	none	WHITE	none	none	none	0	34.06	none	none	none	none	none	none	none	P-0046006-T01-IM6	GIST	Gastrointestinal Stromal Tumor	Gastrointestinal Stromal Tumor	none	none	none	none	none	none	none	Primary	0.06	none	Matched	none	MSKCC	P-0046006	none	none	none	0	none	none	none	0	none	none	none	0	none	none	none	0	none	none	none	0	none	none	none	0	none	none	none	0	none	none	none	0	none	none	none	0	none	none	none	0	none	none	none	0	none	none	none	0	none	none	none	0	none	none	none	0	none	none	none	0	none	none	none	0	none	none	none	0	none	none	none	0	none	none	none	0	none	none	none	0	none	none	none	0	none	none	none	0	none	none	none	none	none	none	none	none	none	none	none	none	none	none	none	none	none	none	none	none	none	none	none	none	none	none	none	none	none	none	none	none	none	none	none	none	none	none	none	none	none	none	MSS	none
P-0046084	none	none	none	none	Female	none	none	none	none	none	Not Hispanic	none	none	none	none	none	none	none	none	none	none	none	none	none	WHITE	none	none	none	0	36.362	none	none	none	none	none	none	none	P-0046084-T01-IM6	GIST	Gastrointestinal Stromal Tumor	Gastrointestinal Stromal Tumor	none	none	none	none	none	none	none	Primary	0	none	Matched	none	none	P-0046084	none	none	none	0	none	none	none	0	none	none	none	0	none	none	none	0	none	none	none	0	none	none	none	0	none	none	none	0	none	none	none	0	none	none	none	0	none	none	none	0	none	none	none	0	none	none	none	0	none	none	none	0	none	none	none	0	none	none	none	0	none	none	none	0	none	none	none	0	none	none	none	0	none	none	none	0	none	none	none	0	none	none	none	0	none	none	none	0	none	none	none	none	none	none	none	none	none	none	none	none	none	none	none	none	none	none	none	none	none	none	none	none	none	none	none	none	none	none	none	none	none	none	none	none	none	none	none	none	none	none	MSS	none
P-0046231	none	none	none	none	Male	none	none	none	none	none	Not Hispanic	none	none	none	none	none	none	none	none	none	none	none	none	none	WHITE	none	none	none	0	33.37	none	none	none	none	none	none	none	P-0046231-T01-IM6	GIST	Gastrointestinal Stromal Tumor	Gastrointestinal Stromal Tumor	none	none	none	none	none	none	none	Primary	0.06	none	Matched	none	MSKCC	P-0046231	none	none	none	0	none	none	none	0	none	none	none	0	none	none	none	0	none	none	none	0	none	none	none	0	none	none	none	0	none	none	none	0	none	none	none	1	Nonsense_Mutation	p.G1746*	none	0	none	none	none	0	none	none	none	0	none	none	none	0	none	none	none	0	none	none	none	0	none	none	none	0	none	none	none	0	none	none	none	0	none	none	none	0	none	none	none	0	none	none	none	0	none	none	none	0	none	none	none	none	none	none	none	none	none	none	none	none	none	none	none	none	none	none	none	none	none	none	none	none	none	none	none	none	none	none	none	none	none	none	none	none	none	none	none	none	none	none	MSS	none
P-0046251	none	none	none	none	Male	none	none	none	none	none	Not Hispanic	none	none	none	none	none	none	none	none	none	none	none	none	none	WHITE	none	none	none	0	37.644	none	none	none	none	none	none	none	P-0046251-T01-IM6	GIST	Gastrointestinal Stromal Tumor	Gastrointestinal Stromal Tumor	none	none	none	none	none	none	none	Primary	1.85	none	Matched	none	MSKCC	P-0046251	none	none	none	0	none	none	none	0	none	none	none	0	none	none	none	0	none	none	none	0	none	none	none	0	none	none	none	0	none	none	none	0	none	none	none	0	none	none	none	0	none	none	none	0	none	none	none	0	none	none	none	0	none	none	none	0	none	none	none	0	none	none	none	0	none	none	none	0	none	none	none	0	none	none	none	0	none	none	none	0	none	none	none	0	none	none	none	0	none	none	none	none	none	none	none	none	none	none	none	none	none	none	none	none	none	none	none	none	none	none	none	none	none	none	none	none	none	none	none	none	none	none	none	none	none	none	none	none	none	none	MSI	none
P-0046440	none	none	none	none	Female	none	none	none	none	none	Not Hispanic	none	none	none	none	none	none	none	none	none	none	none	none	none	WHITE	none	none	none	0	37.249	none	none	none	none	none	none	none	P-0046440-T01-IM6	GIST	Gastrointestinal Stromal Tumor	Gastrointestinal Stromal Tumor	none	none	none	none	none	none	none	Metastasis	0.07	none	Matched	none	MSKCC	P-0046440	none	none	none	0	none	none	none	0	none	none	none	0	none	none	none	0	none	none	none	0	none	none	none	0	none	none	none	0	none	none	none	0	none	none	none	0	none	none	none	0	none	none	none	0	none	none	none	0	none	none	none	0	none	none	none	0	none	none	none	0	none	none	none	0	none	none	none	0	none	none	none	0	none	none	none	0	none	none	none	0	none	none	none	0	none	none	none	0	none	none	none	none	none	none	none	none	none	none	none	none	none	none	none	none	none	none	none	none	none	none	none	none	none	none	none	none	none	none	none	none	none	none	none	none	none	none	none	none	none	none	MSS	none
P-0046483	none	none	none	none	Female	none	none	none	none	none	Not Hispanic	none	none	none	none	none	none	none	none	none	none	none	none	none	PT REFUSED TO ANSWER	none	none	none	0	34.488	none	none	none	none	none	none	none	P-0046483-T01-IM6	GIST	Gastrointestinal Stromal Tumor	Gastrointestinal Stromal Tumor	none	none	none	none	none	none	none	Primary	0	none	Matched	none	MOUNT SINAI LABORATORY,DEPARTMENT OF PATHOLOGY,ONE GUSTAVE L. LEVY PLACE,NEW YORK, NY 10029	P-0046483	none	none	none	0	none	none	none	0	none	none	none	0	none	none	none	0	none	none	none	0	none	none	none	0	none	none	none	0	none	none	none	0	none	none	none	0	none	none	none	0	none	none	none	0	none	none	none	0	none	none	none	0	none	none	none	0	none	none	none	0	none	none	none	0	none	none	none	0	none	none	none	0	none	none	none	0	none	none	none	0	none	none	none	0	none	none	none	0	none	none	none	none	none	none	none	none	none	none	none	none	none	none	none	none	none	none	none	none	none	none	none	none	none	none	none	none	none	none	none	none	none	none	none	none	none	none	none	none	none	none	MSS	none
P-0046896	none	none	none	none	Male	none	none	none	none	none	Not Hispanic	none	none	none	none	none	none	none	none	none	none	none	none	none	PT REFUSED TO ANSWER	none	none	none	0	37.151	none	none	none	none	none	none	none	P-0046896-T01-IM6	GIST	Gastrointestinal Stromal Tumor	Gastrointestinal Stromal Tumor	none	none	none	none	none	none	none	Primary	0	none	Matched	none	MSKCC	P-0046896	none	none	none	0	none	none	none	0	none	none	none	0	none	none	none	0	none	none	none	0	none	none	none	0	none	none	none	0	none	none	none	0	none	none	none	0	none	none	none	0	none	none	none	0	none	none	none	0	none	none	none	0	none	none	none	0	none	none	none	0	none	none	none	0	none	none	none	0	none	none	none	0	none	none	none	0	none	none	none	0	none	none	none	0	none	none	none	0	none	none	none	none	none	none	none	none	none	none	none	none	none	none	none	none	none	none	none	none	none	none	none	none	none	none	none	none	none	none	none	none	none	none	none	none	none	none	none	none	none	none	MSS	none
P-0047153	none	none	none	none	Female	none	none	none	none	none	Not Hispanic	none	none	none	none	none	none	none	none	none	none	none	none	none	WHITE	none	none	none	0	35.638	none	none	none	none	none	none	none	P-0047153-T01-IM6	GIST	Gastrointestinal Stromal Tumor	Gastrointestinal Stromal Tumor	none	none	none	none	none	none	none	Primary	0	none	Matched	none	MSKCC	P-0047153	none	none	none	0	none	none	none	0	none	none	none	0	none	none	none	0	none	none	none	0	none	none	none	0	none	none	none	0	none	none	none	0	none	none	none	0	none	none	none	0	none	none	none	0	none	none	none	0	none	none	none	0	none	none	none	0	none	none	none	0	none	none	none	0	none	none	none	0	none	none	none	0	none	none	none	0	none	none	none	0	none	none	none	0	none	none	none	0	none	none	none	none	none	none	none	none	none	none	none	none	none	none	none	none	none	none	none	none	none	none	none	none	none	none	none	none	none	none	none	none	none	none	none	none	none	none	none	none	none	none	MSS	none
P-0047159	none	none	none	none	Female	none	none	none	none	none	Not Hispanic	none	none	none	none	none	none	none	none	none	none	none	none	none	WHITE	none	none	none	0	31.496	none	none	none	none	none	none	none	P-0047159-T01-IM6	GIST	Gastrointestinal Stromal Tumor	Gastrointestinal Stromal Tumor	none	none	none	none	none	none	none	Primary	0.12	none	Matched	none	MSKCC	P-0047159	none	none	none	0	none	none	none	0	none	none	none	0	none	none	none	0	none	none	none	0	none	none	none	0	none	none	none	0	none	none	none	0	none	none	none	0	none	none	none	0	none	none	none	0	none	none	none	0	none	none	none	0	none	none	none	0	none	none	none	0	none	none	none	0	none	none	none	0	none	none	none	0	none	none	none	0	none	none	none	0	none	none	none	0	none	none	none	0	none	none	none	none	none	none	none	none	none	none	none	none	none	none	none	none	none	none	none	none	none	none	none	none	none	none	none	none	none	none	none	none	none	none	none	none	none	none	none	none	none	none	MSS	none
P-0047565	none	none	none	none	Female	none	none	none	none	none	Not Hispanic	none	none	none	none	none	none	none	none	none	none	none	none	none	WHITE	none	none	none	0	35.868	none	none	none	none	none	none	none	P-0047565-T01-IM6	GIST	Gastrointestinal Stromal Tumor	Gastrointestinal Stromal Tumor	none	none	none	none	none	none	none	Primary	2.05	none	Matched	none	none	P-0047565	none	none	none	0	none	none	none	1	Missense_Mutation	p.R273H	none	0	none	none	none	0	none	none	none	0	none	none	none	0	none	none	none	0	none	none	none	0	none	none	none	0	none	none	none	0	none	none	none	0	none	none	none	0	none	none	none	0	none	none	none	0	none	none	none	1	Missense_Mutation	p.G1850V	none	0	none	none	none	0	none	none	none	0	none	none	none	0	none	none	none	0	none	none	none	0	none	none	none	0	none	none	none	none	none	none	none	none	none	none	none	none	none	none	none	none	none	none	none	none	none	none	none	none	none	none	none	none	none	none	none	none	none	none	none	none	none	none	none	none	none	none	MSI	none
P-0047600	none	none	none	none	Female	none	none	none	none	none	Not Hispanic	none	none	none	none	none	none	none	none	none	none	none	none	none	ASIAN-FAR EAST/INDIAN SUBCONT	none	none	none	0	16.438	none	none	none	none	none	none	none	P-0047600-T01-IM6	GIST	Gastrointestinal Stromal Tumor	Gastrointestinal Stromal Tumor	none	none	none	none	none	none	none	Primary	1.11	none	Matched	none	MSKCC	P-0047600	none	none	none	0	none	none	none	0	none	none	none	0	none	none	none	0	none	none	none	0	none	none	none	0	none	none	none	0	none	none	none	0	none	none	none	0	none	none	none	0	none	none	none	0	none	none	none	0	none	none	none	0	none	none	none	0	none	none	none	0	none	none	none	0	none	none	none	0	none	none	none	0	none	none	none	0	none	none	none	0	none	none	none	0	none	none	none	0	none	none	none	none	none	none	none	none	none	none	none	none	none	none	none	none	none	none	none	none	none	none	none	none	none	none	none	none	none	none	none	none	none	none	none	none	none	none	none	none	none	none	MSI	none
P-0048006	none	none	none	none	Male	none	none	none	none	none	Not Hispanic	none	none	none	none	none	none	none	none	none	none	none	none	none	WHITE	none	none	none	0	31.66	none	none	none	none	none	none	none	P-0048006-T01-IM6	GIST	Gastrointestinal Stromal Tumor	Gastrointestinal Stromal Tumor	none	none	none	none	none	none	none	Primary	1.2	none	Matched	none	none	P-0048006	none	none	none	0	none	none	none	0	none	none	none	0	none	none	none	0	none	none	none	0	none	none	none	0	none	none	none	0	none	none	none	0	none	none	none	0	none	none	none	0	none	none	none	0	none	none	none	0	none	none	none	0	none	none	none	0	none	none	none	0	none	none	none	0	none	none	none	0	none	none	none	0	none	none	none	0	none	none	none	0	none	none	none	0	none	none	none	0	none	none	none	none	none	none	none	none	none	none	none	none	none	none	none	none	none	none	none	none	none	none	none	none	none	none	none	none	none	none	none	none	none	none	none	none	none	none	none	none	none	none	MSI	none
P-0048138	none	none	none	none	Male	none	none	none	none	none	Not Hispanic	none	none	none	none	none	none	none	none	none	none	none	none	none	ASIAN-FAR EAST/INDIAN SUBCONT	none	none	none	0	9.929	none	none	none	none	none	none	none	P-0048138-T03-IM6	GIST	Gastrointestinal Stromal Tumor	Gastrointestinal Stromal Tumor	none	none	none	none	none	none	none	Metastasis	0.26	none	Matched	none	MSKCC	P-0048138	none	none	none	0	none	none	none	0	none	none	none	0	none	none	none	0	none	none	none	0	none	none	none	0	none	none	none	0	none	none	none	0	none	none	none	0	none	none	none	0	none	none	none	0	none	none	none	0	none	none	none	0	none	none	none	0	none	none	none	0	none	none	none	0	none	none	none	0	none	none	none	0	none	none	none	0	none	none	none	0	none	none	none	0	none	none	none	0	none	none	none	none	none	none	none	none	none	none	none	none	none	none	none	none	none	none	none	none	none	none	none	none	none	none	none	none	none	none	none	none	none	none	none	none	none	none	none	none	none	none	MSS	none
P-0048280	none	none	none	none	Male	none	none	none	none	none	Not Hispanic	none	none	none	none	none	none	none	none	none	none	none	none	none	WHITE	none	none	none	1	7.595	none	none	none	none	none	none	none	P-0048280-T02-IM6	GIST	Gastrointestinal Stromal Tumor	Gastrointestinal Stromal Tumor	none	none	none	none	none	none	none	Primary	1.47	none	Matched	none	none	P-0048280	none	none	none	0	none	none	none	0	none	none	none	0	none	none	none	0	none	none	none	0	none	none	none	0	none	none	none	0	none	none	none	0	none	none	none	0	none	none	none	0	none	none	none	0	none	none	none	0	none	none	none	0	none	none	none	0	none	none	none	0	none	none	none	0	none	none	none	0	none	none	none	0	none	none	none	0	none	none	none	0	none	none	none	0	none	none	none	0	none	none	none	none	none	none	none	none	none	none	none	none	none	none	none	none	none	none	none	none	none	none	none	none	none	none	none	none	none	none	none	none	none	none	none	none	none	none	none	none	none	none	MSI	none
P-0048547	none	none	none	none	Female	none	none	none	none	none	Not Hispanic	none	none	none	none	none	none	none	none	none	none	none	none	none	WHITE	none	none	none	0	32.877	none	none	none	none	none	none	none	P-0048547-T01-IM6	GIST	Gastrointestinal Stromal Tumor	Gastrointestinal Stromal Tumor	none	none	none	none	none	none	none	Metastasis	0	none	Matched	none	MSKCC	P-0048547	none	none	none	0	none	none	none	0	none	none	none	0	none	none	none	1	Missense_Mutation	p.E453K	none	0	none	none	none	0	none	none	none	0	none	none	none	0	none	none	none	0	none	none	none	0	none	none	none	0	none	none	none	0	none	none	none	0	none	none	none	0	none	none	none	0	none	none	none	0	none	none	none	0	none	none	none	0	none	none	none	0	none	none	none	0	none	none	none	0	none	none	none	0	none	none	none	none	none	none	none	none	none	none	none	none	none	none	none	none	none	none	none	none	none	none	none	none	none	none	none	none	none	none	none	none	none	none	none	none	none	none	none	none	none	none	MSS	none
P-0048586	none	none	none	none	Female	none	none	none	none	none	Hispanic	none	none	none	none	none	none	none	none	none	none	none	none	none	WHITE	none	none	none	0	none	none	none	none	none	none	none	none	P-0048586-T01-IM6	GIST	Gastrointestinal Stromal Tumor	Gastrointestinal Stromal Tumor	none	none	none	none	none	none	none	Primary	0.19	none	Matched	none	none	P-0048586	none	none	none	0	none	none	none	0	none	none	none	0	none	none	none	0	none	none	none	0	none	none	none	0	none	none	none	0	none	none	none	0	none	none	none	0	none	none	none	0	none	none	none	0	none	none	none	0	none	none	none	0	none	none	none	0	none	none	none	0	none	none	none	0	none	none	none	0	none	none	none	0	none	none	none	0	none	none	none	0	none	none	none	0	none	none	none	0	none	none	none	none	none	none	none	none	none	none	none	none	none	none	none	none	none	none	none	none	none	none	none	none	none	none	none	none	none	none	none	none	none	none	none	none	none	none	none	none	none	none	MSS	none
P-0048771	none	none	none	none	Male	none	none	none	none	none	Not Hispanic	none	none	none	none	none	none	none	none	none	none	none	none	none	WHITE	none	none	none	0	34.784	none	none	none	none	none	none	none	P-0048771-T01-IM6	GIST	Gastrointestinal Stromal Tumor	Gastrointestinal Stromal Tumor	none	none	none	none	none	none	none	Primary	1.7	none	Matched	none	MSKCC	P-0048771	none	none	none	0	none	none	none	0	none	none	none	0	none	none	none	0	none	none	none	0	none	none	none	0	none	none	none	0	none	none	none	0	none	none	none	0	none	none	none	0	none	none	none	0	none	none	none	0	none	none	none	0	none	none	none	0	none	none	none	0	none	none	none	0	none	none	none	0	none	none	none	0	none	none	none	0	none	none	none	0	none	none	none	0	none	none	none	0	none	none	none	none	none	none	none	none	none	none	none	none	none	none	none	none	none	none	none	none	none	none	none	none	none	none	none	none	none	none	none	none	none	none	none	none	none	none	none	none	none	none	MSI	none
P-0048853	none	none	none	none	Male	none	none	none	none	none	Not Hispanic	none	none	none	none	none	none	none	none	none	none	none	none	none	WHITE	none	none	none	0	35.441	none	none	none	none	none	none	none	P-0048853-T01-IM6	GIST	Gastrointestinal Stromal Tumor	Gastrointestinal Stromal Tumor	none	none	none	none	none	none	none	Metastasis	0	none	Matched	none	MOUNT SINAI LABORATORY,DEPARTMENT OF PATHOLOGY,ONE GUSTAVE L. LEVY PLACE,NEW YORK, NY 10029	P-0048853	none	none	none	0	none	none	none	0	none	none	none	0	none	none	none	0	none	none	none	0	none	none	none	0	none	none	none	0	none	none	none	0	none	none	none	0	none	none	none	0	none	none	none	0	none	none	none	0	none	none	none	0	none	none	none	0	none	none	none	0	none	none	none	0	none	none	none	0	none	none	none	0	none	none	none	0	none	none	none	0	none	none	none	0	none	none	none	0	none	none	none	none	none	none	none	none	none	none	none	none	none	none	none	none	none	none	none	none	none	none	none	none	none	none	none	none	none	none	none	none	none	none	none	none	none	none	none	none	none	none	MSS	none
P-0048953	none	none	none	none	Male	none	none	none	none	none	Not Hispanic	none	none	none	none	none	none	none	none	none	none	none	none	none	WHITE	none	none	none	1	2.236	none	none	none	none	none	none	none	P-0048953-T01-IM6	GIST	Gastrointestinal Stromal Tumor	Gastrointestinal Stromal Tumor	none	none	none	none	none	none	none	Metastasis	1.52	none	Matched	none	none	P-0048953	none	none	none	0	none	none	none	0	none	none	none	0	none	none	none	0	none	none	none	0	none	none	none	0	none	none	none	0	none	none	none	0	none	none	none	0	none	none	none	0	none	none	none	0	none	none	none	0	none	none	none	0	none	none	none	0	none	none	none	1	Missense_Mutation	p.P589L	none	0	none	none	none	0	none	none	none	0	none	none	none	0	none	none	none	0	none	none	none	0	none	none	none	0	none	none	none	none	none	none	none	none	none	none	none	none	none	none	none	none	none	none	none	none	none	none	none	none	none	none	none	none	none	none	none	none	none	none	none	none	none	none	none	none	none	none	MSI	none
P-0048983	none	none	none	none	Female	none	none	none	none	none	none	none	none	none	none	none	none	none	none	none	none	none	none	none	WHITE	none	none	none	1	6.773	none	none	none	none	none	none	none	P-0048983-T01-IM6	GIST	Gastrointestinal Stromal Tumor	Gastrointestinal Stromal Tumor	none	none	none	none	none	none	none	Metastasis	1.64	none	Matched	none	none	P-0048983	none	none	none	0	none	none	none	0	none	none	none	0	none	none	none	0	none	none	none	0	none	none	none	0	none	none	none	0	none	none	none	0	none	none	none	0	none	none	none	0	none	none	none	0	none	none	none	0	none	none	none	0	none	none	none	0	none	none	none	0	none	none	none	0	none	none	none	0	none	none	none	0	none	none	none	0	none	none	none	0	none	none	none	0	none	none	none	0	none	none	none	none	none	none	none	none	none	none	none	none	none	none	none	none	none	none	none	none	none	none	none	none	none	none	none	none	none	none	none	none	none	none	none	none	none	none	none	none	none	none	MSI	none
P-0049529	none	none	none	none	Male	none	none	none	none	none	Not Hispanic	none	none	none	none	none	none	none	none	none	none	none	none	none	WHITE	none	none	none	0	30.411	none	none	none	none	none	none	none	P-0049529-T01-IM6	GIST	Gastrointestinal Stromal Tumor	Gastrointestinal Stromal Tumor	none	none	none	none	none	none	none	Primary	0.35	none	Matched	none	MSKCC	P-0049529	none	none	none	0	none	none	none	0	none	none	none	0	none	none	none	0	none	none	none	0	none	none	none	0	none	none	none	0	none	none	none	0	none	none	none	0	none	none	none	0	none	none	none	0	none	none	none	0	none	none	none	0	none	none	none	0	none	none	none	0	none	none	none	0	none	none	none	0	none	none	none	0	none	none	none	0	none	none	none	0	none	none	none	0	none	none	none	0	none	none	none	none	none	none	none	none	none	none	none	none	none	none	none	none	none	none	none	none	none	none	none	none	none	none	none	none	none	none	none	none	none	none	none	none	none	none	none	none	none	none	MSS	none
P-0049621	none	none	none	none	Male	none	none	none	none	none	Not Hispanic	none	none	none	none	none	none	none	none	none	none	none	none	none	WHITE	none	none	none	0	28.964	none	none	none	none	none	none	none	P-0049621-T01-IM6	GIST	Gastrointestinal Stromal Tumor	Gastrointestinal Stromal Tumor	none	none	none	none	none	none	none	Primary	0.05	none	Matched	none	MSKCC	P-0049621	none	none	none	0	none	none	none	0	none	none	none	0	none	none	none	0	none	none	none	0	none	none	none	0	none	none	none	0	none	none	none	0	none	none	none	0	none	none	none	0	none	none	none	0	none	none	none	0	none	none	none	0	none	none	none	0	none	none	none	0	none	none	none	0	none	none	none	0	none	none	none	0	none	none	none	0	none	none	none	0	none	none	none	0	none	none	none	0	none	none	none	none	none	none	none	none	none	none	none	none	none	none	none	none	none	none	none	none	none	none	none	none	none	none	none	none	none	none	none	none	none	none	none	none	none	none	none	none	none	none	MSS	none
P-0049663	none	none	none	none	Female	none	none	none	none	none	Not Hispanic	none	none	none	none	none	none	none	none	none	none	none	none	none	WHITE	none	none	none	1	3.912	none	none	none	none	none	none	none	P-0049663-T01-IM6	GIST	Gastrointestinal Stromal Tumor	Gastrointestinal Stromal Tumor	none	none	none	none	none	none	none	Primary	0.86	none	Matched	none	none	P-0049663	none	none	none	0	none	none	none	0	none	none	none	0	none	none	none	0	none	none	none	0	none	none	none	0	none	none	none	0	none	none	none	0	none	none	none	0	none	none	none	0	none	none	none	0	none	none	none	0	none	none	none	0	none	none	none	0	none	none	none	0	none	none	none	0	none	none	none	0	none	none	none	0	none	none	none	0	none	none	none	0	none	none	none	0	none	none	none	0	none	none	none	none	none	none	none	none	none	none	none	none	none	none	none	none	none	none	none	none	none	none	none	none	none	none	none	none	none	none	none	none	none	none	none	none	none	none	none	none	none	none	MSI	none
P-0049899	none	none	none	none	Female	none	none	none	none	none	Not Hispanic	none	none	none	none	none	none	none	none	none	none	none	none	none	WHITE	none	none	none	0	33.6	none	none	none	none	none	none	none	P-0049899-T02-IM7	GIST	Gastrointestinal Stromal Tumor	Gastrointestinal Stromal Tumor	none	none	none	none	none	none	none	Local Recurrence	2.22	none	Matched	none	MSKCC	P-0049899	none	none	none	0	none	none	none	0	none	none	none	0	none	none	none	0	none	none	none	0	none	none	none	0	none	none	none	0	none	none	none	0	none	none	none	0	none	none	none	0	none	none	none	0	none	none	none	0	none	none	none	0	none	none	none	0	none	none	none	0	none	none	none	0	none	none	none	0	none	none	none	0	none	none	none	0	none	none	none	0	none	none	none	0	none	none	none	0	none	none	none	none	none	none	none	none	none	none	none	none	none	none	none	none	none	none	none	none	none	none	none	none	none	none	none	none	none	none	none	none	none	none	none	none	none	none	none	none	none	none	MSI	none
P-0049934	none	none	none	none	Male	none	none	none	none	none	Not Hispanic	none	none	none	none	none	none	none	none	none	none	none	none	none	BLACK OR AFRICAN AMERICAN	none	none	none	0	33.764	none	none	none	none	none	none	none	P-0049934-T01-IM6	GIST	Gastrointestinal Stromal Tumor	Gastrointestinal Stromal Tumor	none	none	none	none	none	none	none	Primary	0	none	Matched	none	none	P-0049934	none	none	none	0	none	none	none	0	none	none	none	0	none	none	none	0	none	none	none	0	none	none	none	0	none	none	none	0	none	none	none	0	none	none	none	0	none	none	none	0	none	none	none	0	none	none	none	0	none	none	none	0	none	none	none	0	none	none	none	0	none	none	none	0	none	none	none	0	none	none	none	0	none	none	none	0	none	none	none	0	none	none	none	0	none	none	none	0	none	none	none	none	none	none	none	none	none	none	none	none	none	none	none	none	none	none	none	none	none	none	none	none	none	none	none	none	none	none	none	none	none	none	none	none	none	none	none	none	none	none	MSS	none
P-0050110	none	none	none	none	Male	none	none	none	none	none	Not Hispanic	none	none	none	none	none	none	none	none	none	none	none	none	none	WHITE	none	none	none	1	20.975	none	none	none	none	none	none	none	P-0050110-T02-IM6	GIST	Gastrointestinal Stromal Tumor	Gastrointestinal Stromal Tumor	none	none	none	none	none	none	none	Primary	0.96	none	Matched	none	MSKCC	P-0050110	none	none	none	0	none	none	none	0	none	none	none	0	none	none	none	0	none	none	none	0	none	none	none	0	none	none	none	0	none	none	none	0	none	none	none	0	none	none	none	0	none	none	none	0	none	none	none	0	none	none	none	0	none	none	none	0	none	none	none	0	none	none	none	0	none	none	none	0	none	none	none	0	none	none	none	1	Missense_Mutation	p.G2133S	none	0	none	none	none	0	none	none	none	0	none	none	none	none	none	none	none	none	none	none	none	none	none	none	none	none	none	none	none	none	none	none	none	none	none	none	none	none	none	none	none	none	none	none	none	none	none	none	none	none	none	none	MSI	none
P-0050211	none	none	none	none	Male	none	none	none	none	none	Not Hispanic	none	none	none	none	none	none	none	none	none	none	none	none	none	WHITE	none	none	none	0	13.151	none	none	none	none	none	none	none	P-0050211-T01-IM6	GIST	Gastrointestinal Stromal Tumor	Gastrointestinal Stromal Tumor	none	none	none	none	none	none	none	Primary	1.12	none	Matched	none	MSKCC	P-0050211	none	none	none	0	none	none	none	0	none	none	none	0	none	none	none	0	none	none	none	0	none	none	none	0	none	none	none	0	none	none	none	0	none	none	none	0	none	none	none	0	none	none	none	0	none	none	none	0	none	none	none	0	none	none	none	0	none	none	none	0	none	none	none	0	none	none	none	0	none	none	none	0	none	none	none	0	none	none	none	0	none	none	none	0	none	none	none	0	none	none	none	none	none	none	none	none	none	none	none	none	none	none	none	none	none	none	none	none	none	none	none	none	none	none	none	none	none	none	none	none	none	none	none	none	none	none	none	none	none	none	MSI	none
P-0050450	none	none	none	none	Female	none	none	none	none	none	Not Hispanic	none	none	none	none	none	none	none	none	none	none	none	none	none	WHITE	none	none	none	0	31.43	none	none	none	none	none	none	none	P-0050450-T01-IM6	GIST	Gastrointestinal Stromal Tumor	Gastrointestinal Stromal Tumor	none	none	none	none	none	none	none	Primary	0	none	Matched	none	none	P-0050450	none	none	none	0	none	none	none	0	none	none	none	0	none	none	none	0	none	none	none	0	none	none	none	0	none	none	none	0	none	none	none	0	none	none	none	0	none	none	none	0	none	none	none	0	none	none	none	0	none	none	none	0	none	none	none	0	none	none	none	0	none	none	none	0	none	none	none	0	none	none	none	0	none	none	none	0	none	none	none	0	none	none	none	0	none	none	none	0	none	none	none	none	none	none	none	none	none	none	none	none	none	none	none	none	none	none	none	none	none	none	none	none	none	none	none	none	none	none	none	none	none	none	none	none	none	none	none	none	none	none	MSS	none
P-0050457	none	none	none	none	Female	none	none	none	none	none	Not Hispanic	none	none	none	none	none	none	none	none	none	none	none	none	none	ASIAN-FAR EAST/INDIAN SUBCONT	none	none	none	0	33.534	none	none	none	none	none	none	none	P-0050457-T01-IM6	GIST	Gastrointestinal Stromal Tumor	Gastrointestinal Stromal Tumor	none	none	none	none	none	none	none	Primary	0	none	Matched	none	MSKCC	P-0050457	none	none	none	0	none	none	none	0	none	none	none	0	none	none	none	0	none	none	none	0	none	none	none	0	none	none	none	0	none	none	none	0	none	none	none	0	none	none	none	0	none	none	none	0	none	none	none	0	none	none	none	0	none	none	none	0	none	none	none	0	none	none	none	0	none	none	none	0	none	none	none	0	none	none	none	0	none	none	none	0	none	none	none	0	none	none	none	0	none	none	none	none	none	none	none	none	none	none	none	none	none	none	none	none	none	none	none	none	none	none	none	none	none	none	none	none	none	none	none	none	none	none	none	none	none	none	none	none	none	none	MSS	none
P-0050865	none	none	none	none	Female	none	none	none	none	none	Not Hispanic	none	none	none	none	none	none	none	none	none	none	none	none	none	WHITE	none	none	none	0	33.173	none	none	none	none	none	none	none	P-0050865-T04-IM6	GIST	Gastrointestinal Stromal Tumor	Gastrointestinal Stromal Tumor	none	none	none	none	none	none	none	Primary	0.05	none	Matched	none	MSKCC	P-0050865	none	none	none	0	none	none	none	0	none	none	none	0	none	none	none	0	none	none	none	0	none	none	none	0	none	none	none	0	none	none	none	0	none	none	none	0	none	none	none	0	none	none	none	0	none	none	none	0	none	none	none	0	none	none	none	0	none	none	none	0	none	none	none	0	none	none	none	0	none	none	none	0	none	none	none	0	none	none	none	0	none	none	none	0	none	none	none	0	none	none	none	none	none	none	none	none	none	none	none	none	none	none	none	none	none	none	none	none	none	none	none	none	none	none	none	none	none	none	none	none	none	none	none	none	none	none	none	none	none	none	MSS	none
P-0051089	none	none	none	none	Male	none	none	none	none	none	Not Hispanic	none	none	none	none	none	none	none	none	none	none	none	none	none	WHITE	none	none	none	0	30.247	none	none	none	none	none	none	none	P-0051089-T01-IM6	GIST	Gastrointestinal Stromal Tumor	Gastrointestinal Stromal Tumor	none	none	none	none	none	none	none	Primary	0.2	none	Matched	none	MSKCC	P-0051089	none	none	none	0	none	none	none	0	none	none	none	0	none	none	none	0	none	none	none	0	none	none	none	0	none	none	none	0	none	none	none	0	none	none	none	0	none	none	none	0	none	none	none	0	none	none	none	0	none	none	none	0	none	none	none	0	none	none	none	0	none	none	none	0	none	none	none	0	none	none	none	0	none	none	none	0	none	none	none	0	none	none	none	0	none	none	none	0	none	none	none	none	none	none	none	none	none	none	none	none	none	none	none	none	none	none	none	none	none	none	none	none	none	none	none	none	none	none	none	none	none	none	none	none	none	none	none	none	none	none	MSS	none
P-0051271	none	none	none	none	Female	none	none	none	none	none	Not Hispanic	none	none	none	none	none	none	none	none	none	none	none	none	none	BLACK OR AFRICAN AMERICAN	none	none	none	0	33.14	none	none	none	none	none	none	none	P-0051271-T01-IM6	GIST	Gastrointestinal Stromal Tumor	Gastrointestinal Stromal Tumor	none	none	none	none	none	none	none	Metastasis	1.67	none	Matched	none	none	P-0051271	none	none	none	0	none	none	none	0	none	none	none	0	none	none	none	0	none	none	none	0	none	none	none	0	none	none	none	0	none	none	none	0	none	none	none	0	none	none	none	0	none	none	none	0	none	none	none	0	none	none	none	0	none	none	none	0	none	none	none	0	none	none	none	0	none	none	none	0	none	none	none	0	none	none	none	0	none	none	none	0	none	none	none	0	none	none	none	0	none	none	none	none	none	none	none	none	none	none	none	none	none	none	none	none	none	none	none	none	none	none	none	none	none	none	none	none	none	none	none	none	none	none	none	none	none	none	none	none	none	none	MSI	none
P-0051347	none	none	none	none	Female	none	none	none	none	none	Not Hispanic	none	none	none	none	none	none	none	none	none	none	none	none	none	WHITE	none	none	none	0	30.279	none	none	none	none	none	none	none	P-0051347-T01-IM6	GIST	Gastrointestinal Stromal Tumor	Gastrointestinal Stromal Tumor	none	none	none	none	none	none	none	Primary	0.15	none	Matched	none	none	P-0051347	none	none	none	0	none	none	none	0	none	none	none	0	none	none	none	0	none	none	none	0	none	none	none	0	none	none	none	0	none	none	none	0	none	none	none	0	none	none	none	0	none	none	none	0	none	none	none	0	none	none	none	0	none	none	none	0	none	none	none	0	none	none	none	0	none	none	none	0	none	none	none	0	none	none	none	0	none	none	none	0	none	none	none	0	none	none	none	0	none	none	none	none	none	none	none	none	none	none	none	none	none	none	none	none	none	none	none	none	none	none	none	none	none	none	none	none	none	none	none	none	none	none	none	none	none	none	none	none	none	none	MSS	none
P-0051601	none	none	none	none	Male	none	none	none	none	none	Not Hispanic	none	none	none	none	none	none	none	none	none	none	none	none	none	BLACK OR AFRICAN AMERICAN	none	none	none	0	31.627	none	none	none	none	none	none	none	P-0051601-T01-IM6	GIST	Gastrointestinal Stromal Tumor	Gastrointestinal Stromal Tumor	none	none	none	none	none	none	none	Primary	0.13	none	Matched	none	Mount Sinai St. Lukes	P-0051601	none	none	none	0	none	none	none	0	none	none	none	0	none	none	none	0	none	none	none	0	none	none	none	0	none	none	none	0	none	none	none	0	none	none	none	0	none	none	none	0	none	none	none	0	none	none	none	0	none	none	none	0	none	none	none	0	none	none	none	0	none	none	none	0	none	none	none	0	none	none	none	0	none	none	none	0	none	none	none	0	none	none	none	0	none	none	none	0	none	none	none	none	none	none	none	none	none	none	none	none	none	none	none	none	none	none	none	none	none	none	none	none	none	none	none	none	none	none	none	none	none	none	none	none	none	none	none	none	none	none	MSS	none
P-0051670	none	none	none	none	Female	none	none	none	none	none	Not Hispanic	none	none	none	none	none	none	none	none	none	none	none	none	none	WHITE	none	none	none	0	32.712	none	none	none	none	none	none	none	P-0051670-T01-IM6	GIST	Gastrointestinal Stromal Tumor	Gastrointestinal Stromal Tumor	none	none	none	none	none	none	none	Primary	0.06	none	Matched	none	MSKCC	P-0051670	none	none	none	0	none	none	none	0	none	none	none	0	none	none	none	0	none	none	none	0	none	none	none	0	none	none	none	0	none	none	none	0	none	none	none	0	none	none	none	0	none	none	none	0	none	none	none	0	none	none	none	0	none	none	none	0	none	none	none	0	none	none	none	0	none	none	none	0	none	none	none	0	none	none	none	0	none	none	none	0	none	none	none	0	none	none	none	0	none	none	none	none	none	none	none	none	none	none	none	none	none	none	none	none	none	none	none	none	none	none	none	none	none	none	none	none	none	none	none	none	none	none	none	none	none	none	none	none	none	none	MSS	none
P-0051981	none	none	none	none	Male	none	none	none	none	none	Not Hispanic	none	none	none	none	none	none	none	none	none	none	none	none	none	ASIAN-FAR EAST/INDIAN SUBCONT	none	none	none	0	32.351	none	none	none	none	none	none	none	P-0051981-T01-IM6	GIST	Gastrointestinal Stromal Tumor	Gastrointestinal Stromal Tumor	none	none	none	none	none	none	none	Primary	1.16	none	Matched	none	MSKCC	P-0051981	none	none	none	0	none	none	none	0	none	none	none	0	none	none	none	0	none	none	none	0	none	none	none	0	none	none	none	0	none	none	none	0	none	none	none	0	none	none	none	0	none	none	none	0	none	none	none	0	none	none	none	0	none	none	none	0	none	none	none	0	none	none	none	0	none	none	none	0	none	none	none	0	none	none	none	0	none	none	none	0	none	none	none	0	none	none	none	0	none	none	none	none	none	none	none	none	none	none	none	none	none	none	none	none	none	none	none	none	none	none	none	none	none	none	none	none	none	none	none	none	none	none	none	none	none	none	none	none	none	none	MSI	none
P-0051982	none	none	none	none	Female	none	none	none	none	none	Not Hispanic	none	none	none	none	none	none	none	none	none	none	none	none	none	BLACK OR AFRICAN AMERICAN	none	none	none	0	4.175	none	none	none	none	none	none	none	P-0051982-T01-IM6	GIST	Gastrointestinal Stromal Tumor	Gastrointestinal Stromal Tumor	none	none	none	none	none	none	none	Primary	0	none	Matched	none	none	P-0051982	none	none	none	0	none	none	none	0	none	none	none	0	none	none	none	0	none	none	none	0	none	none	none	0	none	none	none	0	none	none	none	0	none	none	none	0	none	none	none	0	none	none	none	0	none	none	none	0	none	none	none	0	none	none	none	0	none	none	none	0	none	none	none	0	none	none	none	0	none	none	none	0	none	none	none	0	none	none	none	0	none	none	none	0	none	none	none	0	none	none	none	none	none	none	none	none	none	none	none	none	none	none	none	none	none	none	none	none	none	none	none	none	none	none	none	none	none	none	none	none	none	none	none	none	none	none	none	none	none	none	MSS	none
P-0051984	none	none	none	none	Male	none	none	none	none	none	Not Hispanic	none	none	none	none	none	none	none	none	none	none	none	none	none	WHITE	none	none	none	0	25.94	none	none	none	none	none	none	none	P-0051984-T01-IM6	GIST	Gastrointestinal Stromal Tumor	Gastrointestinal Stromal Tumor	none	none	none	none	none	none	none	Primary	0	none	Matched	none	MSKCC	P-0051984	none	none	none	0	none	none	none	0	none	none	none	0	none	none	none	0	none	none	none	0	none	none	none	0	none	none	none	0	none	none	none	0	none	none	none	0	none	none	none	0	none	none	none	0	none	none	none	0	none	none	none	0	none	none	none	0	none	none	none	0	none	none	none	0	none	none	none	0	none	none	none	0	none	none	none	0	none	none	none	0	none	none	none	0	none	none	none	0	none	none	none	none	none	none	none	none	none	none	none	none	none	none	none	none	none	none	none	none	none	none	none	none	none	none	none	none	none	none	none	none	none	none	none	none	none	none	none	none	none	none	MSS	none
P-0052033	none	none	none	none	Female	none	none	none	none	none	Not Hispanic	none	none	none	none	none	none	none	none	none	none	none	none	none	WHITE	none	none	none	1	9.37	none	none	none	none	none	none	none	P-0052033-T02-IM7	GIST	Gastrointestinal Stromal Tumor	Gastrointestinal Stromal Tumor	none	none	none	none	none	none	none	Primary	0.97	none	Matched	none	MSKCC	P-0052033	none	none	none	0	none	none	none	0	none	none	none	0	none	none	none	0	none	none	none	0	none	none	none	0	none	none	none	0	none	none	none	0	none	none	none	0	none	none	none	0	none	none	none	0	none	none	none	0	none	none	none	0	none	none	none	0	none	none	none	0	none	none	none	0	none	none	none	0	none	none	none	0	none	none	none	0	none	none	none	0	none	none	none	0	none	none	none	0	none	none	none	none	none	none	none	none	none	none	none	none	none	none	none	none	none	none	none	none	none	none	none	none	none	none	none	none	none	none	none	none	none	none	none	none	none	none	none	none	none	none	MSI	none
P-0052059	none	none	none	none	Male	none	none	none	none	none	none	none	none	none	none	none	none	none	none	none	none	none	none	none	UNKNOWN	none	none	none	0	29.26	none	none	none	none	none	none	none	P-0052059-T01-IM6	GIST	Gastrointestinal Stromal Tumor	Gastrointestinal Stromal Tumor	none	none	none	none	none	none	none	Primary	0.27	none	Matched	none	MSKCC	P-0052059	none	none	none	0	none	none	none	0	none	none	none	0	none	none	none	0	none	none	none	0	none	none	none	0	none	none	none	0	none	none	none	0	none	none	none	0	none	none	none	0	none	none	none	0	none	none	none	0	none	none	none	0	none	none	none	0	none	none	none	0	none	none	none	0	none	none	none	0	none	none	none	0	none	none	none	0	none	none	none	0	none	none	none	0	none	none	none	0	none	none	none	none	none	none	none	none	none	none	none	none	none	none	none	none	none	none	none	none	none	none	none	none	none	none	none	none	none	none	none	none	none	none	none	none	none	none	none	none	none	none	MSS	none
P-0052061	none	none	none	none	Female	none	none	none	none	none	Not Hispanic	none	none	none	none	none	none	none	none	none	none	none	none	none	BLACK OR AFRICAN AMERICAN	none	none	none	0	31.857	none	none	none	none	none	none	none	P-0052061-T05-IM7	GIST	Gastrointestinal Stromal Tumor	Gastrointestinal Stromal Tumor	none	none	none	none	none	none	none	Primary	0.45	none	Matched	none	MSKCC	P-0052061	none	none	none	0	none	none	none	0	none	none	none	0	none	none	none	0	none	none	none	0	none	none	none	0	none	none	none	0	none	none	none	0	none	none	none	0	none	none	none	0	none	none	none	0	none	none	none	0	none	none	none	0	none	none	none	0	none	none	none	0	none	none	none	0	none	none	none	0	none	none	none	0	none	none	none	0	none	none	none	0	none	none	none	0	none	none	none	0	none	none	none	none	none	none	none	none	none	none	none	none	none	none	none	none	none	none	none	none	none	none	none	none	none	none	none	none	none	none	none	none	none	none	none	none	none	none	none	none	none	none	Indeterminate	none
P-0052126	none	none	none	none	Female	none	none	none	none	none	Not Hispanic	none	none	none	none	none	none	none	none	none	none	none	none	none	ASIAN-FAR EAST/INDIAN SUBCONT	none	none	none	0	29.26	none	none	none	none	none	none	none	P-0052126-T01-IM6	GIST	Gastrointestinal Stromal Tumor	Gastrointestinal Stromal Tumor	none	none	none	none	none	none	none	Primary	0.24	none	Matched	none	MSKCC	P-0052126	none	none	none	0	none	none	none	0	none	none	none	0	none	none	none	0	none	none	none	0	none	none	none	0	none	none	none	0	none	none	none	0	none	none	none	0	none	none	none	0	none	none	none	0	none	none	none	0	none	none	none	0	none	none	none	0	none	none	none	0	none	none	none	0	none	none	none	0	none	none	none	0	none	none	none	0	none	none	none	0	none	none	none	0	none	none	none	0	none	none	none	none	none	none	none	none	none	none	none	none	none	none	none	none	none	none	none	none	none	none	none	none	none	none	none	none	none	none	none	none	none	none	none	none	none	none	none	none	none	none	MSS	none
P-0052237	none	none	none	none	Female	none	none	none	none	none	Not Hispanic	none	none	none	none	none	none	none	none	none	none	none	none	none	BLACK OR AFRICAN AMERICAN	none	none	none	1	5.556	none	none	none	none	none	none	none	P-0052237-T01-IM6	GIST	Gastrointestinal Stromal Tumor	Gastrointestinal Stromal Tumor	none	none	none	none	none	none	none	Metastasis	3.05	none	Matched	none	none	P-0052237	none	none	none	0	none	none	none	0	none	none	none	0	none	none	none	0	none	none	none	0	none	none	none	0	none	none	none	0	none	none	none	0	none	none	none	0	none	none	none	0	none	none	none	0	none	none	none	0	none	none	none	0	none	none	none	0	none	none	none	0	none	none	none	0	none	none	none	0	none	none	none	0	none	none	none	0	none	none	none	0	none	none	none	0	none	none	none	0	none	none	none	none	none	none	none	none	none	none	none	none	none	none	none	none	none	none	none	none	none	none	none	none	none	none	none	none	none	none	none	none	none	none	none	none	none	none	none	none	none	none	MSI	none
P-0052570	none	none	none	none	Male	none	none	none	none	none	Hispanic	none	none	none	none	none	none	none	none	none	none	none	none	none	WHITE	none	none	none	0	30.148	none	none	none	none	none	none	none	P-0052570-T01-IM6	GIST	Gastrointestinal Stromal Tumor	Gastrointestinal Stromal Tumor	none	none	none	none	none	none	none	Primary	0.05	none	Matched	none	MSKCC	P-0052570	none	none	none	0	none	none	none	0	none	none	none	0	none	none	none	0	none	none	none	0	none	none	none	0	none	none	none	0	none	none	none	0	none	none	none	0	none	none	none	0	none	none	none	0	none	none	none	0	none	none	none	0	none	none	none	0	none	none	none	0	none	none	none	0	none	none	none	0	none	none	none	0	none	none	none	0	none	none	none	0	none	none	none	0	none	none	none	0	none	none	none	none	none	none	none	none	none	none	none	none	none	none	none	none	none	none	none	none	none	none	none	none	none	none	none	none	none	none	none	none	none	none	none	none	none	none	none	none	none	none	MSS	none
P-0052582	none	none	none	none	Female	none	none	none	none	none	Not Hispanic	none	none	none	none	none	none	none	none	none	none	none	none	none	WHITE	none	none	none	0	31.825	none	none	none	none	none	none	none	P-0052582-T01-IM6	GIST	Gastrointestinal Stromal Tumor	Gastrointestinal Stromal Tumor	none	none	none	none	none	none	none	Primary	0.24	none	Matched	none	MSKCC	P-0052582	none	none	none	0	none	none	none	0	none	none	none	0	none	none	none	0	none	none	none	0	none	none	none	0	none	none	none	0	none	none	none	0	none	none	none	0	none	none	none	0	none	none	none	0	none	none	none	0	none	none	none	0	none	none	none	0	none	none	none	0	none	none	none	0	none	none	none	0	none	none	none	0	none	none	none	0	none	none	none	0	none	none	none	0	none	none	none	0	none	none	none	none	none	none	none	none	none	none	none	none	none	none	none	none	none	none	none	none	none	none	none	none	none	none	none	none	none	none	none	none	none	none	none	none	none	none	none	none	none	none	MSS	none
P-0053496	none	none	none	none	Male	none	none	none	none	none	Not Hispanic	none	none	none	none	none	none	none	none	none	none	none	none	none	WHITE	none	none	none	0	30.279	none	none	none	none	none	none	none	P-0053496-T02-IM7	GIST	Gastrointestinal Stromal Tumor	Gastrointestinal Stromal Tumor	none	none	none	none	none	none	none	Primary	1.09	none	Matched	none	MSKCC	P-0053496	none	none	none	0	none	none	none	0	none	none	none	0	none	none	none	0	none	none	none	0	none	none	none	0	none	none	none	0	none	none	none	0	none	none	none	0	none	none	none	0	none	none	none	0	none	none	none	0	none	none	none	0	none	none	none	0	none	none	none	0	none	none	none	0	none	none	none	0	none	none	none	0	none	none	none	0	none	none	none	0	none	none	none	0	none	none	none	0	none	none	none	none	none	none	none	none	none	none	none	none	none	none	none	none	none	none	none	none	none	none	none	none	none	none	none	none	none	none	none	none	none	none	none	none	none	none	none	none	none	none	MSI	none
P-0053723	none	none	none	none	Female	none	none	none	none	none	Not Hispanic	none	none	none	none	none	none	none	none	none	none	none	none	none	WHITE	none	none	none	0	28.603	none	none	none	none	none	none	none	P-0053723-T01-IM6	GIST	Gastrointestinal Stromal Tumor	Gastrointestinal Stromal Tumor	none	none	none	none	none	none	none	Primary	0.34	none	Matched	none	MSKCC	P-0053723	none	none	none	0	none	none	none	0	none	none	none	0	none	none	none	0	none	none	none	0	none	none	none	0	none	none	none	0	none	none	none	0	none	none	none	0	none	none	none	0	none	none	none	0	none	none	none	0	none	none	none	0	none	none	none	0	none	none	none	0	none	none	none	0	none	none	none	0	none	none	none	0	none	none	none	0	none	none	none	0	none	none	none	0	none	none	none	0	none	none	none	none	none	none	none	none	none	none	none	none	none	none	none	none	none	none	none	none	none	none	none	none	none	none	none	none	none	none	none	none	none	none	none	none	none	none	none	none	none	none	MSS	none
P-0053921	none	none	none	none	Male	none	none	none	none	none	Not Hispanic	none	none	none	none	none	none	none	none	none	none	none	none	none	WHITE	none	none	none	0	27.945	none	none	none	none	none	none	none	P-0053921-T02-IM7	GIST	Gastrointestinal Stromal Tumor	Gastrointestinal Stromal Tumor	none	none	none	none	none	none	none	Primary	2.14	none	Matched	none	MSKCC	P-0053921	none	none	none	0	none	none	none	0	none	none	none	0	none	none	none	0	none	none	none	0	none	none	none	0	none	none	none	0	none	none	none	0	none	none	none	1	Missense_Mutation	p.D203N	none	0	none	none	none	0	none	none	none	0	none	none	none	0	none	none	none	0	none	none	none	0	none	none	none	0	none	none	none	0	none	none	none	0	none	none	none	0	none	none	none	0	none	none	none	0	none	none	none	0	none	none	none	none	none	none	none	none	none	none	none	none	none	none	none	none	none	none	none	none	none	none	none	none	none	none	none	none	none	none	none	none	none	none	none	none	none	none	none	none	none	none	MSI	none
P-0053988	none	none	none	none	Male	none	none	none	none	none	none	none	none	none	none	none	none	none	none	none	none	none	none	none	WHITE	none	none	none	0	26.926	none	none	none	none	none	none	none	P-0053988-T01-IM6	GIST	Gastrointestinal Stromal Tumor	Gastrointestinal Stromal Tumor	none	none	none	none	none	none	none	Metastasis	0.71	none	Matched	none	MSKCC	P-0053988	none	none	none	0	none	none	none	0	none	none	none	0	none	none	none	0	none	none	none	0	none	none	none	0	none	none	none	0	none	none	none	0	none	none	none	0	none	none	none	0	none	none	none	0	none	none	none	0	none	none	none	0	none	none	none	0	none	none	none	0	none	none	none	0	none	none	none	0	none	none	none	0	none	none	none	0	none	none	none	0	none	none	none	0	none	none	none	0	none	none	none	none	none	none	none	none	none	none	none	none	none	none	none	none	none	none	none	none	none	none	none	none	none	none	none	none	none	none	none	none	none	none	none	none	none	none	none	none	none	none	MSI	none
P-0054008	none	none	none	none	Male	none	none	none	none	none	none	none	none	none	none	none	none	none	none	none	none	none	none	none	OTHER	none	none	none	0	none	none	none	none	none	none	none	none	P-0054008-T01-IM6	GIST	Gastrointestinal Stromal Tumor	Gastrointestinal Stromal Tumor	none	none	none	none	none	none	none	Primary	0.11	none	Matched	none	MSKCC	P-0054008	none	none	none	0	none	none	none	0	none	none	none	0	none	none	none	0	none	none	none	0	none	none	none	0	none	none	none	0	none	none	none	0	none	none	none	0	none	none	none	0	none	none	none	0	none	none	none	0	none	none	none	0	none	none	none	0	none	none	none	0	none	none	none	0	none	none	none	0	none	none	none	0	none	none	none	0	none	none	none	0	none	none	none	0	none	none	none	0	none	none	none	none	none	none	none	none	none	none	none	none	none	none	none	none	none	none	none	none	none	none	none	none	none	none	none	none	none	none	none	none	none	none	none	none	none	none	none	none	none	none	MSS	none
P-0054241	none	none	none	none	Male	none	none	none	none	none	Not Hispanic	none	none	none	none	none	none	none	none	none	none	none	none	none	ASIAN-FAR EAST/INDIAN SUBCONT	none	none	none	0	30.345	none	none	none	none	none	none	none	P-0054241-T02-IM6	GIST	Gastrointestinal Stromal Tumor	Gastrointestinal Stromal Tumor	none	none	none	none	none	none	none	Unknown	0	none	Matched	none	MSKCC	P-0054241	none	none	none	0	none	none	none	1	Nonsense_Mutation	p.R209*	none	0	none	none	none	0	none	none	none	0	none	none	none	0	none	none	none	0	none	none	none	0	none	none	none	0	none	none	none	0	none	none	none	0	none	none	none	0	none	none	none	0	none	none	none	0	none	none	none	0	none	none	none	0	none	none	none	0	none	none	none	0	none	none	none	0	none	none	none	0	none	none	none	0	none	none	none	0	none	none	none	none	none	none	none	none	none	none	none	none	none	none	none	none	none	none	none	none	none	none	none	none	none	none	none	none	none	none	none	none	none	none	none	none	none	none	none	none	none	none	MSS	none
P-0054265	none	none	none	none	Male	none	none	none	none	none	Not Hispanic	none	none	none	none	none	none	none	none	none	none	none	none	none	WHITE	none	none	none	0	23.573	none	none	none	none	none	none	none	P-0054265-T01-IM6	GIST	Gastrointestinal Stromal Tumor	Gastrointestinal Stromal Tumor	none	none	none	none	none	none	none	Primary	0	none	Matched	none	MSKCC	P-0054265	none	none	none	0	none	none	none	0	none	none	none	0	none	none	none	0	none	none	none	0	none	none	none	0	none	none	none	0	none	none	none	0	none	none	none	0	none	none	none	0	none	none	none	0	none	none	none	0	none	none	none	0	none	none	none	0	none	none	none	0	none	none	none	0	none	none	none	0	none	none	none	0	none	none	none	0	none	none	none	0	none	none	none	0	none	none	none	0	none	none	none	none	none	none	none	none	none	none	none	none	none	none	none	none	none	none	none	none	none	none	none	none	none	none	none	none	none	none	none	none	none	none	none	none	none	none	none	none	none	none	MSS	none
P-0054555	none	none	none	none	Female	none	none	none	none	none	Hispanic	none	none	none	none	none	none	none	none	none	none	none	none	none	WHITE	none	none	none	0	28.077	none	none	none	none	none	none	none	P-0054555-T01-IM6	GIST	Gastrointestinal Stromal Tumor	Gastrointestinal Stromal Tumor	none	none	none	none	none	none	none	Primary	0.46	none	Matched	none	MSKCC	P-0054555	none	none	none	0	none	none	none	0	none	none	none	0	none	none	none	0	none	none	none	0	none	none	none	0	none	none	none	0	none	none	none	0	none	none	none	0	none	none	none	0	none	none	none	0	none	none	none	0	none	none	none	0	none	none	none	0	none	none	none	0	none	none	none	0	none	none	none	0	none	none	none	0	none	none	none	0	none	none	none	0	none	none	none	0	none	none	none	0	none	none	none	none	none	none	none	none	none	none	none	none	none	none	none	none	none	none	none	none	none	none	none	none	none	none	none	none	none	none	none	none	none	none	none	none	none	none	none	none	none	none	Indeterminate	none
P-0054654	none	none	none	none	Female	none	none	none	none	none	none	none	none	none	none	none	none	none	none	none	none	none	none	none	WHITE	none	none	none	0	30.115	none	none	none	none	none	none	none	P-0054654-T01-IM6	GIST	Gastrointestinal Stromal Tumor	Gastrointestinal Stromal Tumor	none	none	none	none	none	none	none	Metastasis	0.31	none	Matched	none	MSKCC	P-0054654	none	none	none	0	none	none	none	0	none	none	none	0	none	none	none	0	none	none	none	0	none	none	none	0	none	none	none	0	none	none	none	0	none	none	none	0	none	none	none	0	none	none	none	0	none	none	none	0	none	none	none	0	none	none	none	0	none	none	none	0	none	none	none	0	none	none	none	0	none	none	none	0	none	none	none	0	none	none	none	0	none	none	none	0	none	none	none	0	none	none	none	none	none	none	none	none	none	none	none	none	none	none	none	none	none	none	none	none	none	none	none	none	none	none	none	none	none	none	none	none	none	none	none	none	none	none	none	none	none	none	MSS	none
P-0054860	none	none	none	none	Male	none	none	none	none	none	Not Hispanic	none	none	none	none	none	none	none	none	none	none	none	none	none	PT REFUSED TO ANSWER	none	none	none	0	28.142	none	none	none	none	none	none	none	P-0054860-T02-IM6	GIST	Gastrointestinal Stromal Tumor	Gastrointestinal Stromal Tumor	none	none	none	none	none	none	none	Primary	0.11	none	Matched	none	MSKCC	P-0054860	none	none	none	0	none	none	none	0	none	none	none	0	none	none	none	0	none	none	none	0	none	none	none	0	none	none	none	0	none	none	none	0	none	none	none	0	none	none	none	0	none	none	none	0	none	none	none	0	none	none	none	0	none	none	none	0	none	none	none	0	none	none	none	0	none	none	none	0	none	none	none	0	none	none	none	0	none	none	none	0	none	none	none	0	none	none	none	0	none	none	none	none	none	none	none	none	none	none	none	none	none	none	none	none	none	none	none	none	none	none	none	none	none	none	none	none	none	none	none	none	none	none	none	none	none	none	none	none	none	none	MSS	none
P-0054913	none	none	none	none	Female	none	none	none	none	none	none	none	none	none	none	none	none	none	none	none	none	none	none	none	WHITE	none	none	none	0	26.696	none	none	none	none	none	none	none	P-0054913-T01-IM6	GIST	Gastrointestinal Stromal Tumor	Gastrointestinal Stromal Tumor	none	none	none	none	none	none	none	Primary	0.73	none	Matched	none	MSKCC	P-0054913	none	none	none	0	none	none	none	0	none	none	none	0	none	none	none	0	none	none	none	0	none	none	none	0	none	none	none	0	none	none	none	0	none	none	none	1	Frame_Shift_Ins	p.T909Nfs*11	none	0	none	none	none	0	none	none	none	0	none	none	none	0	none	none	none	0	none	none	none	0	none	none	none	0	none	none	none	0	none	none	none	0	none	none	none	0	none	none	none	0	none	none	none	0	none	none	none	0	none	none	none	none	none	none	none	none	none	none	none	none	none	none	none	none	none	none	none	none	none	none	none	none	none	none	none	none	none	none	none	none	none	none	none	none	none	none	none	none	none	none	MSI	none
P-0055232	none	none	none	none	Male	none	none	none	none	none	none	none	none	none	none	none	none	none	none	none	none	none	none	none	UNKNOWN	none	none	none	0	28.34	none	none	none	none	none	none	none	P-0055232-T01-IM6	GIST	Gastrointestinal Stromal Tumor	Gastrointestinal Stromal Tumor	none	none	none	none	none	none	none	Primary	0	none	Matched	none	MSKCC	P-0055232	none	none	none	0	none	none	none	0	none	none	none	0	none	none	none	0	none	none	none	0	none	none	none	0	none	none	none	0	none	none	none	0	none	none	none	0	none	none	none	0	none	none	none	0	none	none	none	0	none	none	none	0	none	none	none	0	none	none	none	0	none	none	none	0	none	none	none	0	none	none	none	1	Missense_Mutation	p.K264Q	none	0	none	none	none	0	none	none	none	0	none	none	none	0	none	none	none	none	none	none	none	none	none	none	none	none	none	none	none	none	none	none	none	none	none	none	none	none	none	none	none	none	none	none	none	none	none	none	none	none	none	none	none	none	none	none	MSS	none
P-0055993	none	none	none	none	Male	none	none	none	none	none	Not Hispanic	none	none	none	none	none	none	none	none	none	none	none	none	none	ASIAN-FAR EAST/INDIAN SUBCONT	none	none	none	0	19.134	none	none	none	none	none	none	none	P-0055993-T01-IM6	GIST	Gastrointestinal Stromal Tumor	Gastrointestinal Stromal Tumor	none	none	none	none	none	none	none	Primary	0.14	none	Matched	none	MSKCC	P-0055993	none	none	none	0	none	none	none	0	none	none	none	0	none	none	none	0	none	none	none	0	none	none	none	0	none	none	none	0	none	none	none	0	none	none	none	0	none	none	none	0	none	none	none	0	none	none	none	0	none	none	none	0	none	none	none	0	none	none	none	0	none	none	none	0	none	none	none	0	none	none	none	0	none	none	none	0	none	none	none	0	none	none	none	0	none	none	none	0	none	none	none	none	none	none	none	none	none	none	none	none	none	none	none	none	none	none	none	none	none	none	none	none	none	none	none	none	none	none	none	none	none	none	none	none	none	none	none	none	none	none	MSS	none
P-0056376	none	none	none	none	Male	none	none	none	none	none	Not Hispanic	none	none	none	none	none	none	none	none	none	none	none	none	none	WHITE	none	none	none	0	13.808	none	none	none	none	none	none	none	P-0056376-T01-IM6	GIST	Gastrointestinal Stromal Tumor	Gastrointestinal Stromal Tumor	none	none	none	none	none	none	none	Primary	0.11	none	Matched	none	MSKCC	P-0056376	none	none	none	0	none	none	none	0	none	none	none	0	none	none	none	0	none	none	none	0	none	none	none	0	none	none	none	0	none	none	none	0	none	none	none	0	none	none	none	0	none	none	none	0	none	none	none	0	none	none	none	0	none	none	none	0	none	none	none	0	none	none	none	0	none	none	none	0	none	none	none	0	none	none	none	0	none	none	none	0	none	none	none	0	none	none	none	0	none	none	none	none	none	none	none	none	none	none	none	none	none	none	none	none	none	none	none	none	none	none	none	none	none	none	none	none	none	none	none	none	none	none	none	none	none	none	none	none	none	none	MSS	none
P-0056816	none	none	none	none	Female	none	none	none	none	none	Not Hispanic	none	none	none	none	none	none	none	none	none	none	none	none	none	WHITE	none	none	none	0	17.523	none	none	none	none	none	none	none	P-0056816-T01-IM6	GIST	Gastrointestinal Stromal Tumor	Gastrointestinal Stromal Tumor	none	none	none	none	none	none	none	Primary	0.4	none	Matched	none	MSKCC	P-0056816	none	none	none	0	none	none	none	0	none	none	none	0	none	none	none	0	none	none	none	0	none	none	none	0	none	none	none	0	none	none	none	0	none	none	none	0	none	none	none	0	none	none	none	0	none	none	none	0	none	none	none	0	none	none	none	0	none	none	none	0	none	none	none	0	none	none	none	0	none	none	none	0	none	none	none	0	none	none	none	0	none	none	none	0	none	none	none	0	none	none	none	none	none	none	none	none	none	none	none	none	none	none	none	none	none	none	none	none	none	none	none	none	none	none	none	none	none	none	none	none	none	none	none	none	none	none	none	none	none	none	Indeterminate	none
P-0056963	none	none	none	none	Male	none	none	none	none	none	Hispanic	none	none	none	none	none	none	none	none	none	none	none	none	none	WHITE	none	none	none	0	25.808	none	none	none	none	none	none	none	P-0056963-T01-IM6	GIST	Gastrointestinal Stromal Tumor	Gastrointestinal Stromal Tumor	none	none	none	none	none	none	none	Primary	0.45	none	Matched	none	MSKCC	P-0056963	none	none	none	0	none	none	none	0	none	none	none	0	none	none	none	0	none	none	none	0	none	none	none	0	none	none	none	0	none	none	none	0	none	none	none	0	none	none	none	0	none	none	none	0	none	none	none	0	none	none	none	0	none	none	none	0	none	none	none	0	none	none	none	0	none	none	none	0	none	none	none	0	none	none	none	0	none	none	none	0	none	none	none	0	none	none	none	0	none	none	none	none	none	none	none	none	none	none	none	none	none	none	none	none	none	none	none	none	none	none	none	none	none	none	none	none	none	none	none	none	none	none	none	none	none	none	none	none	none	none	Indeterminate	none
P-0057128	none	none	none	none	Female	none	none	none	none	none	Not Hispanic	none	none	none	none	none	none	none	none	none	none	none	none	none	ASIAN-FAR EAST/INDIAN SUBCONT	none	none	none	0	24.296	none	none	none	none	none	none	none	P-0057128-T01-IM6	GIST	Gastrointestinal Stromal Tumor	Gastrointestinal Stromal Tumor	none	none	none	none	none	none	none	Primary	0.16	none	Matched	none	MSKCC	P-0057128	none	none	none	0	none	none	none	0	none	none	none	0	none	none	none	0	none	none	none	0	none	none	none	0	none	none	none	0	none	none	none	0	none	none	none	0	none	none	none	0	none	none	none	0	none	none	none	0	none	none	none	0	none	none	none	0	none	none	none	0	none	none	none	0	none	none	none	0	none	none	none	0	none	none	none	0	none	none	none	0	none	none	none	0	none	none	none	0	none	none	none	none	none	none	none	none	none	none	none	none	none	none	none	none	none	none	none	none	none	none	none	none	none	none	none	none	none	none	none	none	none	none	none	none	none	none	none	none	none	none	MSS	none
P-0057514	none	none	none	none	Female	none	none	none	none	none	Not Hispanic	none	none	none	none	none	none	none	none	none	none	none	none	none	BLACK OR AFRICAN AMERICAN	none	none	none	0	25.907	none	none	none	none	none	none	none	P-0057514-T02-IM6	GIST	Gastrointestinal Stromal Tumor	Gastrointestinal Stromal Tumor	none	none	none	none	none	none	none	Metastasis	0	none	Matched	none	MSKCC	P-0057514	none	none	none	0	none	none	none	0	none	none	none	1	Missense_Mutation	p.E63D	none	0	none	none	none	0	none	none	none	0	none	none	none	0	none	none	none	0	none	none	none	0	none	none	none	0	none	none	none	0	none	none	none	0	none	none	none	0	none	none	none	0	none	none	none	0	none	none	none	0	none	none	none	0	none	none	none	0	none	none	none	0	none	none	none	0	none	none	none	0	none	none	none	0	none	none	none	none	none	none	none	none	none	none	none	none	none	none	none	none	none	none	none	none	none	none	none	none	none	none	none	none	none	none	none	none	none	none	none	none	none	none	none	none	none	none	MSS	none
P-0057636	none	none	none	none	Male	none	none	none	none	none	Not Hispanic	none	none	none	none	none	none	none	none	none	none	none	none	none	WHITE	none	none	none	0	24.427	none	none	none	none	none	none	none	P-0057636-T01-IM6	GIST	Gastrointestinal Stromal Tumor	Gastrointestinal Stromal Tumor	none	none	none	none	none	none	none	Primary	1.16	none	Matched	none	MSKCC	P-0057636	none	none	none	0	none	none	none	0	none	none	none	0	none	none	none	0	none	none	none	0	none	none	none	0	none	none	none	0	none	none	none	0	none	none	none	0	none	none	none	0	none	none	none	0	none	none	none	0	none	none	none	0	none	none	none	0	none	none	none	0	none	none	none	0	none	none	none	0	none	none	none	0	none	none	none	0	none	none	none	0	none	none	none	0	none	none	none	0	none	none	none	none	none	none	none	none	none	none	none	none	none	none	none	none	none	none	none	none	none	none	none	none	none	none	none	none	none	none	none	none	none	none	none	none	none	none	none	none	none	none	MSI	none
P-0057804	none	none	none	none	Female	none	none	none	none	none	none	none	none	none	none	none	none	none	none	none	none	none	none	none	WHITE	none	none	none	1	24.362	none	none	none	none	none	none	none	P-0057804-T01-IM6	GIST	Gastrointestinal Stromal Tumor	Gastrointestinal Stromal Tumor	none	none	none	none	none	none	none	Metastasis	0.6	none	Matched	none	MSKCC	P-0057804	none	none	none	0	none	none	none	0	none	none	none	0	none	none	none	0	none	none	none	0	none	none	none	0	none	none	none	0	none	none	none	0	none	none	none	0	none	none	none	0	none	none	none	0	none	none	none	0	none	none	none	0	none	none	none	0	none	none	none	0	none	none	none	0	none	none	none	0	none	none	none	0	none	none	none	0	none	none	none	0	none	none	none	0	none	none	none	0	none	none	none	none	none	none	none	none	none	none	none	none	none	none	none	none	none	none	none	none	none	none	none	none	none	none	none	none	none	none	none	none	none	none	none	none	none	none	none	none	none	none	Indeterminate	none
P-0057812	none	none	none	none	Female	none	none	none	none	none	Hispanic	none	none	none	none	none	none	none	none	none	none	none	none	none	WHITE	none	none	none	0	22.882	none	none	none	none	none	none	none	P-0057812-T01-IM6	GIST	Gastrointestinal Stromal Tumor	Gastrointestinal Stromal Tumor	none	none	none	none	none	none	none	Primary	0	none	Matched	none	MSKCC	P-0057812	none	none	none	0	none	none	none	0	none	none	none	0	none	none	none	0	none	none	none	0	none	none	none	0	none	none	none	0	none	none	none	0	none	none	none	0	none	none	none	0	none	none	none	0	none	none	none	0	none	none	none	0	none	none	none	0	none	none	none	0	none	none	none	0	none	none	none	0	none	none	none	0	none	none	none	0	none	none	none	0	none	none	none	0	none	none	none	0	none	none	none	none	none	none	none	none	none	none	none	none	none	none	none	none	none	none	none	none	none	none	none	none	none	none	none	none	none	none	none	none	none	none	none	none	none	none	none	none	none	none	MSS	none
P-0058047	none	none	none	none	Female	none	none	none	none	none	Not Hispanic	none	none	none	none	none	none	none	none	none	none	none	none	none	WHITE	none	none	none	0	25.249	none	none	none	none	none	none	none	P-0058047-T01-IM6	GIST	Gastrointestinal Stromal Tumor	Gastrointestinal Stromal Tumor	none	none	none	none	none	none	none	Local Recurrence	2.1	none	Matched	none	MSKCC	P-0058047	none	none	none	0	none	none	none	0	none	none	none	0	none	none	none	1	Missense_Mutation	p.H1047L	none	0	none	none	none	0	none	none	none	0	none	none	none	0	none	none	none	0	none	none	none	0	none	none	none	0	none	none	none	0	none	none	none	1	Frame_Shift_Ins	p.K287*	none	0	none	none	none	0	none	none	none	0	none	none	none	0	none	none	none	0	none	none	none	0	none	none	none	0	none	none	none	0	none	none	none	0	none	none	none	none	none	none	none	none	none	none	none	none	none	none	none	none	none	none	none	none	none	none	none	none	none	none	none	none	none	none	none	none	none	none	none	none	none	none	none	none	none	none	MSI	none
P-0058185	none	none	none	none	Female	none	none	none	none	none	Not Hispanic	none	none	none	none	none	none	none	none	none	none	none	none	none	WHITE	none	none	none	0	none	none	none	none	none	none	none	none	P-0058185-T01-IM6	GIST	Gastrointestinal Stromal Tumor	Gastrointestinal Stromal Tumor	none	none	none	none	none	none	none	Primary	0.23	none	Matched	none	MSKCC	P-0058185	none	none	none	0	none	none	none	0	none	none	none	0	none	none	none	0	none	none	none	0	none	none	none	0	none	none	none	0	none	none	none	0	none	none	none	0	none	none	none	0	none	none	none	0	none	none	none	0	none	none	none	0	none	none	none	0	none	none	none	0	none	none	none	0	none	none	none	0	none	none	none	0	none	none	none	0	none	none	none	0	none	none	none	0	none	none	none	0	none	none	none	none	none	none	none	none	none	none	none	none	none	none	none	none	none	none	none	none	none	none	none	none	none	none	none	none	none	none	none	none	none	none	none	none	none	none	none	none	none	none	MSS	none
P-0058889	none	none	none	none	Female	none	none	none	none	none	Not Hispanic	none	none	none	none	none	none	none	none	none	none	none	none	none	WHITE	none	none	none	0	none	none	none	none	none	none	none	none	P-0058889-T01-IM7	GIST	Gastrointestinal Stromal Tumor	Gastrointestinal Stromal Tumor	none	none	none	none	none	none	none	Primary	0.12	none	Matched	none	MSKCC	P-0058889	none	none	none	0	none	none	none	0	none	none	none	0	none	none	none	0	none	none	none	0	none	none	none	0	none	none	none	0	none	none	none	0	none	none	none	0	none	none	none	0	none	none	none	0	none	none	none	0	none	none	none	0	none	none	none	0	none	none	none	0	none	none	none	0	none	none	none	0	none	none	none	0	none	none	none	0	none	none	none	0	none	none	none	0	none	none	none	0	none	none	none	none	none	none	none	none	none	none	none	none	none	none	none	none	none	none	none	none	none	none	none	none	none	none	none	none	none	none	none	none	none	none	none	none	none	none	none	none	none	none	MSS	none
P-0059137	none	none	none	none	Male	none	none	none	none	none	Hispanic	none	none	none	none	none	none	none	none	none	none	none	none	none	WHITE	none	none	none	0	24.23	none	none	none	none	none	none	none	P-0059137-T01-IM7	GIST	Gastrointestinal Stromal Tumor	Gastrointestinal Stromal Tumor	none	none	none	none	none	none	none	Primary	1.64	none	Matched	none	MSKCC	P-0059137	none	none	none	0	none	none	none	0	none	none	none	0	none	none	none	0	none	none	none	0	none	none	none	0	none	none	none	0	none	none	none	0	none	none	none	0	none	none	none	0	none	none	none	0	none	none	none	0	none	none	none	0	none	none	none	0	none	none	none	0	none	none	none	0	none	none	none	0	none	none	none	0	none	none	none	0	none	none	none	0	none	none	none	0	none	none	none	0	none	none	none	none	none	none	none	none	none	none	none	none	none	none	none	none	none	none	none	none	none	none	none	none	none	none	none	none	none	none	none	none	none	none	none	none	none	none	none	none	none	none	MSI	none
P-0059434	none	none	none	none	Female	none	none	none	none	none	Not Hispanic	none	none	none	none	none	none	none	none	none	none	none	none	none	BLACK OR AFRICAN AMERICAN	none	none	none	0	23.507	none	none	none	none	none	none	none	P-0059434-T01-IM7	GIST	Gastrointestinal Stromal Tumor	Gastrointestinal Stromal Tumor	none	none	none	none	none	none	none	Primary	0.72	none	Matched	none	MSKCC	P-0059434	none	none	none	0	none	none	none	0	none	none	none	0	none	none	none	0	none	none	none	0	none	none	none	0	none	none	none	0	none	none	none	0	none	none	none	0	none	none	none	0	none	none	none	0	none	none	none	0	none	none	none	0	none	none	none	0	none	none	none	0	none	none	none	0	none	none	none	0	none	none	none	0	none	none	none	0	none	none	none	0	none	none	none	0	none	none	none	0	none	none	none	none	none	none	none	none	none	none	none	none	none	none	none	none	none	none	none	none	none	none	none	none	none	none	none	none	none	none	none	none	none	none	none	none	none	none	none	none	none	none	MSI	none
P-0059436	none	none	none	none	Female	none	none	none	none	none	Not Hispanic	none	none	none	none	none	none	none	none	none	none	none	none	none	ASIAN-FAR EAST/INDIAN SUBCONT	none	none	none	0	23.211	none	none	none	none	none	none	none	P-0059436-T01-IM7	GIST	Gastrointestinal Stromal Tumor	Gastrointestinal Stromal Tumor	none	none	none	none	none	none	none	Primary	0.13	none	Matched	none	MSKCC	P-0059436	none	none	none	0	none	none	none	0	none	none	none	0	none	none	none	0	none	none	none	0	none	none	none	0	none	none	none	0	none	none	none	0	none	none	none	0	none	none	none	0	none	none	none	0	none	none	none	0	none	none	none	0	none	none	none	0	none	none	none	0	none	none	none	0	none	none	none	0	none	none	none	0	none	none	none	0	none	none	none	0	none	none	none	0	none	none	none	0	none	none	none	none	none	none	none	none	none	none	none	none	none	none	none	none	none	none	none	none	none	none	none	none	none	none	none	none	none	none	none	none	none	none	none	none	none	none	none	none	none	none	MSS	none
P-0059495	none	none	none	none	Male	none	none	none	none	none	Not Hispanic	none	none	none	none	none	none	none	none	none	none	none	none	none	ASIAN-FAR EAST/INDIAN SUBCONT	none	none	none	1	21.37	none	none	none	none	none	none	none	P-0059495-T01-IM7	GIST	Gastrointestinal Stromal Tumor	Gastrointestinal Stromal Tumor	none	none	none	none	none	none	none	Primary	8.33	none	Matched	none	MSKCC	P-0059495	none	none	none	0	none	none	none	0	none	none	none	0	none	none	none	0	none	none	none	0	none	none	none	0	none	none	none	0	none	none	none	0	none	none	none	0	none	none	none	0	none	none	none	0	none	none	none	0	none	none	none	0	none	none	none	0	none	none	none	0	none	none	none	0	none	none	none	0	none	none	none	0	none	none	none	0	none	none	none	0	none	none	none	0	none	none	none	0	none	none	none	none	none	none	none	none	none	none	none	none	none	none	none	none	none	none	none	none	none	none	none	none	none	none	none	none	none	none	none	none	none	none	none	none	none	none	none	none	none	none	MSI	none
P-0059657	none	none	none	none	Female	none	none	none	none	none	Not Hispanic	none	none	none	none	none	none	none	none	none	none	none	none	none	WHITE	none	none	none	0	18.608	none	none	none	none	none	none	none	P-0059657-T01-IM7	GIST	Gastrointestinal Stromal Tumor	Gastrointestinal Stromal Tumor	none	none	none	none	none	none	none	Primary	0.09	none	Matched	none	MSKCC	P-0059657	none	none	none	0	none	none	none	0	none	none	none	0	none	none	none	0	none	none	none	0	none	none	none	0	none	none	none	0	none	none	none	0	none	none	none	0	none	none	none	0	none	none	none	0	none	none	none	0	none	none	none	0	none	none	none	0	none	none	none	0	none	none	none	0	none	none	none	0	none	none	none	0	none	none	none	0	none	none	none	0	none	none	none	0	none	none	none	0	none	none	none	none	none	none	none	none	none	none	none	none	none	none	none	none	none	none	none	none	none	none	none	none	none	none	none	none	none	none	none	none	none	none	none	none	none	none	none	none	none	none	MSS	none
P-0059848	none	none	none	none	Male	none	none	none	none	none	Not Hispanic	none	none	none	none	none	none	none	none	none	none	none	none	none	ASIAN-FAR EAST/INDIAN SUBCONT	none	none	none	0	22.323	none	none	none	none	none	none	none	P-0059848-T02-IM7	GIST	Gastrointestinal Stromal Tumor	Gastrointestinal Stromal Tumor	none	none	none	none	none	none	none	Metastasis	2.73	none	Matched	none	MSKCC	P-0059848	none	none	none	0	none	none	none	0	none	none	none	0	none	none	none	0	none	none	none	0	none	none	none	0	none	none	none	0	none	none	none	0	none	none	none	0	none	none	none	0	none	none	none	0	none	none	none	0	none	none	none	0	none	none	none	0	none	none	none	0	none	none	none	0	none	none	none	0	none	none	none	0	none	none	none	0	none	none	none	0	none	none	none	0	none	none	none	0	none	none	none	none	none	none	none	none	none	none	none	none	none	none	none	none	none	none	none	none	none	none	none	none	none	none	none	none	none	none	none	none	none	none	none	none	none	none	none	none	none	none	MSI	none
P-0060395	none	none	none	none	Male	none	none	none	none	none	Not Hispanic	none	none	none	none	none	none	none	none	none	none	none	none	none	WHITE	none	none	none	0	20.121	none	none	none	none	none	none	none	P-0060395-T01-IM7	GIST	Gastrointestinal Stromal Tumor	Gastrointestinal Stromal Tumor	none	none	none	none	none	none	none	Primary	0.42	none	Matched	none	MSKCC	P-0060395	none	none	none	0	none	none	none	0	none	none	none	0	none	none	none	0	none	none	none	0	none	none	none	0	none	none	none	0	none	none	none	0	none	none	none	0	none	none	none	0	none	none	none	0	none	none	none	0	none	none	none	0	none	none	none	0	none	none	none	0	none	none	none	0	none	none	none	0	none	none	none	0	none	none	none	0	none	none	none	0	none	none	none	0	none	none	none	0	none	none	none	none	none	none	none	none	none	none	none	none	none	none	none	none	none	none	none	none	none	none	none	none	none	none	none	none	none	none	none	none	none	none	none	none	none	none	none	none	none	none	Indeterminate	none
P-0060607	none	none	none	none	Female	none	none	none	none	none	Not Hispanic	none	none	none	none	none	none	none	none	none	none	none	none	none	WHITE	none	none	none	0	0.296	none	none	none	none	none	none	none	P-0060607-T01-IM7	GIST	Gastrointestinal Stromal Tumor	Gastrointestinal Stromal Tumor	none	none	none	none	none	none	none	Primary	0	none	Matched	none	MSKCC	P-0060607	none	none	none	0	none	none	none	0	none	none	none	0	none	none	none	0	none	none	none	0	none	none	none	0	none	none	none	0	none	none	none	0	none	none	none	0	none	none	none	0	none	none	none	0	none	none	none	0	none	none	none	0	none	none	none	0	none	none	none	0	none	none	none	0	none	none	none	0	none	none	none	0	none	none	none	0	none	none	none	0	none	none	none	0	none	none	none	0	none	none	none	none	none	none	none	none	none	none	none	none	none	none	none	none	none	none	none	none	none	none	none	none	none	none	none	none	none	none	none	none	none	none	none	none	none	none	none	none	none	none	MSS	none
P-0060670	none	none	none	none	Male	none	none	none	none	none	Not Hispanic	none	none	none	none	none	none	none	none	none	none	none	none	none	WHITE	none	none	none	0	17.984	none	none	none	none	none	none	none	P-0060670-T02-IM7	GIST	Gastrointestinal Stromal Tumor	Gastrointestinal Stromal Tumor	none	none	none	none	none	none	none	Primary	2.51	none	Matched	none	MSKCC	P-0060670	none	none	none	0	none	none	none	0	none	none	none	0	none	none	none	0	none	none	none	0	none	none	none	0	none	none	none	0	none	none	none	0	none	none	none	0	none	none	none	0	none	none	none	0	none	none	none	0	none	none	none	0	none	none	none	0	none	none	none	0	none	none	none	0	none	none	none	0	none	none	none	0	none	none	none	0	none	none	none	0	none	none	none	0	none	none	none	0	none	none	none	none	none	none	none	none	none	none	none	none	none	none	none	none	none	none	none	none	none	none	none	none	none	none	none	none	none	none	none	none	none	none	none	none	none	none	none	none	none	none	MSI	none
P-0061177	none	none	none	none	Male	none	none	none	none	none	Not Hispanic	none	none	none	none	none	none	none	none	none	none	none	none	none	BLACK OR AFRICAN AMERICAN	none	none	none	0	18.082	none	none	none	none	none	none	none	P-0061177-T01-IM7	GIST	Gastrointestinal Stromal Tumor	Gastrointestinal Stromal Tumor	none	none	none	none	none	none	none	Primary	0.19	none	Matched	none	MSKCC	P-0061177	none	none	none	0	none	none	none	0	none	none	none	0	none	none	none	0	none	none	none	0	none	none	none	0	none	none	none	0	none	none	none	0	none	none	none	0	none	none	none	0	none	none	none	0	none	none	none	0	none	none	none	0	none	none	none	0	none	none	none	0	none	none	none	0	none	none	none	0	none	none	none	0	none	none	none	0	none	none	none	0	none	none	none	0	none	none	none	0	none	none	none	none	none	none	none	none	none	none	none	none	none	none	none	none	none	none	none	none	none	none	none	none	none	none	none	none	none	none	none	none	none	none	none	none	none	none	none	none	none	none	MSS	none
P-0061392	none	none	none	none	Female	none	none	none	none	none	Not Hispanic	none	none	none	none	none	none	none	none	none	none	none	none	none	BLACK OR AFRICAN AMERICAN	none	none	none	0	18.904	none	none	none	none	none	none	none	P-0061392-T01-IM7	GIST	Gastrointestinal Stromal Tumor	Gastrointestinal Stromal Tumor	none	none	none	none	none	none	none	Primary	0.08	none	Matched	none	MSKCC	P-0061392	none	none	none	0	none	none	none	0	none	none	none	0	none	none	none	0	none	none	none	0	none	none	none	0	none	none	none	0	none	none	none	0	none	none	none	0	none	none	none	0	none	none	none	0	none	none	none	0	none	none	none	0	none	none	none	0	none	none	none	0	none	none	none	0	none	none	none	0	none	none	none	0	none	none	none	0	none	none	none	0	none	none	none	0	none	none	none	0	none	none	none	none	none	none	none	none	none	none	none	none	none	none	none	none	none	none	none	none	none	none	none	none	none	none	none	none	none	none	none	none	none	none	none	none	none	none	none	none	none	none	MSS	none
P-0061964	none	none	none	none	Male	none	none	none	none	none	Not Hispanic	none	none	none	none	none	none	none	none	none	none	none	none	none	WHITE	none	none	none	0	15.715	none	none	none	none	none	none	none	P-0061964-T01-IM7	GIST	Gastrointestinal Stromal Tumor	Gastrointestinal Stromal Tumor	none	none	none	none	none	none	none	Primary	0.1	none	Matched	none	MSKCC	P-0061964	none	none	none	0	none	none	none	0	none	none	none	0	none	none	none	0	none	none	none	0	none	none	none	0	none	none	none	0	none	none	none	0	none	none	none	0	none	none	none	0	none	none	none	0	none	none	none	0	none	none	none	0	none	none	none	0	none	none	none	0	none	none	none	0	none	none	none	0	none	none	none	0	none	none	none	0	none	none	none	0	none	none	none	0	none	none	none	0	none	none	none	none	none	none	none	none	none	none	none	none	none	none	none	none	none	none	none	none	none	none	none	none	none	none	none	none	none	none	none	none	none	none	none	none	none	none	none	none	none	none	MSS	none
P-0061982	none	none	none	none	Female	none	none	none	none	none	none	none	none	none	none	none	none	none	none	none	none	none	none	none	WHITE	none	none	none	0	19.562	none	none	none	none	none	none	none	P-0061982-T01-IM7	GIST	Gastrointestinal Stromal Tumor	Gastrointestinal Stromal Tumor	none	none	none	none	none	none	none	Primary	0.11	none	Matched	none	MSKCC	P-0061982	none	none	none	0	none	none	none	0	none	none	none	0	none	none	none	0	none	none	none	0	none	none	none	0	none	none	none	0	none	none	none	0	none	none	none	0	none	none	none	0	none	none	none	0	none	none	none	0	none	none	none	0	none	none	none	0	none	none	none	0	none	none	none	0	none	none	none	0	none	none	none	0	none	none	none	0	none	none	none	0	none	none	none	0	none	none	none	0	none	none	none	none	none	none	none	none	none	none	none	none	none	none	none	none	none	none	none	none	none	none	none	none	none	none	none	none	none	none	none	none	none	none	none	none	none	none	none	none	none	none	MSS	none
P-0062194	none	none	none	none	Male	none	none	none	none	none	Not Hispanic	none	none	none	none	none	none	none	none	none	none	none	none	none	ASIAN-FAR EAST/INDIAN SUBCONT	none	none	none	0	20.778	none	none	none	none	none	none	none	P-0062194-T01-IM7	GIST	Gastrointestinal Stromal Tumor	Gastrointestinal Stromal Tumor	none	none	none	none	none	none	none	Primary	1.29	none	Matched	none	MSKCC	P-0062194	none	none	none	0	none	none	none	0	none	none	none	0	none	none	none	0	none	none	none	0	none	none	none	0	none	none	none	0	none	none	none	0	none	none	none	0	none	none	none	0	none	none	none	0	none	none	none	0	none	none	none	0	none	none	none	0	none	none	none	0	none	none	none	0	none	none	none	0	none	none	none	0	none	none	none	0	none	none	none	0	none	none	none	0	none	none	none	0	none	none	none	none	none	none	none	none	none	none	none	none	none	none	none	none	none	none	none	none	none	none	none	none	none	none	none	none	none	none	none	none	none	none	none	none	none	none	none	none	none	none	MSI	none
P-0062514	none	none	none	none	Male	none	none	none	none	none	Not Hispanic	none	none	none	none	none	none	none	none	none	none	none	none	none	WHITE	none	none	none	0	20.712	none	none	none	none	none	none	none	P-0062514-T01-IM7	GIST	Gastrointestinal Stromal Tumor	Gastrointestinal Stromal Tumor	none	none	none	none	none	none	none	Metastasis	0.08	none	Matched	none	MSKCC	P-0062514	none	none	none	0	none	none	none	0	none	none	none	0	none	none	none	0	none	none	none	0	none	none	none	0	none	none	none	0	none	none	none	0	none	none	none	0	none	none	none	0	none	none	none	0	none	none	none	0	none	none	none	0	none	none	none	0	none	none	none	0	none	none	none	0	none	none	none	0	none	none	none	0	none	none	none	0	none	none	none	0	none	none	none	0	none	none	none	0	none	none	none	none	none	none	none	none	none	none	none	none	none	none	none	none	none	none	none	none	none	none	none	none	none	none	none	none	none	none	none	none	none	none	none	none	none	none	none	none	none	none	MSS	none
P-0062533	none	none	none	none	Male	none	none	none	none	none	none	none	none	none	none	none	none	none	none	none	none	none	none	none	ASIAN-FAR EAST/INDIAN SUBCONT	none	none	none	0	19.529	none	none	none	none	none	none	none	P-0062533-T01-IM7	GIST	Gastrointestinal Stromal Tumor	Gastrointestinal Stromal Tumor	none	none	none	none	none	none	none	Primary	0.17	none	Matched	none	MSKCC	P-0062533	none	none	none	0	none	none	none	0	none	none	none	0	none	none	none	0	none	none	none	0	none	none	none	0	none	none	none	0	none	none	none	0	none	none	none	0	none	none	none	0	none	none	none	0	none	none	none	0	none	none	none	0	none	none	none	0	none	none	none	0	none	none	none	0	none	none	none	0	none	none	none	0	none	none	none	0	none	none	none	0	none	none	none	0	none	none	none	0	none	none	none	none	none	none	none	none	none	none	none	none	none	none	none	none	none	none	none	none	none	none	none	none	none	none	none	none	none	none	none	none	none	none	none	none	none	none	none	none	none	none	MSS	none
P-0062837	none	none	none	none	Male	none	none	none	none	none	Not Hispanic	none	none	none	none	none	none	none	none	none	none	none	none	none	WHITE	none	none	none	0	20.548	none	none	none	none	none	none	none	P-0062837-T01-IM7	GIST	Gastrointestinal Stromal Tumor	Gastrointestinal Stromal Tumor	none	none	none	none	none	none	none	Primary	1.62	none	Matched	none	MSKCC	P-0062837	none	none	none	0	none	none	none	0	none	none	none	0	none	none	none	0	none	none	none	0	none	none	none	0	none	none	none	0	none	none	none	0	none	none	none	0	none	none	none	0	none	none	none	0	none	none	none	0	none	none	none	0	none	none	none	0	none	none	none	0	none	none	none	0	none	none	none	0	none	none	none	0	none	none	none	0	none	none	none	0	none	none	none	0	none	none	none	0	none	none	none	none	none	none	none	none	none	none	none	none	none	none	none	none	none	none	none	none	none	none	none	none	none	none	none	none	none	none	none	none	none	none	none	none	none	none	none	none	none	none	MSI	none
P-0062962	none	none	none	none	Male	none	none	none	none	none	Not Hispanic	none	none	none	none	none	none	none	none	none	none	none	none	none	WHITE	none	none	none	0	20.416	none	none	none	none	none	none	none	P-0062962-T01-IM7	GIST	Gastrointestinal Stromal Tumor	Gastrointestinal Stromal Tumor	none	none	none	none	none	none	none	Primary	0.76	none	Matched	none	Mount Sinai St. Lukes	P-0062962	none	none	none	0	none	none	none	0	none	none	none	0	none	none	none	0	none	none	none	0	none	none	none	0	none	none	none	0	none	none	none	0	none	none	none	0	none	none	none	0	none	none	none	0	none	none	none	0	none	none	none	0	none	none	none	0	none	none	none	0	none	none	none	0	none	none	none	0	none	none	none	0	none	none	none	0	none	none	none	0	none	none	none	0	none	none	none	0	none	none	none	none	none	none	none	none	none	none	none	none	none	none	none	none	none	none	none	none	none	none	none	none	none	none	none	none	none	none	none	none	none	none	none	none	none	none	none	none	none	none	MSI	none
P-0063404	none	none	none	none	Male	none	none	none	none	none	Not Hispanic	none	none	none	none	none	none	none	none	none	none	none	none	none	BLACK OR AFRICAN AMERICAN	none	none	none	0	19.562	none	none	none	none	none	none	none	P-0063404-T01-IM7	GIST	Gastrointestinal Stromal Tumor	Gastrointestinal Stromal Tumor	none	none	none	none	none	none	none	Unknown	2.64	none	Matched	none	MSKCC	P-0063404	none	none	none	0	none	none	none	0	none	none	none	0	none	none	none	0	none	none	none	0	none	none	none	0	none	none	none	0	none	none	none	0	none	none	none	0	none	none	none	0	none	none	none	0	none	none	none	0	none	none	none	0	none	none	none	0	none	none	none	0	none	none	none	0	none	none	none	0	none	none	none	0	none	none	none	0	none	none	none	0	none	none	none	0	none	none	none	0	none	none	none	none	none	none	none	none	none	none	none	none	none	none	none	none	none	none	none	none	none	none	none	none	none	none	none	none	none	none	none	none	none	none	none	none	none	none	none	none	none	none	MSI	none
P-0063461	none	none	none	none	Male	none	none	none	none	none	Not Hispanic	none	none	none	none	none	none	none	none	none	none	none	none	none	BLACK OR AFRICAN AMERICAN	none	none	none	1	0.427	none	none	none	none	none	none	none	P-0063461-T01-IM7	GIST	Gastrointestinal Stromal Tumor	Gastrointestinal Stromal Tumor	none	none	none	none	none	none	none	Unknown	1.27	none	Matched	none	MSKCC	P-0063461	none	none	none	0	none	none	none	0	none	none	none	0	none	none	none	0	none	none	none	0	none	none	none	0	none	none	none	0	none	none	none	0	none	none	none	0	none	none	none	0	none	none	none	0	none	none	none	0	none	none	none	0	none	none	none	0	none	none	none	0	none	none	none	1	Frame_Shift_Del	p.D1462Vfs*18	none	0	none	none	none	0	none	none	none	0	none	none	none	0	none	none	none	0	none	none	none	0	none	none	none	none	none	none	none	none	none	none	none	none	none	none	none	none	none	none	none	none	none	none	none	none	none	none	none	none	none	none	none	none	none	none	none	none	none	none	none	none	none	none	MSI	none
P-0063511	none	none	none	none	Male	none	none	none	none	none	Not Hispanic	none	none	none	none	none	none	none	none	none	none	none	none	none	WHITE	none	none	none	0	18.674	none	none	none	none	none	none	none	P-0063511-T01-IM7	GIST	Gastrointestinal Stromal Tumor	Gastrointestinal Stromal Tumor	none	none	none	none	none	none	none	Primary	0.78	none	Matched	none	MSKCC	P-0063511	none	none	none	0	none	none	none	0	none	none	none	0	none	none	none	0	none	none	none	0	none	none	none	0	none	none	none	0	none	none	none	0	none	none	none	0	none	none	none	0	none	none	none	0	none	none	none	0	none	none	none	0	none	none	none	0	none	none	none	0	none	none	none	0	none	none	none	0	none	none	none	0	none	none	none	0	none	none	none	0	none	none	none	0	none	none	none	0	none	none	none	none	none	none	none	none	none	none	none	none	none	none	none	none	none	none	none	none	none	none	none	none	none	none	none	none	none	none	none	none	none	none	none	none	none	none	none	none	none	none	MSI	none
P-0063559	none	none	none	none	Female	none	none	none	none	none	Not Hispanic	none	none	none	none	none	none	none	none	none	none	none	none	none	WHITE	none	none	none	0	19.068	none	none	none	none	none	none	none	P-0063559-T01-IM7	GIST	Gastrointestinal Stromal Tumor	Gastrointestinal Stromal Tumor	none	none	none	none	none	none	none	Primary	1.8	none	Matched	none	MSKCC	P-0063559	none	none	none	0	none	none	none	0	none	none	none	0	none	none	none	0	none	none	none	0	none	none	none	0	none	none	none	0	none	none	none	0	none	none	none	0	none	none	none	0	none	none	none	0	none	none	none	0	none	none	none	0	none	none	none	0	none	none	none	0	none	none	none	0	none	none	none	0	none	none	none	0	none	none	none	0	none	none	none	0	none	none	none	0	none	none	none	0	none	none	none	none	none	none	none	none	none	none	none	none	none	none	none	none	none	none	none	none	none	none	none	none	none	none	none	none	none	none	none	none	none	none	none	none	none	none	none	none	none	none	MSI	none
P-0063562	none	none	none	none	Male	none	none	none	none	none	Not Hispanic	none	none	none	none	none	none	none	none	none	none	none	none	none	ASIAN-FAR EAST/INDIAN SUBCONT	none	none	none	0	19.825	none	none	none	none	none	none	none	P-0063562-T01-IM7	GIST	Gastrointestinal Stromal Tumor	Gastrointestinal Stromal Tumor	none	none	none	none	none	none	none	Local Recurrence	3.07	none	Matched	none	MSKCC	P-0063562	none	none	none	0	none	none	none	0	none	none	none	0	none	none	none	0	none	none	none	0	none	none	none	0	none	none	none	0	none	none	none	0	none	none	none	0	none	none	none	0	none	none	none	0	none	none	none	0	none	none	none	0	none	none	none	0	none	none	none	0	none	none	none	0	none	none	none	0	none	none	none	0	none	none	none	0	none	none	none	0	none	none	none	0	none	none	none	0	none	none	none	none	none	none	none	none	none	none	none	none	none	none	none	none	none	none	none	none	none	none	none	none	none	none	none	none	none	none	none	none	none	none	none	none	none	none	none	none	none	none	MSI	none
P-0063670	none	none	none	none	Male	none	none	none	none	none	Not Hispanic	none	none	none	none	none	none	none	none	none	none	none	none	none	WHITE	none	none	none	0	16.701	none	none	none	none	none	none	none	P-0063670-T01-IM7	GIST	Gastrointestinal Stromal Tumor	Gastrointestinal Stromal Tumor	none	none	none	none	none	none	none	Primary	0.75	none	Matched	none	MSKCC	P-0063670	none	none	none	0	none	none	none	0	none	none	none	0	none	none	none	0	none	none	none	0	none	none	none	0	none	none	none	0	none	none	none	0	none	none	none	0	none	none	none	0	none	none	none	0	none	none	none	0	none	none	none	0	none	none	none	0	none	none	none	0	none	none	none	0	none	none	none	0	none	none	none	0	none	none	none	0	none	none	none	0	none	none	none	0	none	none	none	0	none	none	none	none	none	none	none	none	none	none	none	none	none	none	none	none	none	none	none	none	none	none	none	none	none	none	none	none	none	none	none	none	none	none	none	none	none	none	none	none	none	none	MSI	none
P-0064040	none	none	none	none	Male	none	none	none	none	none	Not Hispanic	none	none	none	none	none	none	none	none	none	none	none	none	none	ASIAN-FAR EAST/INDIAN SUBCONT	none	none	none	0	12.526	none	none	none	none	none	none	none	P-0064040-T01-IM7	GIST	Gastrointestinal Stromal Tumor	Gastrointestinal Stromal Tumor	none	none	none	none	none	none	none	Primary	0.86	none	Matched	none	Mount Sinai St. Lukes	P-0064040	none	none	none	0	none	none	none	0	none	none	none	0	none	none	none	0	none	none	none	0	none	none	none	0	none	none	none	0	none	none	none	0	none	none	none	0	none	none	none	0	none	none	none	0	none	none	none	0	none	none	none	0	none	none	none	0	none	none	none	0	none	none	none	0	none	none	none	0	none	none	none	0	none	none	none	0	none	none	none	0	none	none	none	0	none	none	none	0	none	none	none	none	none	none	none	none	none	none	none	none	none	none	none	none	none	none	none	none	none	none	none	none	none	none	none	none	none	none	none	none	none	none	none	none	none	none	none	none	none	none	MSI	none
P-0064072	none	none	none	none	Female	none	none	none	none	none	Not Hispanic	none	none	none	none	none	none	none	none	none	none	none	none	none	WHITE	none	none	none	0	19.167	none	none	none	none	none	none	none	P-0064072-T01-IM7	GIST	Gastrointestinal Stromal Tumor	Gastrointestinal Stromal Tumor	none	none	none	none	none	none	none	Metastasis	2.23	none	Matched	none	MSKCC	P-0064072	none	none	none	0	none	none	none	0	none	none	none	0	none	none	none	0	none	none	none	0	none	none	none	0	none	none	none	0	none	none	none	0	none	none	none	0	none	none	none	0	none	none	none	0	none	none	none	0	none	none	none	0	none	none	none	0	none	none	none	0	none	none	none	0	none	none	none	0	none	none	none	0	none	none	none	0	none	none	none	0	none	none	none	0	none	none	none	0	none	none	none	none	none	none	none	none	none	none	none	none	none	none	none	none	none	none	none	none	none	none	none	none	none	none	none	none	none	none	none	none	none	none	none	none	none	none	none	none	none	none	MSI	none
P-0064129	none	none	none	none	Male	none	none	none	none	none	Hispanic	none	none	none	none	none	none	none	none	none	none	none	none	none	WHITE	none	none	none	0	17.688	none	none	none	none	none	none	none	P-0064129-T01-IM7	GIST	Gastrointestinal Stromal Tumor	Gastrointestinal Stromal Tumor	none	none	none	none	none	none	none	Primary	1.25	none	Matched	none	MSKCC	P-0064129	none	none	none	0	none	none	none	0	none	none	none	0	none	none	none	0	none	none	none	0	none	none	none	0	none	none	none	0	none	none	none	0	none	none	none	0	none	none	none	0	none	none	none	0	none	none	none	0	none	none	none	0	none	none	none	0	none	none	none	0	none	none	none	0	none	none	none	0	none	none	none	0	none	none	none	0	none	none	none	0	none	none	none	0	none	none	none	0	none	none	none	none	none	none	none	none	none	none	none	none	none	none	none	none	none	none	none	none	none	none	none	none	none	none	none	none	none	none	none	none	none	none	none	none	none	none	none	none	none	none	MSI	none
P-0064216	none	none	none	none	Female	none	none	none	none	none	Not Hispanic	none	none	none	none	none	none	none	none	none	none	none	none	none	WHITE	none	none	none	0	10.29	none	none	none	none	none	none	none	P-0064216-T01-IM7	GIST	Gastrointestinal Stromal Tumor	Gastrointestinal Stromal Tumor	none	none	none	none	none	none	none	Primary	0	none	Matched	none	MSKCC	P-0064216	none	none	none	0	none	none	none	0	none	none	none	0	none	none	none	0	none	none	none	0	none	none	none	0	none	none	none	0	none	none	none	0	none	none	none	0	none	none	none	0	none	none	none	0	none	none	none	0	none	none	none	0	none	none	none	0	none	none	none	0	none	none	none	0	none	none	none	0	none	none	none	0	none	none	none	0	none	none	none	0	none	none	none	0	none	none	none	0	none	none	none	none	none	none	none	none	none	none	none	none	none	none	none	none	none	none	none	none	none	none	none	none	none	none	none	none	none	none	none	none	none	none	none	none	none	none	none	none	none	none	MSS	none
P-0064526	none	none	none	none	Female	none	none	none	none	none	Not Hispanic	none	none	none	none	none	none	none	none	none	none	none	none	none	WHITE	none	none	none	0	18.411	none	none	none	none	none	none	none	P-0064526-T01-IM7	GIST	Gastrointestinal Stromal Tumor	Gastrointestinal Stromal Tumor	none	none	none	none	none	none	none	Primary	0.69	none	Matched	none	MSKCC	P-0064526	none	none	none	0	none	none	none	0	none	none	none	0	none	none	none	0	none	none	none	0	none	none	none	0	none	none	none	0	none	none	none	0	none	none	none	0	none	none	none	0	none	none	none	0	none	none	none	0	none	none	none	0	none	none	none	0	none	none	none	0	none	none	none	0	none	none	none	0	none	none	none	0	none	none	none	0	none	none	none	0	none	none	none	0	none	none	none	0	none	none	none	none	none	none	none	none	none	none	none	none	none	none	none	none	none	none	none	none	none	none	none	none	none	none	none	none	none	none	none	none	none	none	none	none	none	none	none	none	none	none	MSI	none
P-0064686	none	none	none	none	Male	none	none	none	none	none	Not Hispanic	none	none	none	none	none	none	none	none	none	none	none	none	none	WHITE	none	none	none	0	18.838	none	none	none	none	none	none	none	P-0064686-T01-IM7	GIST	Gastrointestinal Stromal Tumor	Gastrointestinal Stromal Tumor	none	none	none	none	none	none	none	Primary	2.65	none	Matched	none	MSKCC	P-0064686	none	none	none	0	none	none	none	0	none	none	none	0	none	none	none	0	none	none	none	0	none	none	none	0	none	none	none	0	none	none	none	0	none	none	none	0	none	none	none	0	none	none	none	0	none	none	none	0	none	none	none	0	none	none	none	0	none	none	none	0	none	none	none	0	none	none	none	0	none	none	none	0	none	none	none	0	none	none	none	0	none	none	none	0	none	none	none	0	none	none	none	none	none	none	none	none	none	none	none	none	none	none	none	none	none	none	none	none	none	none	none	none	none	none	none	none	none	none	none	none	none	none	none	none	none	none	none	none	none	none	MSI	none
P-0064725	none	none	none	none	Male	none	none	none	none	none	Not Hispanic	none	none	none	none	none	none	none	none	none	none	none	none	none	WHITE	none	none	none	0	13.447	none	none	none	none	none	none	none	P-0064725-T01-IM7	GIST	Gastrointestinal Stromal Tumor	Gastrointestinal Stromal Tumor	none	none	none	none	none	none	none	Metastasis	2.45	none	Matched	none	MSKCC	P-0064725	none	none	none	0	none	none	none	0	none	none	none	0	none	none	none	0	none	none	none	0	none	none	none	0	none	none	none	0	none	none	none	0	none	none	none	0	none	none	none	0	none	none	none	0	none	none	none	0	none	none	none	0	none	none	none	0	none	none	none	0	none	none	none	0	none	none	none	0	none	none	none	0	none	none	none	0	none	none	none	0	none	none	none	0	none	none	none	0	none	none	none	none	none	none	none	none	none	none	none	none	none	none	none	none	none	none	none	none	none	none	none	none	none	none	none	none	none	none	none	none	none	none	none	none	none	none	none	none	none	none	MSI	none
P-0064900	none	none	none	none	Male	none	none	none	none	none	Not Hispanic	none	none	none	none	none	none	none	none	none	none	none	none	none	WHITE	none	none	none	0	14.729	none	none	none	none	none	none	none	P-0064900-T01-IM7	GIST	Gastrointestinal Stromal Tumor	Gastrointestinal Stromal Tumor	none	none	none	none	none	none	none	Metastasis	0.92	none	Matched	none	MSKCC	P-0064900	none	none	none	0	none	none	none	0	none	none	none	0	none	none	none	0	none	none	none	0	none	none	none	0	none	none	none	0	none	none	none	0	none	none	none	0	none	none	none	0	none	none	none	0	none	none	none	0	none	none	none	0	none	none	none	0	none	none	none	0	none	none	none	1	Splice_Site| Frame_Shift_Del	p.X1136_splice| p.S1587Afs*25	none	0	none	none	none	0	none	none	none	0	none	none	none	0	none	none	none	0	none	none	none	0	none	none	none	none	none	none	none	none	none	none	none	none	none	none	none	none	none	none	none	none	none	none	none	none	none	none	none	none	none	none	none	none	none	none	none	none	none	none	none	none	none	none	MSI	none
P-0064949	none	none	none	none	Female	none	none	none	none	none	Not Hispanic	none	none	none	none	none	none	none	none	none	none	none	none	none	ASIAN-FAR EAST/INDIAN SUBCONT	none	none	none	0	18.641	none	none	none	none	none	none	none	P-0064949-T01-IM7	GIST	Gastrointestinal Stromal Tumor	Gastrointestinal Stromal Tumor	none	none	none	none	none	none	none	Primary	0.23	none	Matched	none	MSKCC	P-0064949	none	none	none	0	none	none	none	0	none	none	none	0	none	none	none	0	none	none	none	0	none	none	none	0	none	none	none	0	none	none	none	0	none	none	none	0	none	none	none	0	none	none	none	0	none	none	none	0	none	none	none	0	none	none	none	0	none	none	none	0	none	none	none	0	none	none	none	0	none	none	none	0	none	none	none	0	none	none	none	0	none	none	none	0	none	none	none	0	none	none	none	none	none	none	none	none	none	none	none	none	none	none	none	none	none	none	none	none	none	none	none	none	none	none	none	none	none	none	none	none	none	none	none	none	none	none	none	none	none	none	MSS	none
P-0065173	none	none	none	none	Male	none	none	none	none	none	Not Hispanic	none	none	none	none	none	none	none	none	none	none	none	none	none	WHITE	none	none	none	0	17.753	none	none	none	none	none	none	none	P-0065173-T01-IM7	GIST	Gastrointestinal Stromal Tumor	Gastrointestinal Stromal Tumor	none	none	none	none	none	none	none	Primary	0	none	Matched	none	MSKCC	P-0065173	none	none	none	0	none	none	none	0	none	none	none	0	none	none	none	0	none	none	none	0	none	none	none	0	none	none	none	0	none	none	none	0	none	none	none	0	none	none	none	0	none	none	none	0	none	none	none	0	none	none	none	0	none	none	none	0	none	none	none	0	none	none	none	0	none	none	none	0	none	none	none	0	none	none	none	0	none	none	none	0	none	none	none	0	none	none	none	0	none	none	none	none	none	none	none	none	none	none	none	none	none	none	none	none	none	none	none	none	none	none	none	none	none	none	none	none	none	none	none	none	none	none	none	none	none	none	none	none	none	none	MSS	none
P-0065408	none	none	none	none	Male	none	none	none	none	none	Not Hispanic	none	none	none	none	none	none	none	none	none	none	none	none	none	WHITE	none	none	none	0	11.507	none	none	none	none	none	none	none	P-0065408-T01-IM7	GIST	Gastrointestinal Stromal Tumor	Gastrointestinal Stromal Tumor	none	none	none	none	none	none	none	Primary	7.92	none	Matched	none	MSKCC	P-0065408	none	none	none	0	none	none	none	0	none	none	none	0	none	none	none	0	none	none	none	0	none	none	none	0	none	none	none	0	none	none	none	0	none	none	none	0	none	none	none	0	none	none	none	0	none	none	none	0	none	none	none	0	none	none	none	0	none	none	none	0	none	none	none	0	none	none	none	0	none	none	none	0	none	none	none	0	none	none	none	0	none	none	none	0	none	none	none	0	none	none	none	none	none	none	none	none	none	none	none	none	none	none	none	none	none	none	none	none	none	none	none	none	none	none	none	none	none	none	none	none	none	none	none	none	none	none	none	none	none	none	MSI	none
P-0065847	none	none	none	none	Male	none	none	none	none	none	Not Hispanic	none	none	none	none	none	none	none	none	none	none	none	none	none	WHITE	none	none	none	0	10.751	none	none	none	none	none	none	none	P-0065847-T01-IM7	GIST	Gastrointestinal Stromal Tumor	Gastrointestinal Stromal Tumor	none	none	none	none	none	none	none	Primary	0.28	none	Matched	none	MSKCC	P-0065847	none	none	none	0	none	none	none	0	none	none	none	0	none	none	none	0	none	none	none	0	none	none	none	0	none	none	none	0	none	none	none	0	none	none	none	0	none	none	none	0	none	none	none	0	none	none	none	0	none	none	none	0	none	none	none	0	none	none	none	0	none	none	none	0	none	none	none	0	none	none	none	0	none	none	none	0	none	none	none	0	none	none	none	0	none	none	none	0	none	none	none	none	none	none	none	none	none	none	none	none	none	none	none	none	none	none	none	none	none	none	none	none	none	none	none	none	none	none	none	none	none	none	none	none	none	none	none	none	none	none	MSS	none
P-0065937	none	none	none	none	Female	none	none	none	none	none	Not Hispanic	none	none	none	none	none	none	none	none	none	none	none	none	none	BLACK OR AFRICAN AMERICAN	none	none	none	0	15.255	none	none	none	none	none	none	none	P-0065937-T01-IM7	GIST	Gastrointestinal Stromal Tumor	Gastrointestinal Stromal Tumor	none	none	none	none	none	none	none	Primary	0.88	none	Matched	none	MSKCC	P-0065937	none	none	none	0	none	none	none	0	none	none	none	0	none	none	none	0	none	none	none	0	none	none	none	0	none	none	none	0	none	none	none	0	none	none	none	0	none	none	none	0	none	none	none	0	none	none	none	0	none	none	none	0	none	none	none	0	none	none	none	0	none	none	none	0	none	none	none	0	none	none	none	0	none	none	none	0	none	none	none	0	none	none	none	0	none	none	none	0	none	none	none	none	none	none	none	none	none	none	none	none	none	none	none	none	none	none	none	none	none	none	none	none	none	none	none	none	none	none	none	none	none	none	none	none	none	none	none	none	none	none	MSI	none
P-0066071	none	none	none	none	Male	none	none	none	none	none	Not Hispanic	none	none	none	none	none	none	none	none	none	none	none	none	none	WHITE	none	none	none	0	17.688	none	none	none	none	none	none	none	P-0066071-T01-IM7	GIST	Gastrointestinal Stromal Tumor	Gastrointestinal Stromal Tumor	none	none	none	none	none	none	none	Primary	0.39	none	Matched	none	MSKCC	P-0066071	none	none	none	0	none	none	none	0	none	none	none	0	none	none	none	0	none	none	none	0	none	none	none	0	none	none	none	0	none	none	none	0	none	none	none	0	none	none	none	0	none	none	none	0	none	none	none	0	none	none	none	0	none	none	none	0	none	none	none	0	none	none	none	0	none	none	none	0	none	none	none	0	none	none	none	0	none	none	none	0	none	none	none	0	none	none	none	0	none	none	none	none	none	none	none	none	none	none	none	none	none	none	none	none	none	none	none	none	none	none	none	none	none	none	none	none	none	none	none	none	none	none	none	none	none	none	none	none	none	none	MSS	none
P-0066404	none	none	none	none	Male	none	none	none	none	none	Not Hispanic	none	none	none	none	none	none	none	none	none	none	none	none	none	WHITE	none	none	none	0	11.507	none	none	none	none	none	none	none	P-0066404-T01-IM7	GIST	Gastrointestinal Stromal Tumor	Gastrointestinal Stromal Tumor	none	none	none	none	none	none	none	Primary	0.36	none	Matched	none	MSKCC	P-0066404	none	none	none	0	none	none	none	0	none	none	none	0	none	none	none	0	none	none	none	0	none	none	none	0	none	none	none	0	none	none	none	0	none	none	none	0	none	none	none	0	none	none	none	0	none	none	none	0	none	none	none	0	none	none	none	0	none	none	none	0	none	none	none	0	none	none	none	0	none	none	none	0	none	none	none	0	none	none	none	0	none	none	none	0	none	none	none	0	none	none	none	none	none	none	none	none	none	none	none	none	none	none	none	none	none	none	none	none	none	none	none	none	none	none	none	none	none	none	none	none	none	none	none	none	none	none	none	none	none	none	MSS	none
P-0066452	none	none	none	none	Female	none	none	none	none	none	Hispanic	none	none	none	none	none	none	none	none	none	none	none	none	none	WHITE	none	none	none	0	14.762	none	none	none	none	none	none	none	P-0066452-T01-IM7	GIST	Gastrointestinal Stromal Tumor	Gastrointestinal Stromal Tumor	none	none	none	none	none	none	none	Primary	0.17	none	Matched	none	MSKCC	P-0066452	none	none	none	0	none	none	none	0	none	none	none	0	none	none	none	0	none	none	none	0	none	none	none	0	none	none	none	0	none	none	none	0	none	none	none	0	none	none	none	0	none	none	none	0	none	none	none	0	none	none	none	0	none	none	none	0	none	none	none	0	none	none	none	0	none	none	none	0	none	none	none	0	none	none	none	0	none	none	none	0	none	none	none	0	none	none	none	0	none	none	none	none	none	none	none	none	none	none	none	none	none	none	none	none	none	none	none	none	none	none	none	none	none	none	none	none	none	none	none	none	none	none	none	none	none	none	none	none	none	none	MSS	none
P-0066467	none	none	none	none	Male	none	none	none	none	none	Not Hispanic	none	none	none	none	none	none	none	none	none	none	none	none	none	WHITE	none	none	none	0	11.901	none	none	none	none	none	none	none	P-0066467-T01-IM7	GIST	Gastrointestinal Stromal Tumor	Gastrointestinal Stromal Tumor	none	none	none	none	none	none	none	Primary	0.79	none	Matched	none	MSKCC	P-0066467	none	none	none	0	none	none	none	0	none	none	none	0	none	none	none	0	none	none	none	0	none	none	none	0	none	none	none	0	none	none	none	0	none	none	none	0	none	none	none	0	none	none	none	0	none	none	none	0	none	none	none	0	none	none	none	0	none	none	none	0	none	none	none	0	none	none	none	0	none	none	none	0	none	none	none	0	none	none	none	0	none	none	none	0	none	none	none	0	none	none	none	none	none	none	none	none	none	none	none	none	none	none	none	none	none	none	none	none	none	none	none	none	none	none	none	none	none	none	none	none	none	none	none	none	none	none	none	none	none	none	MSI	none
P-0066506	none	none	none	none	Female	none	none	none	none	none	Not Hispanic	none	none	none	none	none	none	none	none	none	none	none	none	none	WHITE	none	none	none	0	14.104	none	none	none	none	none	none	none	P-0066506-T01-IM7	GIST	Gastrointestinal Stromal Tumor	Gastrointestinal Stromal Tumor	none	none	none	none	none	none	none	Primary	3.2	none	Matched	none	MSKCC	P-0066506	none	none	none	0	none	none	none	0	none	none	none	0	none	none	none	0	none	none	none	0	none	none	none	0	none	none	none	0	none	none	none	0	none	none	none	0	none	none	none	0	none	none	none	0	none	none	none	0	none	none	none	0	none	none	none	0	none	none	none	0	none	none	none	0	none	none	none	0	none	none	none	0	none	none	none	0	none	none	none	0	none	none	none	0	none	none	none	0	none	none	none	none	none	none	none	none	none	none	none	none	none	none	none	none	none	none	none	none	none	none	none	none	none	none	none	none	none	none	none	none	none	none	none	none	none	none	none	none	none	none	MSI	none
P-0066631	none	none	none	none	Female	none	none	none	none	none	Not Hispanic	none	none	none	none	none	none	none	none	none	none	none	none	none	WHITE	none	none	none	0	none	none	none	none	none	none	none	none	P-0066631-T01-IM7	GIST	Gastrointestinal Stromal Tumor	Gastrointestinal Stromal Tumor	none	none	none	none	none	none	none	Primary	0.85	none	Matched	none	MSKCC	P-0066631	none	none	none	0	none	none	none	0	none	none	none	0	none	none	none	0	none	none	none	0	none	none	none	0	none	none	none	0	none	none	none	0	none	none	none	0	none	none	none	0	none	none	none	0	none	none	none	0	none	none	none	0	none	none	none	0	none	none	none	0	none	none	none	0	none	none	none	0	none	none	none	0	none	none	none	0	none	none	none	0	none	none	none	0	none	none	none	0	none	none	none	none	none	none	none	none	none	none	none	none	none	none	none	none	none	none	none	none	none	none	none	none	none	none	none	none	none	none	none	none	none	none	none	none	none	none	none	none	none	none	MSI	none
P-0066645	none	none	none	none	Female	none	none	none	none	none	Not Hispanic	none	none	none	none	none	none	none	none	none	none	none	none	none	WHITE	none	none	none	0	none	none	none	none	none	none	none	none	P-0066645-T01-IM7	GIST	Gastrointestinal Stromal Tumor	Gastrointestinal Stromal Tumor	none	none	none	none	none	none	none	Primary	none	none	Matched	none	MSKCC	P-0066645	none	none	none	0	none	none	none	0	none	none	none	0	none	none	none	0	none	none	none	0	none	none	none	0	none	none	none	0	none	none	none	0	none	none	none	0	none	none	none	0	none	none	none	0	none	none	none	0	none	none	none	0	none	none	none	0	none	none	none	0	none	none	none	0	none	none	none	0	none	none	none	0	none	none	none	0	none	none	none	0	none	none	none	0	none	none	none	0	none	none	none	none	none	none	none	none	none	none	none	none	none	none	none	none	none	none	none	none	none	none	none	none	none	none	none	none	none	none	none	none	none	none	none	none	none	none	none	none	none	none	none	none
P-0066908	none	none	none	none	Female	none	none	none	none	none	none	none	none	none	none	none	none	none	none	none	none	none	none	none	WHITE	none	none	none	0	5.326	none	none	none	none	none	none	none	P-0066908-T01-IM7	GIST	Gastrointestinal Stromal Tumor	Gastrointestinal Stromal Tumor	none	none	none	none	none	none	none	Primary	none	none	Matched	none	MSKCC	P-0066908	none	none	none	0	none	none	none	0	none	none	none	0	none	none	none	0	none	none	none	0	none	none	none	0	none	none	none	0	none	none	none	0	none	none	none	0	none	none	none	0	none	none	none	0	none	none	none	0	none	none	none	0	none	none	none	0	none	none	none	0	none	none	none	0	none	none	none	0	none	none	none	0	none	none	none	0	none	none	none	0	none	none	none	0	none	none	none	0	none	none	none	none	none	none	none	none	none	none	none	none	none	none	none	none	none	none	none	none	none	none	none	none	none	none	none	none	none	none	none	none	none	none	none	none	none	none	none	none	none	none	none	none
P-0067211	none	none	none	none	Female	none	none	none	none	none	none	none	none	none	none	none	none	none	none	none	none	none	none	none	OTHER	none	none	none	0	15.386	none	none	none	none	none	none	none	P-0067211-T01-IM7	GIST	Gastrointestinal Stromal Tumor	Gastrointestinal Stromal Tumor	none	none	none	none	none	none	none	Primary	0.22	none	Matched	none	MSKCC	P-0067211	none	none	none	0	none	none	none	0	none	none	none	0	none	none	none	0	none	none	none	0	none	none	none	0	none	none	none	0	none	none	none	0	none	none	none	0	none	none	none	0	none	none	none	0	none	none	none	0	none	none	none	0	none	none	none	0	none	none	none	0	none	none	none	0	none	none	none	0	none	none	none	0	none	none	none	0	none	none	none	0	none	none	none	0	none	none	none	0	none	none	none	none	none	none	none	none	none	none	none	none	none	none	none	none	none	none	none	none	none	none	none	none	none	none	none	none	none	none	none	none	none	none	none	none	none	none	none	none	none	none	MSS	none
P-0067881	none	none	none	none	Male	none	none	none	none	none	Not Hispanic	none	none	none	none	none	none	none	none	none	none	none	none	none	WHITE	none	none	none	0	15.879	none	none	none	none	none	none	none	P-0067881-T01-IM7	GIST	Gastrointestinal Stromal Tumor	Gastrointestinal Stromal Tumor	none	none	none	none	none	none	none	Primary	1.58	none	Matched	none	MSKCC	P-0067881	none	none	none	0	none	none	none	0	none	none	none	0	none	none	none	0	none	none	none	0	none	none	none	0	none	none	none	0	none	none	none	0	none	none	none	0	none	none	none	0	none	none	none	0	none	none	none	0	none	none	none	0	none	none	none	0	none	none	none	0	none	none	none	0	none	none	none	0	none	none	none	0	none	none	none	0	none	none	none	0	none	none	none	0	none	none	none	0	none	none	none	none	none	none	none	none	none	none	none	none	none	none	none	none	none	none	none	none	none	none	none	none	none	none	none	none	none	none	none	none	none	none	none	none	none	none	none	none	none	none	MSI	none
P-0068042	none	none	none	none	Male	none	none	none	none	none	Not Hispanic	none	none	none	none	none	none	none	none	none	none	none	none	none	WHITE	none	none	none	0	13.578	none	none	none	none	none	none	none	P-0068042-T01-IM7	GIST	Gastrointestinal Stromal Tumor	Gastrointestinal Stromal Tumor	none	none	none	none	none	none	none	Primary	0.78	none	Matched	none	MSKCC	P-0068042	none	none	none	0	none	none	none	0	none	none	none	0	none	none	none	0	none	none	none	0	none	none	none	0	none	none	none	0	none	none	none	0	none	none	none	0	none	none	none	0	none	none	none	0	none	none	none	0	none	none	none	0	none	none	none	0	none	none	none	0	none	none	none	0	none	none	none	0	none	none	none	0	none	none	none	0	none	none	none	0	none	none	none	0	none	none	none	0	none	none	none	none	none	none	none	none	none	none	none	none	none	none	none	none	none	none	none	none	none	none	none	none	none	none	none	none	none	none	none	none	none	none	none	none	none	none	none	none	none	none	MSI	none
P-0068099	none	none	none	none	Female	none	none	none	none	none	Not Hispanic	none	none	none	none	none	none	none	none	none	none	none	none	none	BLACK OR AFRICAN AMERICAN	none	none	none	0	11.868	none	none	none	none	none	none	none	P-0068099-T01-IM7	GIST	Gastrointestinal Stromal Tumor	Gastrointestinal Stromal Tumor	none	none	none	none	none	none	none	Primary	0.09	none	Matched	none	MSKCC	P-0068099	none	none	none	0	none	none	none	0	none	none	none	0	none	none	none	0	none	none	none	0	none	none	none	0	none	none	none	0	none	none	none	0	none	none	none	0	none	none	none	0	none	none	none	0	none	none	none	0	none	none	none	0	none	none	none	0	none	none	none	0	none	none	none	0	none	none	none	0	none	none	none	0	none	none	none	0	none	none	none	0	none	none	none	0	none	none	none	0	none	none	none	none	none	none	none	none	none	none	none	none	none	none	none	none	none	none	none	none	none	none	none	none	none	none	none	none	none	none	none	none	none	none	none	none	none	none	none	none	none	none	MSS	none



